# Blender 4.3.2
# www.blender.org
o model
v -0.574313 0.065712 0.084755
v -0.325116 0.048254 0.100673
v -0.670509 0.019520 0.127095
v -0.327359 0.028885 0.099879
v -0.341907 0.027485 0.105740
v -0.344313 0.051651 0.106678
v -0.337481 0.066460 0.097314
v -0.388660 0.015672 0.097745
v -0.340310 0.014670 0.092336
v -0.333983 0.014476 0.079815
v -0.327641 0.031030 0.081299
v -0.672268 0.060121 0.122898
v -0.373271 0.006694 0.078285
v -0.326044 0.051771 0.086151
v -0.381833 0.064437 0.097695
v -0.335781 0.064819 0.085097
v -0.451353 0.009114 0.090295
v -0.404211 0.028688 0.103798
v -0.354312 0.028648 0.082905
v -0.344533 0.018400 0.068638
v -0.362108 0.012232 0.068954
v -0.396295 0.064629 0.084573
v -0.499472 0.067853 0.091709
v -0.530368 0.009111 0.071796
v -0.469583 0.018156 0.098042
v -0.468322 0.064729 0.095752
v -0.672416 0.037920 0.209797
v -0.556334 0.017116 0.068322
v -0.540516 0.016270 0.096425
v -0.544017 0.027987 0.082775
v -0.449901 0.046811 0.082828
v -0.533766 0.006787 0.081755
v -0.571214 0.067404 0.093105
v -0.667995 0.108880 0.112392
v -0.585576 0.046877 0.095059
v -0.585331 0.045359 0.082470
v -0.580799 0.017445 0.093642
v -0.587033 0.015472 0.075274
v -0.590267 0.028446 0.080264
v -0.595579 0.022174 0.087630
v -0.101251 0.031119 0.101290
v -0.081456 0.063189 0.083542
v 0.147015 0.015271 0.066401
v 0.156839 0.052781 0.103245
v 0.166580 0.058758 0.093325
v 0.204887 0.026941 0.095469
v 0.184979 0.012193 0.092929
v 0.171906 0.011170 0.097466
v 0.203051 0.012455 0.083508
v 0.152258 0.062549 0.082798
v 0.204020 0.029700 0.084140
v 0.199511 0.018990 0.069859
v 0.188894 0.010011 0.070127
v 0.179321 0.003718 0.085992
v 0.184136 0.037482 0.090474
v 0.176561 0.004789 0.072692
v 0.188116 0.035195 0.083461
v 0.145125 0.022897 0.102353
v -0.671212 0.158542 0.107661
v 0.146729 0.064375 0.099891
v -0.554667 0.018078 0.125295
v 0.108886 0.000000 0.083988
v 0.082240 0.028122 0.083415
v -0.015517 0.047256 0.082039
v 0.008226 0.010442 0.067461
v 0.066908 0.012185 0.099119
v 0.065110 0.064405 0.096099
v 0.070095 0.066870 0.090276
v -0.002875 0.000787 0.078134
v -0.025794 0.014820 0.099214
v -0.021002 0.064126 0.095399
v 0.005836 0.067095 0.091668
v 0.005273 0.067095 0.091668
v 0.005161 0.067095 0.091668
v -0.067204 0.067983 0.089846
v 0.050301 0.019210 0.067696
v -0.018926 0.000420 0.085613
v 0.006512 0.066982 0.092232
v -0.099240 0.013007 0.100164
v -0.039693 0.020990 0.069116
v -0.097138 0.003956 0.089298
v -0.105635 0.014419 0.066751
v -0.082655 0.061683 0.094516
v -0.106715 0.028945 0.082927
v -0.092960 0.004679 0.077391
v -0.090540 0.055183 0.096867
v -0.087335 0.055236 0.083554
v -0.102787 0.024164 0.067382
v -0.101929 0.056081 0.083087
v -0.101617 0.056067 0.094054
v -0.101341 0.038185 0.094787
v -0.110149 0.040689 0.086746
v -0.106174 0.017599 0.093671
v -0.578963 0.453996 0.058159
v -0.612152 0.278380 -0.050263
v -0.303817 0.454718 0.057395
v -0.280316 0.450084 0.043382
v -0.278914 0.447885 0.054002
v -0.328334 0.461582 0.061741
v -0.315531 0.456517 0.048390
v -0.402150 0.461596 0.064103
v -0.607964 0.182618 -0.105537
v -0.503078 0.048042 -0.156791
v -0.092823 0.439121 0.048476
v -0.092423 0.431332 0.048236
v -0.053442 0.432151 0.040301
v -0.612073 0.088753 -0.143689
v 0.000468 0.431677 0.040380
v 0.002118 0.421201 0.041949
v -0.609773 0.055805 -0.168866
v 0.071064 0.423881 0.037556
v 0.118244 0.415391 0.032755
v -0.014655 0.130134 -0.134337
v -0.663439 0.015912 0.133553
v 0.253873 0.337001 -0.026731
v -0.026777 0.019132 -0.182469
v 0.531901 0.381065 0.012970
v 0.521231 0.392034 0.015606
v 0.053840 0.014527 -0.180479
v 0.124373 0.057563 -0.136266
v 0.611465 0.146120 -0.118147
v 0.517553 0.027192 -0.167564
v 0.610748 0.070466 -0.156734
v 0.602308 0.061773 -0.168896
v 0.244434 0.064453 -0.115422
v 0.574931 0.002892 -0.164295
v 0.581165 0.006112 -0.150527
v 0.580751 0.074840 -0.104788
v 0.602314 0.079070 -0.110093
v 0.579382 0.087511 -0.105362
v 0.595983 0.065285 -0.113138
v 0.597270 0.090281 -0.112144
v 0.452791 0.077669 -0.103934
v 0.500131 0.090267 -0.108113
v 0.523307 0.090056 -0.117724
v 0.601805 0.076962 -0.124264
v 0.600546 0.057680 -0.126972
v 0.400822 0.003986 -0.155069
v 0.446343 0.010052 -0.146503
v 0.585379 0.039070 -0.133700
v 0.425050 0.003257 -0.164608
v -0.671829 0.109082 0.286404
v 0.568292 0.089703 -0.121593
v 0.444411 0.091337 -0.120029
v 0.567407 0.014172 -0.180557
v 0.433514 0.088905 -0.107736
v 0.378984 0.082332 -0.106378
v 0.399703 0.086578 -0.119138
v 0.543358 0.076602 -0.128554
v 0.259370 0.008009 -0.148604
v 0.272075 0.075124 -0.106963
v 0.592130 0.046370 -0.144544
v 0.445923 0.014333 -0.180821
v 0.357032 0.086505 -0.118850
v 0.269991 0.003006 -0.163487
v 0.446069 0.078579 -0.126225
v 0.589117 0.060302 -0.136793
v 0.324011 0.072888 -0.106008
v 0.314306 0.082177 -0.111748
v 0.571583 0.022184 -0.178661
v 0.256540 0.071753 -0.110282
v 0.311305 0.081653 -0.118893
v 0.593969 0.020624 -0.148482
v 0.593618 0.014657 -0.164946
v 0.272814 0.078141 -0.119432
v 0.583948 0.028803 -0.169020
v 0.419377 0.021351 -0.178987
v 0.119321 0.003314 -0.163917
v 0.241412 0.072959 -0.116685
v 0.351046 0.062326 -0.134987
v -0.670408 0.047820 0.292844
v 0.475192 0.028095 -0.170996
v 0.123963 0.013551 -0.145460
v 0.543539 0.044661 -0.147386
v 0.448748 0.045438 -0.146434
v 0.108089 0.005652 -0.153654
v 0.241264 0.065724 -0.131461
v 0.288732 0.020109 -0.179977
v 0.178685 0.056667 -0.124020
v 0.192928 0.064018 -0.118033
v 0.180362 0.066143 -0.128505
v 0.187269 0.063941 -0.117018
v 0.187044 0.064054 -0.118144
v 0.187382 0.063941 -0.117018
v 0.394243 0.026858 -0.171232
v 0.188282 0.064279 -0.118032
v 0.579505 0.040801 -0.177731
v 0.570835 0.029508 -0.165639
v 0.128344 0.050053 -0.130162
v 0.461577 0.040840 -0.177390
v 0.607688 0.062304 -0.151269
v 0.609617 0.106698 -0.138846
v 0.007316 0.003326 -0.159517
v 0.312987 0.026945 -0.171661
v 0.603881 0.133468 -0.131879
v 0.364009 0.041091 -0.177363
v 0.357439 0.027902 -0.171752
v 0.357327 0.027902 -0.171752
v 0.358115 0.028691 -0.171977
v 0.356313 0.028803 -0.172090
v 0.610030 0.275295 -0.052498
v 0.606062 0.214226 -0.088530
v 0.178302 0.057021 -0.137800
v 0.612386 0.211146 -0.079961
v 0.175598 0.013944 -0.180384
v 0.318189 0.042536 -0.148134
v 0.467764 0.028537 -0.166106
v 0.606448 0.104913 -0.127727
v 0.258773 0.026632 -0.171813
v 0.168601 0.020629 -0.179457
v 0.091252 0.019686 -0.180468
v 0.597072 0.315683 -0.029046
v 0.559209 0.362179 -0.010237
v 0.603696 0.256719 -0.067456
v 0.068019 0.016136 -0.181105
v 0.515539 0.382269 0.019014
v 0.137674 0.027503 -0.171809
v 0.080279 0.016528 -0.181100
v 0.078702 0.016528 -0.181100
v 0.076788 0.016528 -0.181100
v 0.061133 0.016528 -0.181100
v 0.604278 0.300069 -0.044202
v 0.568440 0.350869 -0.005063
v 0.574931 0.326317 -0.032440
v 0.080504 0.016528 -0.181100
v 0.078928 0.016528 -0.181100
v 0.077013 0.016528 -0.181100
v 0.074986 0.016528 -0.181100
v 0.061359 0.016528 -0.181100
v 0.060458 0.016528 -0.181100
v 0.059669 0.015739 -0.180874
v 0.044916 0.016528 -0.181100
v 0.043565 0.016528 -0.181100
v 0.041650 0.016528 -0.181100
v 0.023744 0.042703 -0.133342
v 0.124249 0.049233 -0.142478
v 0.610233 0.158932 -0.099913
v 0.609251 0.262031 -0.046606
v 0.583270 0.326017 -0.023154
v 0.485177 0.390098 0.018138
v 0.049990 0.020236 -0.180330
v 0.045704 0.015739 -0.180874
v 0.043790 0.016528 -0.181100
v 0.041875 0.016528 -0.181100
v -0.672131 0.308609 0.091915
v 0.378262 0.028702 -0.166441
v -0.671832 0.199294 0.275793
v 0.513091 0.391924 0.006371
v 0.237913 0.040472 -0.177156
v 0.607825 0.214328 -0.070818
v 0.601080 0.305604 -0.025230
v 0.282514 0.081799 -0.160119
v 0.178052 0.041049 -0.148934
v 0.218847 0.029148 -0.165669
v 0.481032 0.370704 0.018464
v 0.002638 0.013573 -0.180441
v 0.573682 0.323993 -0.014333
v 0.483368 0.396385 0.007320
v 0.023114 0.049642 -0.134150
v 0.047414 0.028204 -0.172150
v 0.006766 0.039957 -0.135983
v 0.322030 0.030166 -0.166554
v -0.005167 0.014322 -0.146608
v 0.441120 0.386757 0.020042
v 0.542338 0.360796 -0.016187
v 0.544162 0.362651 0.009107
v 0.060378 0.040708 -0.177094
v 0.090893 0.041954 -0.149061
v 0.341527 0.385039 0.021121
v -0.040643 0.029926 -0.173621
v 0.399628 0.367603 0.015656
v -0.008027 0.038828 -0.139584
v 0.099756 0.030690 -0.162849
v 0.007205 0.049325 -0.142611
v 0.419025 0.312734 -0.020261
v 0.407816 0.398238 0.007413
v 0.236827 0.044543 -0.159568
v 0.060949 0.039878 -0.176951
v -0.007513 0.039809 -0.150096
v 0.139002 0.190241 -0.101515
v 0.382836 0.361355 0.006339
v 0.176971 0.362081 -0.015874
v -0.010353 0.014836 -0.156507
v 0.000656 0.039953 -0.177045
v -0.001371 0.039953 -0.177045
v -0.003286 0.039953 -0.177045
v -0.134832 0.024282 -0.182667
v -0.008065 0.013896 -0.171384
v 0.000769 0.039953 -0.177045
v -0.001259 0.039953 -0.177045
v -0.003173 0.039953 -0.177045
v -0.005088 0.039953 -0.177045
v -0.147567 0.032397 -0.176904
v -0.111627 0.039484 -0.177928
v -0.009750 0.028225 -0.163363
v -0.236154 0.020873 -0.183500
v -0.520545 0.015189 0.128516
v 0.243958 0.385904 0.020675
v 0.268472 0.398362 0.007496
v 0.093909 0.031392 -0.165633
v 0.215762 0.398989 0.007541
v 0.215537 0.398989 0.007541
v 0.217226 0.398989 0.007541
v 0.217789 0.398425 0.008216
v -0.016809 0.080501 -0.160977
v -0.229594 0.038534 -0.178746
v -0.354594 0.019746 -0.183279
v -0.087205 0.012327 -0.171493
v 0.223809 0.398011 0.006710
v -0.130535 0.014440 -0.180879
v 0.179411 0.400350 0.008311
v 0.143924 0.402747 0.022464
v 0.145910 0.406008 0.012767
v 0.173442 0.391182 0.017650
v -0.296187 0.033009 -0.179190
v -0.263440 0.039615 -0.179298
v -0.261638 0.039615 -0.179298
v -0.034230 0.035266 -0.163848
v -0.308348 0.040946 -0.177989
v -0.261300 0.039615 -0.179298
v -0.264679 0.038939 -0.179410
v -0.498841 0.039610 -0.179323
v 0.217564 0.385925 0.020943
v 0.212071 0.385934 0.020971
v -0.508825 0.016888 -0.183000
v -0.389742 0.013066 -0.180090
v 0.203674 0.384777 0.020188
v 0.219479 0.386375 0.020605
v 0.218915 0.385925 0.020943
v 0.217451 0.385925 0.020943
v 0.209793 0.386037 0.020943
v 0.207766 0.386037 0.020943
v 0.206640 0.386037 0.020943
v 0.117516 0.411813 0.016082
v 0.209568 0.386037 0.020943
v 0.207653 0.386037 0.020943
v 0.206527 0.386037 0.020943
v 0.145792 0.389121 0.021881
v 0.119519 0.401484 0.029781
v -0.594657 0.013242 -0.178702
v 0.094222 0.424348 0.032291
v 0.093138 0.419677 0.022615
v 0.084044 0.416311 0.033363
v -0.193249 0.011796 -0.173891
v 0.076055 0.411412 0.039861
v -0.666270 0.034602 0.226911
v -0.592429 0.030027 -0.184039
v -0.437181 0.008241 -0.169390
v -0.424641 0.034415 0.224406
v -0.417733 0.036955 -0.178330
v -0.291684 0.284872 -0.034705
v -0.483514 0.009023 -0.172449
v -0.385254 0.011146 -0.171679
v -0.670954 0.222575 0.099381
v 0.079044 0.404876 0.032617
v -0.584825 0.012088 -0.171841
v -0.290787 0.014219 -0.169635
v -0.608806 0.136908 -0.130523
v -0.439062 0.023013 -0.167050
v -0.053149 0.417932 0.040561
v 0.001329 0.424295 0.026247
v -0.326415 0.080614 -0.160785
v -0.329316 0.039317 -0.161645
v 0.000591 0.431850 0.032341
v -0.671338 0.276270 0.268417
v -0.054370 0.431008 0.048438
v -0.178526 0.361376 -0.016489
v -0.606220 0.049554 -0.156927
v -0.602916 0.081901 -0.160237
v -0.262015 0.390303 0.023454
v -0.144439 0.328418 -0.030871
v -0.606164 0.095883 -0.130974
v -0.611903 0.160752 -0.106951
v -0.092505 0.431986 0.032760
v -0.186030 0.441013 0.047873
v -0.203258 0.438437 0.051403
v -0.156773 0.400841 0.008205
v -0.196543 0.438856 0.051575
v -0.194085 0.432130 0.048459
v -0.202982 0.447439 0.052054
v -0.186260 0.440281 0.038071
v -0.093963 0.439810 0.038527
v -0.197219 0.438631 0.052251
v -0.198233 0.438631 0.052251
v -0.198345 0.438631 0.052251
v -0.199359 0.438631 0.052251
v -0.605899 0.232943 -0.079651
v -0.606431 0.147274 -0.105562
v -0.220383 0.447114 0.040759
v -0.611337 0.227212 -0.076241
v -0.606484 0.206913 -0.073637
v -0.614504 0.305456 -0.029706
v -0.311516 0.447637 0.057272
v -0.609672 0.309413 -0.040368
v -0.608529 0.369850 -0.011702
v -0.614818 0.320492 -0.026358
v -0.614930 0.319703 -0.025345
v -0.614930 0.319478 -0.025345
v -0.614818 0.318690 -0.026246
v -0.608482 0.304318 -0.024023
v -0.415980 0.461986 0.053523
v -0.616385 0.369844 -0.002140
v -0.607782 0.261360 -0.045563
v -0.459220 0.288581 -0.032729
v -0.538900 0.463625 0.056437
v -0.594272 0.120982 0.284977
v -0.627969 0.397850 0.014454
v -0.537956 0.457255 0.063197
v -0.611323 0.347100 -0.002421
v -0.540642 0.456061 0.049112
v -0.619359 0.376369 0.014120
v -0.609815 0.454502 0.049223
v -0.622607 0.403086 0.010463
v -0.626368 0.443766 0.039995
v -0.626501 0.397016 0.027341
v -0.626569 0.442179 0.053666
v -0.608623 0.446086 0.056502
v -0.631562 0.416189 0.018425
v -0.642494 0.411811 0.036229
v -0.642491 0.435550 0.049153
v -0.645437 0.433876 0.032040
v -0.634495 0.399665 0.027765
v -0.638280 0.424265 0.025432
v -0.406140 0.015809 0.124658
v -0.641495 0.404241 0.027508
v -0.649921 0.430164 0.047689
v -0.650015 0.413746 0.035941
v -0.363101 0.062670 -0.255097
v -0.610838 0.084275 -0.257049
v -0.610589 0.307000 -0.144867
v 0.132879 0.092068 -0.240226
v -0.610725 0.438352 -0.075119
v -0.612306 0.481251 -0.053935
v -0.612532 0.529800 -0.026129
v 0.235218 0.382619 -0.091018
v 0.235407 0.274786 -0.166454
v 0.608374 0.146320 -0.230251
v 0.607561 0.102422 -0.253660
v 0.605734 0.363053 -0.119789
v 0.608158 0.386598 -0.101611
v 0.606799 0.432446 -0.079773
v 0.595439 0.553803 -0.020668
v 0.576489 0.589898 0.009567
v 0.574382 0.585958 -0.004805
v 0.562369 0.584967 0.017300
v 0.476539 0.591024 0.005924
v -0.671830 0.372188 0.258769
v 0.598709 0.551981 -0.007548
v 0.579732 0.575507 0.015806
v 0.431815 0.587590 0.014329
v 0.611786 0.469252 -0.058867
v 0.605281 0.490613 -0.055135
v 0.384394 0.581556 0.016451
v 0.311074 0.587538 0.012674
v 0.610528 0.519884 -0.027775
v 0.593889 0.544245 -0.005844
v -0.644753 0.046861 0.292696
v 0.608572 0.486908 -0.037993
v 0.496181 0.574591 0.015689
v 0.222623 0.571973 0.013913
v 0.196761 0.582080 0.015623
v 0.437099 0.586243 -0.004602
v 0.312905 0.589907 0.006533
v 0.608884 0.302032 -0.149168
v 0.611640 0.324211 -0.127969
v 0.605946 0.450945 -0.056109
v 0.607789 0.240414 -0.182784
v 0.611439 0.260703 -0.158794
v 0.033634 0.574327 0.014812
v 0.247291 0.585182 -0.005494
v 0.610418 0.243661 -0.178050
v 0.607648 0.382448 -0.093308
v 0.180974 0.588892 0.002881
v 0.126911 0.587034 0.009698
v 0.608375 0.185903 -0.209645
v 0.601724 0.392070 -0.085368
v 0.261749 0.556599 0.001187
v 0.582413 0.022736 -0.293030
v 0.598718 0.045662 -0.284365
v 0.613938 0.049852 -0.267406
v 0.471466 0.024273 -0.293281
v 0.584413 0.015799 -0.285084
v 0.613128 0.136248 -0.224066
v 0.599475 0.423946 -0.088468
v 0.606967 0.038006 -0.266519
v 0.611452 0.195465 -0.188973
v 0.604123 0.234676 -0.166928
v 0.607076 0.314187 -0.126153
v 0.610630 0.151757 -0.209700
v 0.087911 0.557734 0.001369
v 0.035251 0.588636 0.003468
v 0.610970 0.078647 -0.245710
v 0.602483 0.313372 -0.146196
v 0.306164 0.023517 -0.293256
v -0.074161 0.573282 0.012760
v 0.029691 0.580293 0.014103
v 0.022576 0.139647 -0.234804
v -0.453272 0.046879 0.293060
v 0.400298 0.016918 -0.288600
v 0.402974 0.039969 -0.287944
v 0.581949 0.020672 -0.276745
v 0.308965 0.281670 -0.143461
v 0.075970 0.487832 -0.036944
v 0.083486 0.585905 -0.004742
v -0.188140 0.574723 0.013186
v -0.085433 0.587094 0.001786
v -0.195883 0.557943 0.001052
v -0.296245 0.583496 0.013356
v 0.397860 0.017549 -0.281626
v 0.269467 0.094812 -0.258282
v -0.401948 0.587088 0.011516
v -0.540169 0.586602 0.012530
v -0.345428 0.588079 0.003937
v -0.346780 0.588079 0.003937
v -0.234951 0.587094 0.004963
v -0.609460 0.576391 0.004240
v -0.591785 0.588003 0.010611
v -0.592547 0.587196 -0.003356
v -0.442091 0.587157 -0.003071
v -0.346892 0.588079 0.003937
v -0.344753 0.587967 0.004725
v -0.602286 0.572164 0.017699
v 0.121307 0.022885 -0.292985
v -0.004135 0.383259 -0.090790
v -0.275188 0.575001 0.014438
v -0.385894 0.575409 0.015733
v -0.296150 0.584912 -0.004881
v 0.355240 0.023124 -0.275163
v -0.163231 0.507410 -0.045687
v -0.025187 0.290003 -0.158521
v -0.543849 0.574654 0.015697
v -0.092824 0.584257 -0.005568
v -0.605280 0.568842 -0.012986
v 0.164600 0.040293 -0.287570
v 0.225397 0.018521 -0.279355
v -0.197711 0.382459 -0.091183
v -0.609647 0.507442 -0.026551
v -0.607025 0.519049 -0.038846
v 0.094457 0.019472 -0.278183
v -0.608634 0.545594 -0.004140
v -0.082363 0.040593 -0.287431
v -0.052671 0.024958 -0.293044
v -0.604047 0.462747 -0.068168
v -0.611250 0.480195 -0.042956
v 0.004765 0.016639 -0.288299
v -0.605387 0.396662 -0.102451
v -0.668121 0.290116 0.089802
v -0.392427 0.384355 -0.090057
v -0.610184 0.368325 -0.113753
v -0.671981 0.418719 0.077594
v -0.604961 0.410012 -0.075695
v -0.610676 0.414690 -0.076661
v -0.103150 0.017060 -0.282172
v -0.308787 0.277599 -0.164904
v -0.602516 0.331287 -0.136665
v -0.199526 0.021951 -0.292775
v -0.349560 0.287459 -0.140604
v -0.609706 0.347621 -0.110218
v -0.610372 0.281450 -0.145825
v -0.605764 0.270189 -0.168053
v -0.270628 0.018352 -0.279201
v -0.084363 0.022597 -0.275716
v -0.612431 0.223158 -0.179601
v -0.607001 0.269402 -0.148554
v -0.607778 0.211496 -0.197777
v -0.396170 0.022516 -0.293106
v -0.407787 0.016580 -0.288122
v -0.550438 0.187533 0.277552
v -0.611045 0.175525 -0.212239
v -0.609549 0.176519 -0.197037
v -0.607438 0.146712 -0.231258
v -0.419337 0.019641 -0.277810
v -0.611072 0.120551 -0.230903
v -0.303025 0.087121 -0.261916
v -0.394850 0.038591 -0.288644
v -0.584219 0.015712 -0.285964
v -0.606606 0.098330 -0.236534
v -0.605594 0.088707 -0.260916
v -0.600515 0.039130 -0.289230
v -0.577912 0.023201 -0.293300
v -0.573250 0.022063 -0.275288
v -0.608514 0.046025 -0.261433
v -0.609433 0.048085 -0.280206
v -0.589195 0.017938 -0.277767
v -0.609173 0.026640 -0.267486
v -0.547766 0.187097 0.228542
v -0.248256 0.014745 0.123913
v -0.547735 0.488846 0.198003
v -0.412662 0.338271 0.187115
v -0.412377 0.451560 0.173234
v -0.547628 0.811252 0.165813
v -0.540921 1.022863 0.000576
v 0.310889 0.014496 0.123486
v -0.437930 0.831723 0.163554
v -0.437489 0.927090 0.152967
v -0.548616 1.259936 0.168086
v 0.671109 0.653341 0.032164
v 0.421408 0.195370 0.271637
v 0.422759 0.195370 0.271637
v 0.414481 0.195347 0.270584
v -0.671655 1.528684 0.139433
v 0.602850 0.128089 0.284845
v -0.548520 1.392665 0.153498
v 0.534367 0.195370 0.271637
v 0.535606 0.195370 0.271637
v -0.411918 1.208901 0.099974
v 0.547724 0.247433 0.221921
v 0.547734 0.323866 0.213767
v 0.668528 0.298350 0.267308
v -0.437788 1.437411 0.102683
v 0.671949 0.661024 0.228040
v 0.671525 0.760146 0.218113
v -0.412659 1.357883 0.085147
v 0.671362 1.043679 0.190357
v 0.553064 0.342757 0.262551
v 0.548316 0.473573 0.244976
v -0.278244 1.813917 -0.093893
v -0.623455 1.795463 0.110064
v 0.412437 0.856475 0.135138
v 0.547720 0.565324 0.190270
v 0.671316 1.260116 0.168787
v -0.438513 1.558790 0.089864
v -0.501621 1.685787 0.073703
v -0.496115 1.685233 0.074212
v 0.668726 1.365663 0.157191
v 0.548083 0.740161 0.216697
v 0.548048 0.905299 0.200170
v 0.547777 0.791955 0.167369
v 0.547695 0.857430 0.160709
v 0.438010 1.088766 0.137235
v 0.547705 1.103269 0.135930
v 0.666940 1.817520 -0.096933
v 0.412285 1.349778 0.085974
v 0.547729 1.176352 0.128621
v 0.668384 1.844579 0.103617
v 0.412530 1.532284 0.068540
v 0.436668 1.557997 0.089634
v 0.380163 1.685368 0.073754
v 0.245590 1.695194 0.120446
v 0.400408 1.695060 0.120322
v 0.108794 1.685497 0.073416
v 0.285879 1.682504 0.077014
v -0.550528 0.267408 0.269608
v 0.613007 1.789564 0.110915
v 0.493382 1.685916 0.075856
v 0.521415 1.685233 0.074325
v 0.547678 1.685300 0.076459
v 0.124542 1.844769 0.104025
v 0.522316 1.685233 0.074325
v 0.524907 1.685233 0.074325
v 0.526146 1.685571 0.075113
v 0.068841 1.682300 0.077033
v 0.547750 1.633181 0.082999
v 0.312504 1.844672 0.103686
v -0.053106 1.685640 0.073469
v 0.079947 1.695217 0.120473
v 0.549111 1.695122 0.120571
v 0.547672 1.492567 0.097014
v 0.437685 1.511444 0.094831
v 0.535903 1.844787 0.103125
v 0.548354 1.614045 0.127132
v 0.205629 1.558958 0.089737
v -0.384384 0.014079 0.127594
v 0.547702 1.416916 0.104666
v 0.437982 1.417826 0.104540
v -0.163998 1.694987 0.120197
v 0.411866 1.433560 0.077359
v 0.547783 1.573115 0.088790
v 0.553238 1.644253 0.128151
v 0.548345 1.529809 0.135762
v 0.547630 1.338395 0.112410
v -0.666815 0.393471 0.077068
v -0.140606 1.844743 0.103544
v 0.189141 1.532306 0.068496
v -0.322998 1.844831 0.103886
v 0.548323 1.429244 0.146322
v 0.547730 1.261889 0.120373
v 0.437664 1.206456 0.125674
v 0.438313 1.304220 0.116152
v 0.667255 1.833852 0.021758
v 0.553325 1.544031 0.138742
v 0.672041 1.840632 0.100249
v 0.671972 1.827012 -0.001295
v -0.529441 1.818247 -0.089468
v 0.010879 1.532354 0.068464
v -0.011176 1.558787 0.089663
v 0.553628 1.442388 0.149548
v -0.282372 1.818210 -0.089842
v 0.119445 1.817755 -0.092820
v 0.671288 1.738931 0.116358
v 0.548163 1.276813 0.162405
v -0.146576 1.682494 0.077000
v 0.547055 1.816934 -0.098258
v 0.343899 1.817284 -0.094968
v 0.553202 1.319895 0.163023
v -0.253712 1.558995 0.089737
v -0.070543 1.817287 -0.093011
v 0.671818 1.556297 0.136555
v -0.206572 1.532462 0.068521
v -0.276173 1.685649 0.073269
v 0.548238 1.143872 0.176175
v 0.547709 1.020574 0.143944
v 0.412219 1.179898 0.102796
v 0.547692 0.940093 0.151913
v -0.366926 1.695686 0.120333
v -0.029338 1.810465 -0.095625
v 0.065269 1.813474 -0.096198
v 0.439581 1.812623 -0.100417
v 0.671320 1.812960 -0.101950
v 0.437982 0.952105 0.150440
v 0.230571 1.813260 -0.097236
v 0.567367 1.811623 -0.102200
v 0.671581 1.695061 -0.088720
v 0.671459 1.655561 0.125864
v 0.547742 0.720096 0.174383
v 0.346206 1.811066 -0.099029
v 0.412070 1.260979 0.094930
v 0.668476 1.756159 -0.097792
v 0.548329 1.053286 0.186680
v -0.177121 1.814533 -0.094626
v 0.670888 1.475523 0.144881
v -0.412045 1.531678 0.068059
v -0.459456 1.685719 0.073562
v -0.514097 1.844675 0.103964
v -0.665474 1.819141 -0.084585
v 0.553740 1.190692 0.176465
v 0.547679 0.633175 0.183299
v 0.437778 0.654615 0.181145
v -0.033466 1.259738 0.094790
v -0.426614 1.813846 -0.093425
v 0.553688 1.098425 0.186473
v 0.551901 0.896754 0.205950
v 0.548132 0.626806 0.228162
v -0.346406 0.032140 0.212690
v 0.411923 0.682333 0.152097
v -0.381202 1.682422 0.076967
v 0.552865 1.009908 0.194796
v 0.552182 0.786373 0.217090
v -0.495552 1.685458 0.074212
v -0.497241 1.685233 0.074100
v -0.499156 1.685120 0.074100
v -0.669149 1.844432 0.103975
v -0.667018 1.814519 -0.091027
v -0.542551 1.811151 -0.092411
v 0.437674 0.810531 0.165473
v 0.412176 1.013185 0.120020
v -0.103824 0.409277 0.068727
v -0.547672 1.680207 0.077947
v -0.547671 1.685874 0.075110
v -0.548398 1.695020 0.120113
v -0.667746 1.829131 -0.008402
v 0.412052 0.926224 0.127754
v 0.411620 1.097456 0.111049
v 0.672266 1.554098 -0.071144
v 0.672346 1.364767 0.152790
v -0.571080 1.726764 0.118340
v 0.553387 0.671330 0.228852
v 0.552530 0.554200 0.241188
v -0.411899 1.431339 0.077589
v 0.668320 1.190421 0.176537
v -0.667404 1.839376 0.065701
v 0.412285 0.774638 0.142723
v 0.553637 0.446199 0.252236
v 0.547692 0.477399 0.199040
v 0.218019 1.617911 -0.074998
v 0.411698 0.517302 0.167571
v -0.672043 1.812711 -0.086860
v 0.667922 1.574387 -0.076360
v 0.670858 1.115783 0.183785
v 0.667651 0.841167 0.211296
v 0.438210 0.523593 0.194462
v 0.411701 0.436882 0.174538
v 0.412153 0.603352 0.159470
v 0.671191 0.952826 0.199575
v 0.671135 1.443764 -0.060316
v -0.547647 1.570383 0.089037
v -0.364954 1.653444 -0.074367
v 0.437715 0.402649 0.206128
v -0.668048 1.726588 -0.080845
v 0.670089 0.604884 0.234662
v 0.671089 0.417697 0.253881
v 0.548170 0.334020 0.258037
v -0.672434 1.800318 0.107840
v -0.671931 1.829502 0.033634
v 0.547700 0.407896 0.205955
v -0.671389 1.745062 0.115984
v 0.671122 0.507673 0.244690
v 0.553340 0.249554 0.272514
v -0.412015 1.288481 0.092014
v -0.547651 1.498039 0.096813
v -0.672226 1.660248 -0.068571
v 0.671162 1.361430 -0.051293
v 0.671997 0.883429 0.204001
v 0.248167 0.682816 0.151232
v -0.126584 1.074716 0.113393
v -0.548449 1.559732 0.136078
v -0.550105 1.640452 0.128221
v 0.412179 0.339923 0.186274
v -0.667332 1.603222 -0.065752
v 0.547822 0.187086 0.227863
v -0.437661 1.337449 0.112629
v -0.491705 1.491915 -0.054901
v 0.672161 0.349071 0.258666
v 0.548388 0.195997 0.272695
v -0.671457 1.663467 0.124987
v 0.671561 1.186958 -0.031660
v -0.547807 1.418286 0.104718
v 0.672431 0.761164 0.025633
v 0.672214 0.247055 0.268319
v 0.670245 0.185456 0.277110
v 0.438751 0.316531 0.214375
v 0.671652 1.265933 -0.040236
v 0.670644 0.047184 0.292248
v 0.671397 0.111178 0.286616
v -0.671871 1.590880 0.132624
v -0.412224 1.132655 0.107373
v 0.671459 1.112520 -0.022077
v -0.547727 1.332817 0.113145
v -0.667578 1.488954 -0.052783
v 0.671627 1.050677 -0.014621
v 0.671987 0.982387 -0.006298
v 0.672286 0.037034 0.209818
v 0.536281 0.195257 0.270849
v 0.533241 0.195370 0.271637
v 0.532227 0.195257 0.270736
v 0.520858 0.195349 0.273146
v 0.284864 0.187431 0.227930
v -0.550255 1.486048 0.144404
v -0.672228 1.521709 -0.052294
v 0.214362 1.351108 -0.045090
v 0.672255 0.262498 0.082847
v 0.569645 0.047277 0.293140
v -0.378037 1.369611 -0.042459
v 0.668113 0.013924 0.118804
v 0.672162 0.019463 0.118654
v 0.667072 0.035366 0.228857
v -0.437837 1.242324 0.122233
v 0.197332 0.316676 0.214205
v 0.554893 0.186745 0.277952
v -0.547776 1.270588 0.119581
v 0.671467 0.829046 0.012353
v 0.671663 0.146143 0.095208
v 0.429928 0.194236 0.273952
v 0.234563 0.338993 0.186414
v -0.412006 1.042301 0.116683
v -0.438040 1.117010 0.134430
v 0.671442 0.886016 0.005225
v 0.424787 0.195370 0.270849
v 0.424111 0.195370 0.271637
v 0.422872 0.195370 0.271637
v 0.421295 0.195370 0.271637
v -0.670516 1.414090 -0.042908
v -0.547631 0.195156 0.273019
v 0.671063 0.741587 0.022517
v 0.671865 0.506182 0.050829
v -0.411894 0.965474 0.124264
v -0.547816 1.120843 0.134488
v 0.669014 0.932332 -0.001584
v 0.671758 0.442872 0.057319
v 0.671338 0.383456 0.064422
v -0.162956 0.435958 0.174646
v -0.437804 1.031046 0.142834
v -0.547862 1.198030 0.126578
v -0.550626 1.334379 0.161510
v -0.671573 1.321415 0.162432
v -0.671300 1.319934 -0.031745
v 0.671252 0.577989 0.042676
v -0.671841 1.427868 0.150180
v 0.600972 0.014080 0.118197
v 0.277830 0.194827 0.273291
v -0.412100 0.888426 0.131986
v 0.666950 0.233255 0.083689
v 0.666590 0.063517 0.107500
v 0.183140 1.190243 -0.027205
v 0.526040 0.014207 0.120286
v -0.667320 1.238703 -0.023495
v 0.667549 0.313321 0.073448
v -0.016576 0.338941 0.186574
v -0.550197 1.199220 0.175466
v 0.454699 1.091195 -0.015910
v 0.348162 0.943623 0.001069
v -0.412066 0.807950 0.139339
v -0.547760 1.024059 0.143873
v 0.209311 0.186251 0.278025
v 0.508361 0.928104 0.000829
v 0.397154 0.046744 0.291881
v -0.548576 1.022063 0.192939
v -0.671978 1.218105 -0.016798
v -0.667137 1.120105 -0.008945
v -0.385583 1.189669 -0.021415
v 0.242220 0.203302 0.091375
v -0.173050 0.684574 0.150969
v -0.671764 1.215155 0.173124
v -0.087299 0.316979 0.214046
v 0.433823 0.016812 0.117228
v -0.371007 1.002980 0.000527
v 0.335425 0.048003 0.293127
v -0.412295 0.703167 0.149423
v -0.547853 0.950913 0.150945
v 0.389644 0.013361 0.122020
v -0.064096 0.187326 0.228043
v -0.218923 0.338771 0.186475
v -0.548761 1.120732 0.183299
v -0.671944 0.465666 0.248940
v -0.111062 0.983669 0.001031
v -0.412582 0.609168 0.158680
v -0.547806 0.892173 0.157125
v -0.437823 0.735907 0.172832
v -0.671871 1.122088 0.182669
v -0.672085 1.126630 -0.005354
v 0.095345 0.194566 0.273475
v -0.436276 0.654845 0.180946
v 0.076454 0.969704 0.000776
v 0.461032 0.592363 0.042225
v -0.548535 0.933897 0.201259
v 0.044095 0.131597 0.104749
v -0.671572 1.024499 0.192916
v -0.412217 0.529574 0.165906
v -0.671238 1.033322 0.002210
v 0.309002 0.018345 0.118399
v 0.209577 0.016830 0.119891
v 0.206864 0.047288 0.293256
v -0.547696 0.863550 0.168026
v -0.547696 0.863663 0.168026
v -0.547696 0.864226 0.168026
v -0.547696 0.866028 0.169827
v -0.437635 0.585246 0.188350
v 0.229061 0.813580 0.019001
v -0.437706 0.316785 0.214270
v -0.547625 0.714970 0.175076
v -0.548885 0.862660 0.208757
v -0.667342 0.942451 0.011510
v -0.095412 0.194551 0.273510
v -0.412544 0.377157 0.181248
v -0.437659 0.513761 0.195576
v -0.671572 0.927304 0.202065
v -0.666185 0.875962 0.019240
v -0.252506 0.187452 0.228060
v -0.672094 0.981427 0.010520
v 0.125723 0.014478 0.124235
v 0.057778 0.046746 0.292910
v -0.548073 0.784485 0.216247
v -0.671489 0.838644 0.211174
v -0.547684 0.641199 0.182896
v -0.293090 0.194776 0.273384
v -0.437805 0.410566 0.205508
v -0.672212 0.882673 0.023004
v -0.549072 0.700916 0.225047
v -0.436647 0.351476 0.211316
v -0.524506 0.676406 0.041846
v -0.045785 0.647342 0.040035
v 0.013536 0.018174 0.120479
v -0.098513 0.046776 0.292891
v -0.672146 0.758233 0.037638
v -0.671788 0.762126 0.218344
v -0.119511 0.031933 0.210422
v -0.158432 0.186408 0.277987
v -0.547726 0.564167 0.191021
v -0.667199 0.793492 0.029905
v -0.667782 0.651177 0.046497
v -0.107268 0.014579 0.125566
v -0.386738 0.186093 0.278339
v -0.547798 0.412854 0.205449
v -0.547661 0.324506 0.214007
v -0.548472 0.606223 0.234185
v -0.469348 0.187556 0.228288
v -0.548482 0.501698 0.245439
v -0.671690 0.655800 0.229375
v -0.323111 0.046925 0.292916
v -0.672218 0.633763 0.052000
v -0.550542 0.559918 0.239864
v -0.667336 0.488926 0.065044
v -0.547678 0.253014 0.221692
v -0.548859 0.426310 0.252840
v -0.547753 0.433680 0.248581
v -0.671176 0.540924 0.061051
v -0.360952 0.463113 0.064158
v -0.168415 0.018081 0.121803
v -0.547696 0.433451 0.245058
v -0.547696 0.434915 0.246410
v -0.547696 0.434239 0.246410
v -0.547696 0.436604 0.244157
v -0.447823 0.195190 0.273306
v -0.465721 0.460361 0.065961
v -0.548714 0.342884 0.261353
v -0.671277 0.552626 0.240318
vn 0.3382 -0.0441 0.9400
vn 0.3792 -0.0817 0.9217
vn 0.3280 -0.0349 0.9440
vn 0.3343 -0.6610 0.6718
vn 0.3370 0.3872 0.8582
vn 0.0627 -0.7176 0.6936
vn 0.2973 -0.0075 0.9548
vn 0.9340 -0.3529 -0.0549
vn 0.0304 -0.8982 0.4385
vn 0.0377 -0.8957 0.4431
vn 0.0322 -0.9022 0.4302
vn 0.9897 -0.1109 -0.0901
vn 0.9950 -0.0868 -0.0493
vn 0.9941 -0.0916 -0.0574
vn 0.9972 -0.0713 -0.0234
vn 0.6099 -0.7252 0.3194
vn 0.8233 0.5662 0.0384
vn 0.8074 0.5858 0.0702
vn 0.8134 0.5788 0.0586
vn -0.0298 -0.4505 0.8923
vn -0.0365 -0.4570 0.8887
vn -0.0166 -0.4379 0.8989
vn -0.0174 0.5401 0.8414
vn 0.7941 0.6003 0.0947
vn 0.1890 -0.9757 0.1106
vn 0.0078 -0.9693 0.2458
vn -0.0319 -0.0419 0.9986
vn 0.1962 -0.9282 -0.3163
vn -0.0057 0.9999 0.0105
vn -0.0075 0.9941 -0.1081
vn -0.0019 0.9911 -0.1335
vn 0.6778 -0.1961 -0.7086
vn 0.3507 0.1876 -0.9175
vn -0.0203 0.0722 -0.9972
vn -0.0683 0.0952 -0.9931
vn -0.0158 0.0648 -0.9978
vn 0.2709 -0.7993 -0.5363
vn 0.0043 -0.9745 0.2242
vn -0.0076 0.9941 -0.1080
vn -0.0339 0.9981 0.0520
vn 0.0075 0.0752 -0.9971
vn 0.0011 0.0491 -0.9988
vn -0.0099 -0.4314 0.9021
vn 0.0031 0.9999 0.0112
vn -0.0149 -0.6678 0.7442
vn -0.0179 -0.6711 0.7412
vn -0.0032 -0.6544 0.7562
vn -0.0055 -0.9734 -0.2290
vn -0.0748 -0.9652 -0.2507
vn -0.0525 -0.9684 -0.2439
vn -0.1429 0.2528 0.9569
vn -0.0985 0.2271 0.9689
vn -0.0663 0.1688 0.9834
vn -0.0379 0.7991 -0.6000
vn -0.1067 0.7715 -0.6272
vn -0.0593 0.7907 -0.6094
vn 0.0048 0.9401 -0.3410
vn 0.0054 0.9381 -0.3464
vn -0.0087 0.9782 -0.2076
vn 0.0075 -0.8638 -0.5038
vn 0.0521 0.9435 0.3274
vn 0.0013 0.1099 -0.9939
vn -0.0663 0.1687 0.9834
vn -0.0984 0.2270 0.9689
vn -0.0483 0.0719 0.9962
vn 0.0018 -0.0563 -0.9984
vn -0.0409 -0.8476 0.5291
vn -0.0313 -0.8459 0.5324
vn -0.0500 -0.8491 0.5259
vn -0.0000 -0.6507 0.7594
vn 0.0098 0.7954 -0.6060
vn 0.0092 0.0052 -0.9999
vn -0.0076 -0.4186 -0.9081
vn -0.0572 0.0506 0.9971
vn 0.0252 0.7885 -0.6145
vn 0.0283 0.0952 -0.9951
vn -0.0099 0.9807 -0.1950
vn 0.0062 0.8139 0.5810
vn -0.0262 0.0340 0.9991
vn 0.0010 0.0654 0.9979
vn -0.7979 0.5754 0.1796
vn -0.1236 -0.9562 -0.2653
vn -0.8965 0.4374 -0.0702
vn -0.8734 0.4812 -0.0750
vn -0.8976 0.4353 -0.0700
vn -0.0090 0.0313 0.9995
vn -0.2259 0.3001 -0.9268
vn -0.1218 -0.7003 -0.7034
vn 0.0416 0.7811 -0.6230
vn -0.0609 -0.8508 0.5220
vn -0.0705 -0.0594 0.9957
vn -0.2705 -0.9432 0.1931
vn -0.1782 -0.9701 0.1647
vn -0.2527 -0.9492 0.1877
vn 0.0550 0.1134 -0.9920
vn -0.9180 0.3913 -0.0651
vn -0.8765 0.3044 -0.3728
vn -0.2707 -0.9431 0.1931
vn -0.2528 -0.9491 0.1877
vn -0.3788 -0.8977 0.2250
vn -0.4043 -0.1093 0.9080
vn -0.8179 0.0173 -0.5751
vn 0.5066 0.4221 0.7518
vn 0.4600 0.4849 0.7438
vn 0.5517 0.3541 0.7551
vn 0.3701 -0.6189 0.6928
vn 0.3751 0.0712 0.9242
vn 0.4115 0.0505 0.9100
vn 0.4392 0.0344 0.8977
vn 0.3751 0.0713 0.9243
vn 0.3190 0.1021 0.9422
vn 0.9856 -0.0495 -0.1615
vn 0.9946 -0.0526 -0.0890
vn 0.9772 -0.0473 -0.2069
vn 0.1222 0.9903 -0.0663
vn 0.2672 0.9635 -0.0165
vn 0.1621 0.9854 -0.0529
vn -0.1903 0.0886 0.9777
vn 0.5626 -0.6793 -0.4712
vn 0.0701 -0.9918 0.1070
vn 0.3987 0.5581 0.7277
vn 0.8845 -0.4131 -0.2168
vn 0.7645 0.5989 0.2385
vn 0.9617 -0.0441 -0.2705
vn 0.4125 -0.8974 0.1567
vn 0.2791 -0.7129 0.6433
vn 0.4583 0.8883 -0.0296
vn 0.3121 0.9283 0.2021
vn 0.5372 0.6925 -0.4814
vn 0.0516 -0.9924 -0.1116
vn 0.0551 -0.9943 -0.0915
vn 0.0137 -0.9474 -0.3198
vn 0.1426 -0.0853 0.9861
vn 0.1221 0.9903 -0.0663
vn 0.1620 0.9854 -0.0529
vn 0.0439 0.9948 -0.0921
vn 0.0735 -0.1164 -0.9905
vn 0.0111 -0.4912 -0.8710
vn 0.0185 -0.4756 -0.8795
vn 0.0174 -0.4779 -0.8783
vn 0.0127 0.5791 -0.8152
vn 0.0065 -0.0346 -0.9994
vn 0.0061 -0.0853 -0.9963
vn 0.0072 -0.1019 -0.9948
vn 0.0105 -0.4926 -0.8702
vn -0.0068 0.8010 -0.5986
vn -0.0056 0.8064 -0.5913
vn 0.0078 0.8602 -0.5100
vn 0.0244 -0.8229 0.5677
vn 0.0047 -0.7791 0.6269
vn 0.0280 -0.8300 0.5571
vn -0.0820 0.0622 0.9947
vn -0.2442 0.0669 0.9674
vn -0.1139 0.0620 0.9916
vn 0.0025 -0.0198 -0.9998
vn -0.0025 0.0316 -0.9995
vn 0.0112 -0.3628 0.9318
vn -0.0172 0.9259 0.3773
vn -0.0140 0.9250 0.3796
vn -0.0094 0.9237 0.3830
vn 0.0090 0.8619 -0.5070
vn 0.0048 -0.7707 0.6371
vn -0.0218 0.0590 0.9980
vn -0.0230 0.0602 0.9979
vn -0.0105 0.0772 -0.9970
vn -0.0103 0.0759 -0.9971
vn -0.0120 0.0996 -0.9950
vn -0.0104 -0.7371 -0.6757
vn -0.0039 -0.7395 -0.6731
vn -0.0195 -0.7312 -0.6818
vn -0.0037 0.0178 -0.9998
vn 0.0109 -0.9424 -0.3344
vn -0.0106 -0.9976 -0.0691
vn -0.0040 -0.9983 -0.0577
vn -0.0457 -0.9881 -0.1467
vn -0.0032 0.0008 -1.0000
vn 0.0024 -0.0196 -0.9998
vn -0.0026 0.1511 0.9885
vn 0.0087 0.9041 -0.4272
vn 0.0057 0.8695 -0.4938
vn 0.0004 0.7976 -0.6032
vn 0.0005 -0.7571 0.6533
vn 0.0047 -0.7790 0.6270
vn -0.0061 0.9227 0.3854
vn -1.0000 -0.0000 -0.0000
vn -0.0000 -0.0000 1.0000
vn 0.0754 -0.0000 -0.9972
vn -0.0002 0.8457 0.5336
vn -0.0000 0.8988 0.4383
vn -0.0353 0.6589 0.7514
vn 0.0003 0.7957 -0.6057
vn 0.0074 0.9829 0.1841
vn -0.0073 -0.9822 -0.1878
vn -0.0000 0.9806 0.1962
vn -0.0256 0.9883 0.1501
vn -0.0414 0.9583 0.2828
vn -0.0609 0.9445 0.3229
vn -0.0000 0.7827 0.6224
vn -0.0070 0.7931 0.6090
vn 0.0251 0.6241 0.7809
vn 0.0078 0.8602 -0.5099
vn 0.0091 0.8839 -0.4676
vn -0.0038 -0.7666 0.6421
vn 0.0075 0.2096 0.9778
vn 0.0127 0.2000 -0.9797
vn -0.0046 -0.7688 0.6395
vn -0.0430 -0.9958 -0.0805
vn -0.0125 0.0783 0.9968
vn 0.0472 0.9474 -0.3166
vn 0.0285 0.0724 -0.9970
vn -0.0424 -0.9963 -0.0754
vn -0.0367 0.6516 0.7577
vn -0.3528 0.9314 0.0893
vn -0.0094 -0.0019 -1.0000
vn -0.0223 -0.7490 -0.6622
vn -0.0356 0.0569 0.9977
vn -0.6555 0.7391 -0.1549
vn -0.7211 0.6862 -0.0958
vn -0.7424 0.6658 -0.0746
vn 0.0302 0.0558 -0.9980
vn -0.8041 0.5944 -0.0063
vn 0.0671 0.9977 0.0095
vn 0.0664 0.9977 0.0102
vn 0.0573 0.9982 0.0177
vn 0.0472 0.9474 -0.3165
vn 0.0091 0.8839 -0.4675
vn 0.0559 0.9582 -0.2806
vn -0.0221 -0.7504 -0.6606
vn 0.0672 0.9977 0.0095
vn 0.0798 0.9968 -0.0009
vn -0.0185 0.1279 0.9916
vn 0.5740 -0.4486 0.6850
vn 0.0075 0.2099 0.9777
vn -0.2433 0.0360 0.9693
vn 0.0635 0.7055 -0.7058
vn -0.9995 -0.0143 0.0284
vn -0.4731 -0.8536 -0.2178
vn -0.0113 0.0079 -0.9999
vn -0.9049 0.2849 -0.3163
vn -0.5275 0.4527 0.7189
vn -0.5599 0.1036 -0.8221
vn 0.9897 0.1037 0.0990
vn -0.8252 -0.5626 0.0499
vn -0.7236 -0.5927 0.3536
vn -0.7204 -0.1224 0.6827
vn -0.9477 0.2095 0.2407
vn -0.6523 0.1125 0.7496
vn -0.9981 -0.0598 -0.0129
vn -0.9907 -0.1152 -0.0718
vn -0.9823 -0.1512 -0.1102
vn -0.9579 -0.2202 -0.1843
vn 0.2462 0.9607 -0.1284
vn 0.2080 0.9776 -0.0326
vn 0.2241 0.9696 -0.0979
vn 0.1618 0.9729 0.1651
vn 0.1618 0.9748 0.1534
vn -0.0115 0.9312 -0.3643
vn 0.4614 0.3364 0.8209
vn 0.2220 -0.1527 0.9630
vn 0.0506 0.3027 0.9517
vn 0.0021 -0.8212 0.5706
vn -0.0056 -0.8018 0.5976
vn -0.0050 -0.8032 0.5956
vn 0.1311 0.0952 0.9868
vn 0.1187 0.0577 0.9913
vn 0.2720 0.2130 0.9384
vn 0.2861 -0.3301 0.8995
vn 0.2973 0.2996 0.9066
vn 0.0077 0.0461 0.9989
vn 0.0171 0.9089 0.4166
vn -0.0047 0.3150 0.9491
vn -0.0190 0.3783 0.9255
vn -0.0175 0.3735 0.9275
vn -0.0104 0.3045 0.9525
vn 0.0114 0.9997 0.0230
vn 0.0010 0.9986 -0.0534
vn 0.0012 0.9998 -0.0215
vn 0.0020 0.9977 -0.0674
vn 0.9143 0.3946 -0.0915
vn 0.9978 -0.0615 -0.0267
vn 0.7441 -0.4507 0.4932
vn 0.6786 0.2633 -0.6857
vn -0.0021 -0.9751 0.2215
vn 0.0025 -0.9957 0.0922
vn 0.0081 -0.9948 0.1011
vn -0.0215 0.1757 0.9842
vn -0.0028 -0.9734 0.2289
vn -0.0022 -0.9751 0.2216
vn 0.0081 -0.9948 0.1012
vn 0.0065 -0.5751 0.8181
vn 0.0014 -0.6568 0.7541
vn -0.0137 -0.5395 0.8419
vn -0.0017 -0.3590 0.9333
vn 0.0510 0.5356 -0.8429
vn 0.2099 0.6962 -0.6865
vn 0.1675 0.6040 -0.7791
vn -0.0047 0.3149 0.9491
vn -0.0215 0.1756 0.9842
vn -0.0221 0.1672 0.9857
vn -0.0395 0.9881 0.1489
vn -0.0822 0.9884 0.1280
vn 0.0026 -0.8225 0.5687
vn 0.0095 -0.5358 0.8443
vn 0.0065 -0.5750 0.8181
vn 0.0058 -0.5348 0.8450
vn -0.0137 -0.5394 0.8419
vn 0.5504 -0.6416 0.5342
vn -0.0008 -0.8219 -0.5697
vn -0.0021 -0.8243 -0.5661
vn -0.0007 -0.8222 -0.5693
vn -0.0934 0.9813 0.1686
vn -0.0248 0.9552 0.2950
vn 0.6587 0.0622 -0.7499
vn 0.0117 0.6375 -0.7704
vn -0.0183 0.5044 -0.8633
vn -0.0004 -0.8259 -0.5638
vn 0.0327 0.6558 -0.7542
vn 0.0507 0.5015 -0.8637
vn 0.7663 -0.6409 0.0456
vn 0.3933 -0.6602 -0.6399
vn 0.6334 0.4763 -0.6099
vn 0.3912 -0.4577 0.7984
vn -0.0074 -0.9518 0.3066
vn -0.0011 -0.9481 0.3179
vn -0.0267 0.9329 0.3591
vn 0.5312 -0.8462 -0.0427
vn -0.0153 0.5139 0.8577
vn -0.0522 0.4849 0.8730
vn -0.0743 0.4669 0.8812
vn -0.0250 0.5629 -0.8261
vn -0.0410 0.4322 -0.9008
vn -0.0222 0.4834 -0.8751
vn -0.0221 -0.5155 0.8566
vn -0.0328 0.9290 0.3686
vn -0.0429 -0.5159 0.8556
vn -0.0447 -0.5308 0.8463
vn 0.0073 0.5311 0.8473
vn -0.1956 0.9558 0.2197
vn -0.1356 0.9648 0.2254
vn -0.2298 0.9589 0.1662
vn -0.0903 0.9953 -0.0351
vn -0.1001 0.9945 -0.0309
vn -0.0959 0.9949 -0.0327
vn -0.1054 0.9940 -0.0286
vn 0.8543 -0.0184 0.5194
vn 0.7147 -0.6623 0.2248
vn 0.5466 0.0815 -0.8334
vn 0.5115 -0.0639 -0.8569
vn 0.5270 -0.0057 -0.8498
vn -0.0405 -0.6001 0.7989
vn 0.0063 -0.9728 0.2316
vn 0.0024 0.2291 -0.9734
vn 0.0010 0.2539 -0.9672
vn 0.0023 0.2305 -0.9731
vn 0.0002 -0.8382 -0.5453
vn 0.0044 0.2683 -0.9633
vn -0.0158 0.5640 -0.8256
vn 0.9957 0.0787 -0.0498
vn -0.0120 -0.4900 0.8716
vn 0.0008 -0.4784 0.8782
vn -0.3899 -0.0018 0.9208
vn -0.0286 0.5598 -0.8281
vn 0.0050 0.8214 -0.5704
vn 0.0047 0.8194 -0.5732
vn -0.0030 0.7773 -0.6292
vn -0.0121 -0.7081 0.7061
vn -0.0113 -0.7124 0.7017
vn -0.0126 -0.7076 0.7065
vn -0.3347 0.9403 0.0611
vn -0.0201 0.6297 -0.7766
vn 0.0001 -0.9750 0.2221
vn 0.5583 0.1465 -0.8166
vn -0.0092 0.7989 -0.6013
vn 0.0001 -0.8402 -0.5423
vn -0.0001 0.6639 -0.7478
vn -0.0012 0.6709 -0.7415
vn 0.0336 0.4915 -0.8702
vn 0.2503 0.8686 -0.4278
vn -0.3348 0.9403 0.0611
vn -0.2299 0.9589 0.1661
vn -0.3659 0.9307 -0.0010
vn 0.0170 -0.5737 -0.8189
vn 0.0186 -0.5829 -0.8123
vn 0.0014 -0.4542 -0.8909
vn -0.0039 0.8076 -0.5897
vn -0.0001 0.1367 -0.9906
vn -0.0017 0.1011 -0.9949
vn 0.7660 0.3728 -0.5237
vn -0.4269 0.0945 0.8994
vn -0.7263 0.6543 0.2107
vn -0.1904 0.9484 0.2537
vn -0.0000 0.9950 0.0995
vn -0.0844 0.9887 0.1242
vn -0.0000 -0.6935 0.7205
vn -0.9373 -0.3092 0.1608
vn -0.0614 0.7706 -0.6343
vn -0.0073 0.6040 -0.7970
vn -0.7352 0.3919 0.5531
vn -0.1974 0.9285 0.3145
vn -0.1904 0.9483 0.2538
vn -0.1945 0.9526 0.2339
vn 0.5308 -0.8243 0.1971
vn -0.0330 -0.5919 0.8053
vn 0.0555 0.9894 0.1341
vn -0.0030 0.9793 0.2023
vn 0.0056 0.9864 0.1645
vn -0.0310 0.7906 -0.6115
vn -0.0261 0.7935 -0.6080
vn 0.5853 -0.3232 -0.7436
vn 0.0005 -0.8468 -0.5320
vn 0.0071 0.9956 0.0938
vn -0.0024 0.7584 -0.6518
vn -0.0996 0.8238 -0.5580
vn -0.0310 0.7907 -0.6115
vn -0.0262 0.7936 -0.6079
vn 0.0090 -0.9728 0.2314
vn -0.0211 -0.3880 0.9214
vn -0.0628 -0.3793 0.9231
vn -0.0363 -0.3825 0.9232
vn -0.0067 0.5641 -0.8257
vn 0.8465 -0.4730 -0.2441
vn 0.8435 -0.4789 -0.2430
vn 0.8454 -0.4753 -0.2437
vn 0.6904 0.3199 -0.6489
vn 0.6430 0.3508 -0.6808
vn 0.6733 0.3222 -0.6654
vn 0.0055 -0.4401 -0.8979
vn -0.0013 0.7770 -0.6294
vn 0.8475 -0.4711 -0.2445
vn 0.8466 -0.4730 -0.2441
vn 0.6252 0.3611 -0.6919
vn 0.0106 0.9970 0.0769
vn 0.1792 -0.5568 0.8111
vn 0.0013 -0.4094 -0.9123
vn -0.0005 -0.4000 -0.9165
vn -0.0000 -0.4462 -0.8950
vn 0.0033 0.7677 -0.6407
vn -0.1727 0.5647 0.8070
vn -0.9815 0.1889 0.0321
vn 0.0023 -0.3964 -0.9181
vn 0.0169 -0.3471 -0.9377
vn -0.0000 -0.2749 -0.9615
vn 0.0264 -0.2990 -0.9539
vn 0.0134 -0.3610 -0.9325
vn -0.0034 0.3478 0.9376
vn -0.0256 -0.3972 0.9174
vn -0.0211 -0.3879 0.9214
vn -0.0363 -0.3826 0.9232
vn 0.6619 0.3393 -0.6684
vn 0.0013 -0.3747 -0.9272
vn 0.0046 -0.3264 -0.9452
vn 0.5659 0.3914 -0.7257
vn 0.5681 0.3899 -0.7248
vn 0.5858 0.3776 -0.7171
vn 0.8128 0.2714 -0.5155
vn 0.0075 0.1451 -0.9894
vn 0.0108 0.9996 0.0253
vn 0.9358 -0.1321 0.3267
vn 0.9568 -0.1387 0.2556
vn 0.9415 -0.1281 0.3116
vn 0.8189 0.2658 -0.5087
vn 0.0048 0.7897 -0.6135
vn -0.0289 0.7166 -0.6969
vn -0.0107 0.6146 -0.7888
vn 0.0029 0.7775 -0.6289
vn 0.8198 0.2505 -0.5149
vn -0.0013 0.6305 -0.7762
vn -0.0168 0.5979 -0.8014
vn -0.0032 0.7031 -0.7111
vn 0.9585 -0.1481 0.2434
vn 0.9726 -0.1511 0.1769
vn 0.4301 0.7231 -0.5405
vn 0.4425 0.7800 -0.4425
vn 0.4347 0.7425 -0.5096
vn 0.6084 0.5932 -0.5272
vn 0.5878 0.3763 -0.7162
vn 0.0021 0.4671 -0.8842
vn 0.0025 0.4340 -0.9009
vn -0.0004 0.4308 -0.9024
vn -0.0010 0.3885 -0.9215
vn 0.0103 0.1611 -0.9869
vn 0.0005 -0.2887 -0.9574
vn -0.0263 -0.0157 -0.9995
vn -0.0011 -0.0900 -0.9959
vn 0.0007 -0.0765 -0.9971
vn 0.0005 -0.0650 -0.9979
vn 0.0068 -0.3084 -0.9512
vn 0.9873 -0.0905 0.1303
vn 0.9852 -0.1018 0.1381
vn 0.4474 0.8117 -0.3755
vn 0.5195 0.8506 -0.0810
vn 0.0003 0.7443 -0.6679
vn 0.0006 0.7425 -0.6698
vn 0.0042 -0.1184 -0.9930
vn -0.0000 0.0147 -0.9999
vn -0.0000 0.0146 -0.9999
vn -0.0000 0.0141 -0.9999
vn -0.0000 0.0140 -0.9999
vn -0.0149 -0.8933 -0.4492
vn -0.1041 0.1058 0.9889
vn -0.0381 0.1123 0.9929
vn -0.0952 0.1067 0.9897
vn 0.0007 0.9992 -0.0403
vn -0.0014 0.9978 -0.0660
vn -0.0013 0.9979 -0.0649
vn -0.9199 -0.2256 0.3208
vn 0.9940 -0.0101 0.1088
vn 0.9783 0.0561 0.1993
vn 0.9883 0.0096 0.1523
vn 0.7982 0.5839 -0.1478
vn 0.3496 0.0559 0.9352
vn 0.3517 0.1191 0.9285
vn 0.3510 0.0920 0.9318
vn 0.5579 0.6627 -0.4996
vn -0.0000 -0.2654 -0.9641
vn -0.0000 1.0000 -0.0000
vn -0.0000 -1.0000 -0.0000
vn -0.0068 0.1411 -0.9900
vn 0.0062 0.1288 -0.9917
vn -0.0143 -0.2614 -0.9651
vn -0.0543 -0.1956 -0.9792
vn 0.0038 -0.2694 -0.9630
vn 0.0068 -0.3085 -0.9512
vn -0.0000 -0.2176 -0.9760
vn 0.0001 -0.3450 -0.9386
vn -0.0021 0.7958 -0.6056
vn -0.0068 0.7821 -0.6232
vn 0.6234 0.4812 0.6163
vn 0.5735 0.4294 0.6977
vn 0.6011 0.4579 0.6550
vn -0.0023 0.3800 -0.9250
vn -0.0014 -0.3636 -0.9316
vn 0.0032 -0.3559 -0.9345
vn 0.0012 0.1920 -0.9814
vn -0.0000 0.1959 -0.9806
vn 0.0032 0.2009 -0.9796
vn -0.0000 0.2034 -0.9791
vn -0.1265 -0.1535 -0.9800
vn 0.0317 0.0234 -0.9992
vn 0.0044 -0.2798 -0.9600
vn -0.0000 -0.4653 -0.8852
vn 0.0010 -0.3326 -0.9431
vn -0.0184 -0.7641 0.6448
vn 0.0005 -0.4219 0.9066
vn -0.0166 -0.3856 0.9225
vn -0.0000 -0.4589 0.8885
vn 0.6878 0.6789 0.2569
vn 0.3486 0.0356 0.9366
vn -0.0513 0.9981 0.0333
vn 0.2151 0.6206 -0.7540
vn 0.0725 0.4797 -0.8744
vn 0.1058 0.5703 -0.8146
vn 0.1490 -0.0223 -0.9886
vn 0.1494 -0.0219 -0.9885
vn 0.2034 -0.0755 -0.9762
vn 0.0250 0.1703 -0.9851
vn -0.0000 -0.4658 -0.8849
vn -0.0193 -0.7702 0.6375
vn -0.0875 -0.3643 0.9272
vn 0.8332 -0.2387 0.4988
vn 0.8225 -0.2657 0.5028
vn 0.8386 -0.2243 0.4964
vn 0.8162 -0.2807 0.5049
vn 0.9688 0.2282 0.0967
vn 0.9490 0.3039 0.0839
vn 0.9226 0.3834 0.0436
vn 0.0830 0.6348 -0.7682
vn 0.2151 0.6207 -0.7540
vn 0.0101 0.4486 -0.8937
vn 0.0012 0.4583 -0.8888
vn 0.0005 0.4656 -0.8850
vn 0.0075 0.7215 -0.6924
vn -0.1264 -0.3290 0.9358
vn -0.0046 0.8083 -0.5887
vn -0.0065 0.7291 0.6844
vn -0.0204 0.7125 0.7014
vn -0.0232 0.7085 0.7054
vn 0.0001 0.3902 -0.9207
vn 0.0096 0.7271 -0.6865
vn 0.5647 0.4204 0.7102
vn 0.5670 0.2104 0.7964
vn 0.0068 0.0154 0.9999
vn 0.0164 -0.0574 0.9982
vn 0.0143 0.0052 0.9999
vn 0.0686 0.4709 -0.8795
vn -0.0021 0.7958 -0.6055
vn 0.6856 -0.1143 0.7190
vn -0.0232 0.0218 0.9995
vn 0.0857 0.8676 0.4899
vn 0.0769 0.8675 0.4914
vn 0.0219 0.8659 0.4997
vn 0.0093 0.7142 -0.6999
vn 0.0080 0.7175 -0.6965
vn 0.0054 0.2829 0.9591
vn 0.0120 -0.0683 0.9976
vn 0.1453 0.8658 0.4789
vn -0.0009 -0.3752 -0.9270
vn 0.0264 0.6577 -0.7528
vn 0.0005 -0.8468 -0.5319
vn -0.0172 -0.8995 -0.4366
vn 0.4070 -0.2259 0.8851
vn -0.2052 -0.2917 0.9342
vn -0.0876 -0.3643 0.9272
vn 0.0966 -0.3328 0.9380
vn -0.0187 -0.3553 0.9346
vn 0.0220 0.5761 -0.8171
vn 0.0002 0.4265 -0.9045
vn -0.0007 0.3818 -0.9243
vn 0.0120 -0.1744 -0.9846
vn -0.1686 0.0990 0.9807
vn -0.5181 0.5101 0.6866
vn -0.4033 0.5410 0.7380
vn -0.5176 0.5102 0.6868
vn 0.0093 0.7141 -0.7000
vn 0.0311 0.6558 -0.7543
vn 0.0090 0.7744 -0.6326
vn 0.0008 -0.4270 0.9043
vn -0.0102 -0.3528 0.9357
vn -0.0102 -0.3528 0.9356
vn 0.0005 -0.4220 0.9066
vn -0.0020 -0.3664 0.9304
vn 0.0036 -0.4215 0.9068
vn 0.0005 -0.4690 0.8832
vn -0.0024 -0.4607 0.8876
vn -0.0027 -0.4610 0.8874
vn -0.0056 -0.4925 0.8703
vn 0.0090 -0.4529 0.8915
vn 0.0705 -0.4286 0.9007
vn 0.0102 -0.4749 0.8800
vn 0.0060 -0.3863 -0.9223
vn 0.0176 -0.2614 -0.9651
vn 0.0008 0.9992 -0.0391
vn -0.0013 0.9979 -0.0648
vn -0.0330 0.7191 -0.6941
vn -0.5348 -0.8414 0.0778
vn -0.5055 -0.8339 0.2216
vn -0.5317 -0.8414 0.0965
vn -0.0970 0.9914 0.0878
vn 0.0078 -0.5358 0.8443
vn 0.0050 -0.7409 0.6716
vn -0.1083 -0.6057 0.7883
vn 0.0007 0.7195 0.6945
vn 0.0022 0.5394 -0.8421
vn -0.0007 0.4700 -0.8827
vn -0.3273 -0.8755 -0.3556
vn 0.0272 0.6089 -0.7928
vn -0.0010 0.5779 -0.8161
vn -0.5493 -0.8350 -0.0317
vn -0.5348 -0.8414 0.0777
vn -0.5317 -0.8414 0.0964
vn -0.0170 0.9605 0.2778
vn 0.0117 0.9751 0.2213
vn 0.0176 0.9777 0.2095
vn 0.0064 0.7221 0.6918
vn 0.0012 0.3775 -0.9260
vn 0.0068 -0.3694 -0.9293
vn 0.0219 -0.2604 -0.9653
vn -0.8673 -0.2280 0.4425
vn -0.9918 0.1223 -0.0371
vn -0.9934 0.1142 -0.0047
vn -0.9938 0.1010 0.0468
vn -0.6225 0.4713 0.6249
vn -0.5181 0.5100 0.6866
vn -0.5177 0.5102 0.6868
vn 0.0120 -0.1743 -0.9846
vn 0.0013 -0.1693 -0.9856
vn -0.0000 -0.7838 -0.6210
vn 0.0178 0.9695 -0.2444
vn -0.0000 -0.7860 -0.6182
vn 0.0018 0.7723 -0.6352
vn 0.0018 0.7726 -0.6349
vn -0.0039 -0.9816 -0.1909
vn 0.0160 -0.9996 0.0217
vn 0.0197 -0.9981 0.0589
vn -0.0002 -0.4166 0.9091
vn -0.0228 -0.5576 0.8298
vn -0.0979 -0.5822 0.8071
vn 0.0009 0.4918 -0.8707
vn -0.0000 0.0644 0.9979
vn 0.0018 0.7722 -0.6354
vn -0.0000 0.8832 -0.4690
vn 0.0007 -0.1862 -0.9825
vn 0.0095 -0.9644 -0.2641
vn -0.9934 0.1142 -0.0046
vn -0.9920 0.0900 0.0886
vn -0.0000 -0.0644 -0.9979
vn -0.0000 -0.0630 -0.9980
vn -0.0000 -0.0642 -0.9979
vn -0.0000 -0.0643 -0.9979
vn 0.0086 -0.7848 -0.6197
vn 0.0063 -0.1761 -0.9843
vn -0.9882 -0.0323 -0.1499
vn -0.0561 0.7226 -0.6889
vn -0.1675 0.7564 -0.6323
vn 0.0015 0.5389 -0.8423
vn 0.0094 -0.1897 -0.9818
vn 0.0007 0.4736 -0.8807
vn 0.0020 -0.3490 -0.9371
vn -0.0229 0.9570 0.2893
vn 0.0181 0.7060 0.7080
vn 0.0079 0.7746 0.6324
vn 0.0040 0.7834 0.6215
vn 0.0319 0.7015 0.7119
vn 0.0320 0.7015 0.7119
vn 0.0413 0.6997 0.7133
vn -0.0125 0.5359 -0.8442
vn -0.0000 0.4924 -0.8703
vn 0.0054 0.6017 -0.7987
vn 0.0098 0.7704 0.6374
vn -0.0027 0.9613 -0.2755
vn -0.0123 0.5661 -0.8242
vn 0.0401 0.2458 -0.9685
vn 0.0053 0.2619 -0.9651
vn 0.0188 0.2533 -0.9672
vn -0.0130 0.2119 -0.9772
vn 0.0177 0.1300 0.9914
vn 0.0076 0.5316 -0.8470
vn -0.0000 0.6473 -0.7622
vn 0.1896 0.8262 0.5305
vn 0.0043 -0.9480 -0.3182
vn 0.0015 0.5389 -0.8424
vn 0.0025 0.2838 -0.9589
vn 0.3406 0.5529 0.7604
vn 0.2119 0.9124 0.3502
vn 0.2159 0.9113 0.3507
vn 0.2010 0.9153 0.3490
vn 0.0083 -0.1842 -0.9829
vn -0.0000 -0.4298 -0.9029
vn -0.0000 -0.4548 -0.8906
vn -0.0000 -0.4545 -0.8908
vn -0.0799 -0.4171 0.9054
vn -0.1597 -0.4964 0.8533
vn -0.0096 -0.4088 0.9126
vn 0.0316 0.9914 0.1274
vn -0.0000 -0.4547 -0.8907
vn -0.0000 -0.4537 -0.8912
vn 0.0203 0.1281 -0.9916
vn 0.0179 -0.0834 -0.9964
vn -0.0005 0.0389 -0.9992
vn 0.0209 0.3439 -0.9388
vn 0.0069 -0.4602 -0.8878
vn 0.0064 -0.4582 -0.8888
vn 0.0197 0.1513 -0.9883
vn 0.0102 0.1630 -0.9866
vn 0.0025 -0.4951 0.8688
vn 0.0092 0.5916 0.8062
vn 0.0002 0.5321 0.8467
vn 0.0057 0.5644 0.8255
vn 0.2268 0.9082 0.3518
vn 0.1337 0.8006 0.5841
vn -0.0000 0.7014 -0.7128
vn -0.0225 0.2043 -0.9786
vn -0.0067 0.1401 -0.9901
vn 0.0250 -0.9656 -0.2588
vn 0.0031 -0.3214 0.9469
vn 0.0092 0.5885 0.8084
vn -0.0000 -0.9970 0.0778
vn 0.0002 -0.0000 -1.0000
vn -0.0026 -0.9833 -0.1818
vn -0.0000 -0.9528 0.3037
vn 0.0180 0.6259 0.7797
vn -0.0000 0.5390 0.8423
vn 0.1528 -0.0213 0.9880
vn 0.2354 -0.0093 0.9718
vn 0.2044 -0.0139 0.9788
vn 0.9923 0.1050 -0.0658
vn 0.0008 0.4365 -0.8997
vn 0.0025 0.2989 -0.9543
vn 0.0012 0.3972 -0.9177
vn 0.0350 0.1446 -0.9889
vn -0.0016 -0.9972 -0.0754
vn -0.0026 -0.9832 -0.1827
vn -0.0000 0.2650 0.9643
vn -0.7429 -0.1113 -0.6601
vn -0.0225 -0.6306 0.7758
vn 0.0048 -0.5845 0.8114
vn -0.0254 -0.4238 0.9054
vn -0.0000 -0.5140 0.8578
vn -0.1361 -0.2640 0.9549
vn 0.0702 0.6358 0.7686
vn 0.6121 -0.7368 0.2872
vn 0.0225 0.9773 -0.2107
vn 0.0062 0.5492 -0.8357
vn -0.0047 -0.9117 0.4107
vn 0.3864 0.7350 0.5571
vn 0.0032 0.3933 -0.9194
vn 0.0014 -0.8002 -0.5997
vn -0.0089 -0.8198 -0.5726
vn 0.0113 -0.9294 -0.3690
vn 0.0161 -0.9729 -0.2306
vn -0.1140 0.8996 -0.4216
vn 0.0031 0.5554 -0.8316
vn -0.0351 -0.2986 -0.9537
vn 0.0453 -0.1819 0.9823
vn 0.0158 -0.0719 0.9973
vn 0.0259 -0.1095 0.9936
vn 0.7109 -0.3506 0.6097
vn 0.0544 0.2025 0.9778
vn -0.0000 0.4282 -0.9037
vn 0.0037 -0.7976 -0.6032
vn 0.0101 -0.7511 0.6601
vn -0.0009 -0.4706 0.8823
vn 0.2873 -0.0016 0.9579
vn 0.0514 -0.2043 0.9776
vn 0.0454 -0.1819 0.9823
vn -0.0420 0.4096 -0.9113
vn -0.2693 0.3654 -0.8910
vn -0.2235 0.4256 -0.8769
vn -0.9514 -0.2746 0.1393
vn -0.9313 -0.3522 0.0927
vn -0.9494 -0.2843 0.1337
vn -0.0021 -0.3925 0.9198
vn -0.0307 -0.9919 -0.1229
vn 0.0025 -0.4872 0.8733
vn 0.9872 0.1583 0.0185
vn 0.9905 0.1374 -0.0052
vn 0.9910 0.1332 -0.0100
vn -0.0257 0.9806 0.1945
vn 0.0406 0.9759 -0.2146
vn 0.0027 -0.2995 0.9541
vn -0.0818 -0.7565 0.6488
vn -0.0333 0.1429 0.9892
vn -0.0286 0.1244 0.9918
vn -0.0054 0.0340 0.9994
vn -0.0285 0.1244 0.9918
vn -0.0013 0.0182 0.9998
vn 0.9926 0.1184 -0.0266
vn 0.0079 -0.1306 -0.9914
vn -0.9537 0.1377 -0.2672
vn -0.9527 0.1419 -0.2689
vn -0.9537 0.1378 -0.2675
vn -0.9623 -0.2043 0.1794
vn -0.9514 -0.2745 0.1394
vn 0.0021 0.9997 0.0251
vn 0.0088 0.9997 0.0217
vn 0.0081 0.9998 0.0171
vn 0.0009 0.4116 -0.9113
vn -0.0039 -0.1570 0.9876
vn 0.0068 -0.3239 0.9461
vn -0.0008 -0.2793 0.9602
vn 0.0173 -0.5120 0.8588
vn 0.0021 -0.5513 0.8343
vn 0.0025 -0.4871 0.8733
vn 0.9929 0.0226 0.1165
vn -0.0000 0.4653 -0.8852
vn -0.8059 -0.2709 0.5265
vn -0.7947 -0.2907 0.5328
vn -0.7904 -0.2986 0.5348
vn -0.0013 -0.4950 0.8689
vn -0.0107 0.9994 0.0334
vn -0.0023 0.6223 -0.7828
vn 0.0020 0.6427 -0.7661
vn 0.0008 0.4117 -0.9113
vn -0.5189 -0.5551 0.6501
vn -0.0097 0.9984 0.0551
vn 0.0077 0.9901 0.1400
vn -0.4549 0.3851 -0.8030
vn -0.9305 0.1827 -0.3176
vn -0.0070 -0.3516 0.9361
vn 0.0198 0.9976 0.0668
vn 0.0189 0.9981 0.0580
vn 0.0911 0.9933 -0.0711
vn 0.9930 0.1140 -0.0316
vn 0.9987 0.0514 -0.0031
vn 0.9864 0.1563 -0.0510
vn -0.0018 -0.4196 0.9077
vn -0.0065 -0.3735 0.9276
vn 0.9641 0.2485 -0.0933
vn -0.0023 0.6223 -0.7827
vn 0.0054 0.5673 -0.8235
vn 0.0968 0.9924 -0.0764
vn -0.0013 -0.5054 0.8629
vn 0.0019 -0.0306 0.9995
vn 0.0016 -0.0251 0.9997
vn -0.0044 0.0612 0.9981
vn -0.0000 0.4714 -0.8819
vn -0.9066 0.1877 -0.3778
vn -0.8168 -0.2683 0.5107
vn -0.8040 -0.2714 0.5291
vn -0.0075 -0.4302 0.9027
vn -0.0050 0.0704 0.9975
vn 0.2112 -0.0769 0.9744
vn 0.1081 -0.0750 0.9913
vn 0.1166 -0.0752 0.9903
vn 0.0969 0.9924 -0.0764
vn 0.1899 0.9787 -0.0775
vn 0.2392 0.8874 -0.3940
vn 0.0061 0.6114 -0.7913
vn -0.0026 0.6277 -0.7785
vn -0.0003 0.4624 -0.8866
vn -0.9018 0.1876 -0.3894
vn 0.0024 -0.4566 0.8897
vn -0.0013 -0.4951 0.8689
vn -0.0013 -0.5055 0.8628
vn 0.0081 -0.5791 0.8152
vn -0.0089 -0.5166 0.8562
vn -0.0043 -0.5072 0.8618
vn 0.3692 -0.2763 0.8873
vn 0.7159 -0.0607 0.6956
vn -0.0000 -0.9748 0.2230
vn 1.0000 -0.0000 -0.0001
vn -1.0000 -0.0000 0.0001
vn -0.0000 0.9748 -0.2230
vn -0.0000 1.0000 -0.0098
vn -0.0668 0.9647 0.2548
vn -0.0673 0.9414 0.3305
vn -0.0672 0.9447 0.3208
vn -0.0673 0.9334 0.3525
vn 0.1080 -0.0750 0.9913
vn 0.0251 -0.0729 0.9970
vn -0.0000 -0.5039 0.8638
vn -0.0780 -0.5400 0.8380
vn -0.0238 -0.5026 0.8642
vn -0.0459 -0.4986 0.8656
vn 0.0139 0.6000 -0.7999
vn -0.7755 0.3137 -0.5479
vn -0.7241 0.3254 -0.6081
vn -0.7252 0.3150 -0.6122
vn 0.0049 0.9993 -0.0363
vn 0.0087 0.9998 -0.0196
vn -0.9100 -0.1773 0.3748
vn 0.0087 0.9998 -0.0195
vn -0.7776 0.3125 -0.5455
vn -0.9293 -0.1784 0.3235
vn -0.8168 -0.2682 0.5107
vn 0.9943 0.0510 -0.0932
vn 0.0025 -0.4598 0.8880
vn 0.0479 0.6255 -0.7788
vn -0.8204 0.2341 -0.5217
vn -0.9928 -0.0571 0.1051
vn -0.9620 -0.1938 0.1926
vn -0.9485 -0.1730 0.2654
vn 0.0527 0.9981 -0.0321
vn 0.0224 0.9997 0.0075
vn 0.0447 0.9988 -0.0217
vn 0.0050 0.5800 -0.8146
vn -0.9003 0.1623 -0.4039
vn -0.0003 0.4980 -0.8672
vn -0.9203 0.1225 -0.3716
vn 0.1042 -0.1709 0.9798
vn 0.1000 -0.1258 0.9870
vn 0.1096 -0.1362 0.9846
vn 0.0451 -0.2551 0.9659
vn -0.0122 0.5614 -0.8275
vn 0.0002 0.4431 -0.8965
vn 0.0861 0.4439 0.8919
vn -0.7471 0.2315 -0.6231
vn -0.7691 0.1408 -0.6234
vn -0.8699 0.1777 -0.4601
vn -0.9923 -0.0000 -0.1235
vn -0.9929 -0.0049 -0.1188
vn -0.9946 0.0017 -0.1041
vn -0.9944 -0.0066 -0.1054
vn -0.9990 -0.0167 -0.0421
vn 0.0307 -0.2713 0.9620
vn -0.9951 0.0164 -0.0978
vn -0.9972 0.0054 -0.0743
vn -0.9991 -0.0104 -0.0399
vn -0.9996 -0.0238 -0.0176
vn -0.9991 -0.0105 -0.0399
vn -0.9996 -0.0238 -0.0177
vn -0.9660 -0.2043 0.1585
vn -0.0103 -0.5146 0.8574
vn -0.6768 -0.3514 0.6468
vn -0.6790 -0.3379 0.6518
vn -0.6763 -0.3546 0.6456
vn -0.0008 -0.4757 0.8796
vn 0.0138 0.9997 0.0188
vn -0.8879 -0.2027 0.4130
vn -0.0101 0.5792 -0.8151
vn -0.0019 0.5933 -0.8050
vn -0.6740 -0.3681 0.6405
vn -0.6732 0.1111 -0.7311
vn -0.0278 0.7255 0.6876
vn -0.9401 -0.3405 -0.0184
vn -0.9642 -0.2548 -0.0741
vn -0.9723 -0.2153 -0.0914
vn -0.6612 0.1116 -0.7419
vn 0.0062 -0.4537 0.8911
vn -0.0013 -0.4951 0.8688
vn 0.0065 -0.4856 0.8741
vn -0.9264 -0.3722 0.0562
vn -0.9819 0.0488 0.1831
vn 0.0047 -0.4494 0.8933
vn -0.0279 0.9937 0.1085
vn -0.0641 0.9970 -0.0442
vn -0.0221 0.9909 0.1325
vn -0.0077 0.6966 -0.7174
vn -0.0023 0.6248 -0.7808
vn 0.0219 0.5773 -0.8162
vn -0.0704 0.9950 -0.0709
vn -0.0642 0.9970 -0.0443
vn -0.9247 -0.3719 0.0813
vn 0.0005 -0.5088 0.8609
vn -0.6393 0.4492 0.6241
vn -0.0721 -0.4744 0.8774
vn -0.0064 -0.5048 0.8632
vn -0.2082 0.6228 0.7542
vn -0.3678 0.9272 0.0704
vn -0.3094 0.9451 0.1051
vn -0.2278 0.9676 0.1089
vn -0.6251 0.0462 -0.7792
vn -0.4980 0.8667 0.0277
vn -0.0162 0.6660 -0.7458
vn 0.0088 0.6043 -0.7967
vn -0.3155 -0.9486 -0.0254
vn -0.1410 0.3335 0.9321
vn -0.5053 0.8629 0.0026
vn 0.1089 0.5996 -0.7928
vn -0.0021 -0.5194 0.8545
vn -0.0006 -0.5238 0.8518
vn -0.8373 -0.1487 -0.5261
vn -0.8992 -0.0832 -0.4295
vn -0.8735 -0.1127 -0.4736
vn 0.0354 0.5840 -0.8110
vn -0.0329 0.6109 -0.7910
vn -0.8046 -0.1775 -0.5667
vn -0.0396 -0.4860 0.8730
vn -0.0313 -0.5101 0.8596
vn -0.1209 -0.4514 0.8841
vn 0.2539 -0.5638 0.7859
vn -0.0280 -0.0987 -0.9947
vn 0.1384 0.2652 0.9542
vn -0.3442 -0.7282 0.5927
vn -0.5897 0.8073 0.0225
vn -0.4981 0.8667 0.0277
vn -0.9654 0.1317 -0.2249
vn -0.8016 -0.2130 -0.5586
vn -0.0108 -0.1879 -0.9821
vn -0.9570 0.1724 -0.2333
vn -0.7222 0.3190 -0.6138
vn -0.7245 0.3287 -0.6058
vn -0.7171 0.2991 -0.6296
vn -0.5288 0.3656 -0.7660
vn -0.6181 0.3678 -0.6947
vn -0.4968 0.3788 -0.7808
vn 0.3884 0.4324 -0.8137
vn 0.3629 0.4225 -0.8305
vn 0.3570 0.4201 -0.8343
vn 0.4817 0.3884 -0.7855
vn 0.4905 0.3796 -0.7844
vn 0.5231 0.3512 -0.7766
vn 0.0014 0.9130 -0.4080
vn 0.0206 0.9634 -0.2671
vn 0.0193 0.9605 -0.2778
vn -0.0096 0.8509 0.5252
vn 0.0072 0.9085 0.4179
vn -0.0087 0.8539 0.5203
vn -0.0041 0.9331 0.3597
vn 0.8559 0.4966 -0.1443
vn 0.8549 0.4933 -0.1604
vn 0.7616 0.6016 -0.2409
vn 0.3103 0.4361 0.8447
vn 0.7353 0.6184 -0.2773
vn 0.8678 0.3489 0.3537
vn 0.8886 0.4292 -0.1618
vn -0.0123 0.4213 0.9068
vn -0.0027 0.5104 0.8599
vn -0.0024 0.5131 0.8584
vn -0.0232 0.9351 0.3538
vn -0.0174 0.9326 0.3606
vn 0.6596 0.3197 -0.6802
vn 0.7609 0.3429 -0.5509
vn 0.6964 0.4195 -0.5823
vn -0.0123 0.4165 0.9090
vn -0.0068 0.9205 -0.3907
vn 0.6849 0.4282 -0.5895
vn -0.0123 0.4164 0.9091
vn 0.6025 -0.2660 0.7525
vn 0.6312 -0.2301 0.7407
vn 0.6288 -0.2345 0.7413
vn 0.0003 -0.1554 0.9878
vn 0.0002 -0.1546 0.9880
vn -0.0020 -0.1425 0.9898
vn 0.4906 0.3796 -0.7844
vn 0.9213 -0.2334 0.3111
vn 0.9545 -0.1385 0.2641
vn 0.9489 -0.1534 0.2759
vn 0.6298 -0.2289 0.7423
vn 0.0002 -0.1547 0.9880
vn -0.0046 -0.1809 0.9835
vn -0.0040 -0.1767 0.9843
vn 0.0018 -0.1624 0.9867
vn 0.7253 0.3724 -0.5791
vn -0.0033 0.9362 -0.3516
vn -0.0109 0.8777 0.4791
vn 0.0030 0.9249 -0.3803
vn 0.9203 0.2019 -0.3349
vn 0.9602 0.1256 -0.2495
vn 0.8909 0.2192 -0.3978
vn 0.9297 -0.2569 0.2639
vn 0.0015 0.4498 -0.8931
vn -0.0004 0.4422 -0.8969
vn -0.0001 0.4651 -0.8853
vn 0.8882 0.2200 -0.4034
vn 0.9977 0.0121 0.0673
vn 0.9995 0.0086 0.0311
vn 0.9978 0.0127 0.0648
vn 0.5995 -0.2691 0.7538
vn 0.3943 0.4347 -0.8097
vn 0.7140 0.3255 -0.6198
vn 0.7448 0.2800 -0.6057
vn 0.8003 0.1839 -0.5707
vn 0.9868 0.0875 -0.1365
vn 0.9942 0.0485 -0.0956
vn 0.9970 0.0246 0.0735
vn 0.9350 -0.2623 0.2388
vn 0.0051 -0.5678 0.8232
vn -0.0035 -0.5877 0.8090
vn 0.0014 -0.5224 0.8527
vn 0.9995 0.0092 0.0289
vn 0.0139 0.8931 0.4497
vn 0.0045 0.4538 -0.8911
vn 0.0900 0.4629 -0.8819
vn 0.0034 0.4562 -0.8899
vn 0.4361 -0.3977 0.8073
vn 0.3886 -0.4322 0.8137
vn 0.3967 -0.4265 0.8128
vn 0.0013 0.9622 0.2724
vn 0.7979 -0.2652 0.5413
vn 0.7988 -0.2659 0.5397
vn 0.7982 -0.2655 0.5407
vn 0.7990 -0.2661 0.5392
vn 0.0027 -0.1601 0.9871
vn -0.0146 0.6858 0.7277
vn -0.0217 0.7895 0.6134
vn -0.0139 0.6801 0.7330
vn -0.0134 0.1093 0.9939
vn -0.0102 0.1113 0.9937
vn -0.0168 0.1070 0.9941
vn 0.0015 0.4526 -0.8917
vn 0.7565 -0.3696 -0.5396
vn 0.7449 -0.3057 -0.5930
vn 0.7727 -0.4029 -0.4905
vn 0.7628 -0.3960 -0.5112
vn 0.7728 -0.4029 -0.4904
vn 0.6855 0.2609 -0.6797
vn 0.8670 0.2218 -0.4461
vn 0.9039 0.1975 -0.3795
vn 0.8854 0.2106 -0.4143
vn 0.9056 0.1967 -0.3758
vn 0.9056 0.1967 -0.3759
vn 0.9054 0.1961 -0.3767
vn 0.9806 0.0758 -0.1810
vn 0.9752 0.1062 -0.1943
vn 0.9771 0.0960 -0.1898
vn 0.8203 0.1431 -0.5538
vn 0.0001 -0.5632 0.8263
vn -0.0028 -0.6415 0.7671
vn 0.0022 0.9217 -0.3879
vn 0.0022 -0.5526 -0.8334
vn -0.0047 -0.5040 -0.8637
vn -0.0050 -0.5020 -0.8648
vn 0.0080 -0.7523 -0.6588
vn 0.9951 0.0417 -0.0896
vn 0.4443 -0.3915 0.8058
vn 0.0009 -0.4684 0.8835
vn -0.0008 -0.4691 0.8832
vn 0.7884 -0.4917 -0.3697
vn 0.9926 0.0654 0.1020
vn 0.0013 0.4557 -0.8902
vn 0.0018 0.4449 -0.8956
vn 0.0017 0.4520 -0.8920
vn 0.9822 0.0651 -0.1763
vn 0.9806 0.0757 -0.1810
vn 0.5714 -0.3868 0.7238
vn 0.5850 -0.3872 0.7126
vn 0.4479 -0.3802 0.8092
vn -0.0241 0.7926 0.6092
vn 0.3144 -0.7762 0.5465
vn 0.9245 -0.1640 0.3441
vn 0.9283 -0.1608 0.3353
vn 0.9246 -0.1638 0.3438
vn 0.9285 -0.1606 0.3349
vn 0.3640 -0.4038 0.8393
vn 0.0012 -0.4475 0.8943
vn -0.0029 -0.5616 0.8274
vn -0.0007 0.9661 0.2582
vn 0.0070 0.3492 -0.9370
vn 0.0063 0.3465 -0.9380
vn 0.0032 0.4323 -0.9017
vn 0.7117 -0.3744 0.5943
vn -0.0000 -0.4552 0.8904
vn 0.0008 -0.5689 -0.8224
vn 0.0022 -0.5527 -0.8334
vn 0.3595 -0.4053 0.8405
vn -0.0031 0.9424 -0.3344
vn -0.0069 0.9361 -0.3517
vn -0.0007 0.4345 -0.9007
vn -0.0199 0.1050 0.9943
vn 0.0001 0.4566 -0.8897
vn -0.0019 -0.6310 0.7758
vn -0.0070 0.6169 0.7870
vn -0.0308 0.6062 0.7947
vn -0.0506 0.5956 0.8017
vn 0.0016 0.4661 -0.8847
vn 0.0014 0.4729 -0.8811
vn -0.0057 -0.9961 0.0880
vn -0.0063 -0.9960 0.0895
vn -0.0077 -0.9961 0.0873
vn -0.0033 -0.7699 0.6381
vn 0.0013 -0.8632 0.5048
vn 0.0011 -0.8613 0.5081
vn 0.0009 0.4707 -0.8823
vn -0.1670 -0.4363 0.8842
vn -0.0013 -0.4542 0.8909
vn -0.0072 -0.4630 0.8863
vn -0.0011 -0.4580 0.8890
vn -0.0005 -0.4562 0.8899
vn -0.0013 -0.4604 0.8877
vn -0.0186 0.7914 0.6111
vn -0.0011 0.3126 -0.9499
vn 0.0199 0.6071 0.7944
vn -0.0024 -0.4580 0.8890
vn 0.0532 0.6846 0.7269
vn 0.0041 -0.7436 0.6687
vn -0.0034 -0.7698 0.6383
vn 0.0011 -0.8613 0.5082
vn -0.0012 -0.4602 0.8878
vn 0.0019 -0.5354 0.8446
vn -0.0018 0.4669 -0.8843
vn -0.0011 0.4620 -0.8869
vn -0.0102 -0.5544 0.8322
vn 0.0575 0.6943 0.7174
vn 0.0013 0.9902 0.1396
vn -0.0000 0.9979 0.0650
vn 0.0062 0.9837 0.1798
vn 0.0202 0.8571 0.5147
vn -0.0048 0.9356 -0.3530
vn -0.0005 0.9332 -0.3594
vn 0.0007 -0.9824 0.1869
vn -0.0001 -0.4593 0.8883
vn -0.5442 0.8387 -0.0187
vn 0.0237 0.9989 -0.0407
vn 0.0024 0.9996 0.0277
vn -0.0011 1.0000 0.0095
vn 0.0127 0.9995 -0.0303
vn -0.0000 0.9916 0.1297
vn 0.0305 0.9893 0.1427
vn 0.0074 0.9819 0.1893
vn -0.0010 0.4063 -0.9138
vn 0.0147 0.1621 0.9867
vn 0.0117 0.1641 0.9864
vn 0.0144 0.1613 0.9868
vn 0.0293 0.9978 -0.0592
vn -0.1318 0.4062 -0.9042
vn -0.0000 0.9411 -0.3380
vn 0.0192 0.9996 0.0188
vn 0.0774 0.9941 0.0756
vn 0.0082 0.9642 -0.2649
vn -0.0034 0.9806 -0.1960
vn 0.0076 0.9648 -0.2630
vn -0.0004 0.4603 -0.8878
vn 0.0046 -0.7418 0.6706
vn -0.6154 0.6561 -0.4369
vn 0.0149 0.9992 -0.0363
vn 0.0015 0.4640 -0.8858
vn -0.0023 0.3344 0.9424
vn -0.0039 0.3291 0.9443
vn -0.5929 0.6220 0.5114
vn -0.0003 -0.5959 -0.8030
vn 0.0005 -0.5086 0.8610
vn 0.0011 -0.5863 0.8101
vn -0.0005 0.4632 -0.8863
vn 0.0006 -0.4596 0.8881
vn -0.0022 0.3344 0.9424
vn 0.0158 0.2539 0.9671
vn 0.0074 -0.5957 0.8031
vn 0.0090 0.2679 0.9634
vn -0.0223 0.4207 0.9069
vn -0.0136 0.3883 0.9214
vn -0.8970 0.2814 -0.3410
vn -0.0003 0.2993 -0.9542
vn -0.0052 -0.5263 -0.8503
vn -0.8914 -0.1411 0.4308
vn -0.9077 -0.1327 0.3982
vn -0.9580 -0.1027 0.2677
vn 0.0073 -0.9788 0.2047
vn -0.7258 0.3374 -0.5995
vn -0.7264 0.3367 -0.5992
vn -0.7233 0.3402 -0.6009
vn -0.9602 -0.1192 0.2527
vn 0.0004 -0.4603 0.8877
vn -0.0029 0.4960 -0.8683
vn -0.0011 0.4653 -0.8852
vn -0.0004 0.4631 -0.8863
vn -0.7227 0.3410 -0.6012
vn -0.4936 0.3810 -0.7818
vn 0.0018 0.4636 -0.8860
vn -0.0033 0.4020 -0.9156
vn -0.0038 -0.9536 0.3011
vn 0.0074 -0.5923 0.8057
vn -0.9463 -0.1277 0.2970
vn -0.9929 -0.0659 0.0989
vn -0.9935 -0.0711 0.0887
vn 0.0023 0.3417 -0.9398
vn 0.0070 -0.4585 -0.8887
vn 0.0190 -0.5593 0.8287
vn 0.0104 -0.5795 0.8149
vn 0.0536 -0.6417 0.7651
vn -0.9580 -0.1026 0.2677
vn -0.0006 0.4584 -0.8888
vn 0.0039 -0.4791 0.8778
vn -0.0016 0.4614 -0.8872
vn -0.0076 -0.4771 0.8788
vn -0.0015 0.4611 -0.8873
vn -0.9999 -0.0060 -0.0080
vn -0.5964 0.3820 -0.7060
vn 0.0043 -0.4651 0.8852
vn -0.9999 -0.0026 -0.0104
vn 0.0021 -0.4593 0.8883
vn -0.4702 0.3955 -0.7890
vn -0.0001 -0.6466 -0.7628
vn 0.0003 -0.9970 0.0770
vn -0.4664 -0.4036 0.7871
vn -0.6253 -0.3752 0.6843
vn -0.6213 -0.3763 0.6873
vn -0.9997 -0.0187 0.0179
vn -0.0009 0.4618 -0.8870
vn -0.0015 -0.6425 -0.7663
vn 0.0014 -0.4583 0.8888
vn -0.0002 0.4684 -0.8835
vn -0.0023 -0.9599 0.2802
vn 0.0042 -0.7651 0.6438
vn -0.0041 -0.7532 0.6578
vn -0.0029 -0.7550 0.6558
vn -0.9992 -0.0163 0.0370
vn -0.4770 0.4194 -0.7724
vn -0.4291 0.4126 -0.8035
vn -0.4653 -0.4060 0.7866
vn -0.9990 -0.0105 0.0426
vn -0.4539 -0.4047 0.7938
vn 0.0054 -0.4548 0.8906
vn -0.0011 0.4608 -0.8875
vn -0.4839 0.4201 -0.7677
vn -0.0033 -0.9701 0.2428
vn 0.0002 -0.4626 0.8866
vn 0.0004 -0.4586 0.8886
vn -0.9972 -0.0112 0.0742
vn 0.0016 0.2665 -0.9638
vn -0.0008 -0.6421 -0.7666
vn -0.7896 0.2496 -0.5606
vn -0.8006 0.2475 -0.5457
vn -0.8952 0.2236 -0.3855
vn 0.0055 -0.7669 0.6417
vn -0.6890 -0.3380 0.6411
vn -0.6907 -0.3381 0.6393
vn -0.7067 -0.3344 0.6235
vn -0.0019 0.4543 -0.8908
vn -0.9967 -0.0115 0.0806
vn -0.8967 0.2309 -0.3777
vn 0.0050 -0.4616 0.8871
vn -0.4537 -0.4048 0.7939
vn -0.8953 0.2337 -0.3791
vn -0.8283 -0.2420 0.5053
vn -0.0011 0.4549 -0.8905
vn 0.0022 0.2673 -0.9636
vn 0.0047 -0.9554 0.2953
vn -0.7287 0.3114 -0.6099
vn 0.1075 -0.9021 0.4179
vn -0.8319 -0.2387 0.5010
vn -0.9896 -0.1000 0.1039
vn -0.9934 -0.0546 0.1013
vn -0.9916 -0.0783 0.1026
vn -0.9239 0.1234 -0.3622
vn -0.9325 0.1249 -0.3388
vn -0.9678 0.1315 -0.2147
vn -0.0053 -0.6963 -0.7177
vn -0.9944 -0.0334 0.1000
vn -0.0038 -0.4839 0.8751
vn 0.0034 -0.4569 0.8895
vn -0.9326 0.1249 -0.3387
vn -0.9723 0.1324 -0.1925
vn -0.9678 0.1315 -0.2146
vn 0.0034 0.2527 -0.9675
vn -0.0015 -0.6426 -0.7662
vn -0.0053 -0.6975 -0.7166
vn -0.8020 -0.2931 0.5205
vn -0.8147 -0.2909 0.5016
vn -0.8983 -0.2438 0.3656
vn 0.0003 -0.4615 0.8871
vn -0.0000 0.4575 -0.8892
vn -0.0011 0.4550 -0.8905
vn 0.0012 0.4739 -0.8806
vn 0.0034 0.2521 -0.9677
vn 0.0341 -0.8739 0.4849
vn 0.1812 -0.9157 0.3586
vn 0.1076 -0.9021 0.4179
vn 0.0342 -0.8739 0.4848
vn -0.9641 -0.1084 0.2423
vn 0.0421 -0.4246 0.9044
vn 0.0012 0.3777 -0.9259
vn 0.0038 0.4962 -0.8682
vn -0.4362 -0.4149 -0.7985
vn -0.3952 -0.9186 0.0096
vn 0.0135 -0.4483 0.8938
vn -0.3976 0.4240 -0.8137
vn -0.9971 -0.0330 0.0684
vn 0.0931 -0.3922 0.9152
vn -0.7290 0.3486 -0.5891
vn 0.0677 -0.6929 0.7179
vn 0.1660 -0.2991 0.9397
vn 0.0932 -0.3921 0.9152
vn -0.6429 -0.5251 -0.5576
vn -0.9986 -0.0275 0.0459
vn -0.9985 0.0181 0.0509
vn -0.8112 -0.3056 -0.4985
vn -0.0033 0.0985 0.9951
vn -0.0034 0.1047 0.9945
vn -0.0036 0.1084 0.9941
vn -0.0000 0.9999 -0.0108
vn -0.0014 1.0000 -0.0087
vn -0.0021 1.0000 -0.0028
vn 0.0208 0.9836 -0.1792
vn -0.0000 0.9826 -0.1859
vn -0.0068 0.9827 -0.1849
vn -0.0151 0.9817 -0.1900
vn -0.0990 -0.0749 0.9923
vn -0.0733 0.1719 0.9824
vn -0.0823 0.0912 0.9924
vn -0.0004 -0.9793 0.2023
vn -0.0001 -0.9788 0.2046
vn -0.0007 -0.9790 0.2038
vn 0.0002 -0.9791 0.2034
vn -0.0080 0.8550 0.5186
vn -0.0079 0.8537 0.5207
vn -0.0005 0.7591 0.6510
vn -0.0006 0.7525 0.6585
vn -0.0011 0.1073 0.9942
vn 0.0011 0.1194 0.9929
vn -0.0006 0.1099 0.9939
vn 0.0011 0.9990 -0.0452
vn 0.0010 0.9991 -0.0429
vn 0.0006 0.9957 0.0931
vn -0.0004 -0.9795 0.2015
vn -0.0026 -0.9581 0.2864
vn -0.0000 0.9732 0.2300
vn 0.0006 0.9956 0.0935
vn -0.0000 1.0000 0.0003
vn -0.0000 0.9995 -0.0312
vn 0.0004 -0.9802 0.1979
vn -0.0000 -0.9137 0.4065
vn -0.0007 -0.9186 0.3951
vn -0.0007 -0.9187 0.3949
vn -0.0391 -0.8948 0.4449
vn 0.0009 0.1093 0.9940
vn 0.0001 0.1073 0.9942
vn -0.0014 0.1043 0.9945
vn 0.0008 0.7447 0.6674
vn -0.0111 -0.9996 -0.0242
vn -0.0134 -0.9775 0.2105
vn -0.0075 -0.9776 0.2106
vn -0.0007 0.1095 0.9940
vn 0.0019 0.1402 0.9901
vn -0.9998 0.0014 0.0213
vn -0.9996 0.0083 0.0251
vn -0.9999 0.0016 0.0139
vn -0.0023 0.0724 0.9974
vn -0.0040 0.1054 0.9944
vn -0.0004 0.0761 0.9971
vn 0.0005 0.0979 0.9952
vn -0.0016 0.1017 0.9948
vn -0.0001 0.1012 0.9949
vn -0.0001 0.1068 0.9943
vn 0.0005 0.7395 0.6732
vn -0.9999 0.0028 0.0165
vn -0.9995 0.0118 0.0298
vn -0.0002 -0.9804 0.1969
vn -0.0003 0.0994 0.9950
vn -0.9999 0.0023 0.0146
vn -0.0002 -0.6341 0.7732
vn -0.0005 -0.6324 0.7746
vn -0.0006 -0.6236 0.7817
vn -0.5999 0.0701 0.7970
vn -0.6465 0.0787 0.7588
vn -0.6034 0.0708 0.7943
vn -0.9999 0.0020 0.0151
vn 0.0013 0.1014 0.9948
vn -0.6943 0.0680 0.7164
vn -0.6949 0.0648 0.7162
vn -0.6940 0.0666 0.7168
vn -0.0005 0.7538 0.6571
vn 0.0012 0.1414 0.9900
vn -0.9999 0.0018 0.0145
vn -0.6977 0.0706 0.7129
vn -0.6989 0.0705 0.7118
vn 0.0002 0.9861 -0.1663
vn 0.0001 0.9915 -0.1304
vn 0.0001 0.9893 -0.1456
vn -0.0003 0.9910 -0.1337
vn 0.0020 0.9915 -0.1300
vn -0.0000 0.9910 -0.1341
vn -0.0084 0.1201 0.9927
vn 0.0009 0.1003 0.9950
vn -0.0014 -0.6227 0.7824
vn 0.0003 0.0475 0.9989
vn -0.9999 0.0018 0.0144
vn 0.0042 0.1274 0.9918
vn 0.0003 0.0991 0.9951
vn -0.0004 0.0971 0.9953
vn -0.0001 -0.9807 0.1954
vn -0.6631 0.0767 0.7446
vn -0.6659 0.0778 0.7419
vn -0.0002 -0.6256 0.7802
vn 0.6178 0.7792 -0.1054
vn 0.6836 0.7224 -0.1041
vn 0.6814 0.7245 -0.1041
vn -0.6616 0.0831 0.7452
vn -0.6538 0.0792 0.7526
vn -0.9999 0.0020 0.0132
vn -0.0005 0.1032 0.9947
vn 0.0007 0.1060 0.9944
vn 0.0025 0.1153 0.9933
vn -0.6982 0.0731 0.7122
vn -0.6994 0.0711 0.7111
vn -0.0003 -0.5089 0.8608
vn 0.6532 0.7493 -0.1087
vn 0.6179 0.7792 -0.1054
vn 0.6072 0.7870 -0.1097
vn -0.9999 0.0007 0.0110
vn -0.0000 0.9907 -0.1362
vn -0.0003 0.9909 -0.1349
vn 0.0001 0.9907 -0.1360
vn -0.0003 0.9906 -0.1370
vn 0.6814 0.7244 -0.1041
vn 0.0002 0.1194 0.9928
vn -0.0005 0.0975 0.9952
vn 0.0087 0.1104 0.9939
vn -0.0007 0.0973 0.9953
vn -0.6991 0.0727 0.7113
vn -0.0003 0.7577 0.6526
vn -0.0019 0.9197 -0.3926
vn 0.6545 0.7482 -0.1087
vn 0.7310 0.1015 0.6748
vn -0.9999 0.0005 0.0101
vn -0.0011 0.0981 0.9952
vn -0.7037 0.0684 0.7072
vn 0.0004 0.1025 0.9947
vn 0.0018 0.1074 0.9942
vn 0.0008 0.1101 0.9939
vn -0.0001 0.9907 -0.1359
vn 0.0004 0.9899 -0.1421
vn -0.9999 0.0009 0.0111
vn 0.0081 0.1045 0.9945
vn -0.0001 -0.5657 0.8246
vn 0.0005 -0.6242 0.7813
vn -0.0016 0.9905 -0.1374
vn -0.0021 0.9718 -0.2358
vn -0.7147 0.0740 0.6955
vn -0.6977 0.0716 0.7128
vn -0.9999 0.0010 0.0119
vn -0.0018 0.1011 0.9949
vn -0.0021 0.1024 0.9947
vn -0.0015 0.0970 0.9953
vn -0.2551 0.0976 0.9620
vn -0.0006 0.0950 0.9955
vn -0.0009 0.0989 0.9951
vn -0.0101 0.5476 -0.8367
vn -0.0066 0.5837 -0.8119
vn -0.0113 0.6512 -0.7589
vn -0.0012 0.1040 0.9946
vn -0.0002 0.0890 0.9960
vn -0.0007 0.0878 0.9961
vn -0.0009 0.6262 -0.7797
vn -0.0008 0.6253 -0.7804
vn -0.0039 0.6484 -0.7613
vn 0.0083 0.1048 0.9945
vn -0.9999 0.0009 0.0126
vn -0.7032 0.0684 0.7077
vn 0.0023 -0.9793 0.2026
vn -0.0046 0.6838 -0.7296
vn -0.0075 0.7060 -0.7082
vn -0.0076 0.7056 -0.7086
vn -0.0138 0.2840 -0.9587
vn 0.0033 0.3752 -0.9269
vn -0.0147 0.2791 -0.9602
vn -0.0057 0.5820 -0.8132
vn 0.0033 0.7338 -0.6794
vn 0.0038 0.7416 -0.6708
vn 1.0000 -0.0012 -0.0007
vn 1.0000 -0.0074 0.0003
vn 1.0000 -0.0013 0.0035
vn 0.0081 0.1065 0.9943
vn 0.0091 0.1078 0.9941
vn -0.9999 0.0013 0.0128
vn -0.9999 0.0014 0.0134
vn 0.0042 0.3798 -0.9251
vn -0.0061 0.6173 -0.7867
vn -0.0140 0.5431 -0.8396
vn 1.0000 0.0031 -0.0092
vn 1.0000 0.0015 -0.0067
vn 1.0000 -0.0011 -0.0007
vn -0.0004 0.0990 0.9951
vn -0.0004 0.1018 0.9948
vn 0.0006 0.0999 0.9950
vn -0.6898 0.0751 0.7201
vn -0.6913 0.0727 0.7189
vn 0.0012 -0.6256 0.7802
vn 0.0012 0.7329 0.6804
vn -1.0000 0.0021 0.0095
vn -1.0000 0.0012 0.0083
vn -1.0000 -0.0000 0.0090
vn -1.0000 0.0005 0.0072
vn -1.0000 0.0009 0.0081
vn -1.0000 0.0007 0.0075
vn -0.0003 -0.3818 0.9242
vn -0.0022 -0.9771 0.2126
vn -0.0003 0.1204 0.9927
vn -0.0014 0.9910 -0.1338
vn -0.0009 0.6261 -0.7797
vn 0.0060 0.1076 0.9942
vn -0.6960 0.0778 0.7138
vn -0.6804 0.0753 0.7290
vn -0.0013 0.0953 0.9954
vn -0.0009 0.9910 -0.1336
vn -0.0010 0.6549 -0.7557
vn -0.0011 0.6553 -0.7553
vn 0.5956 -0.0883 -0.7984
vn 1.0000 -0.0035 0.0014
vn 0.0064 0.1105 0.9939
vn 0.0033 0.1063 0.9943
vn -0.0155 0.8142 -0.5804
vn 1.0000 0.0029 0.0026
vn 0.0006 0.1011 0.9949
vn -0.6884 0.0695 0.7220
vn 0.0001 0.0993 0.9951
vn -0.0074 0.6825 -0.7309
vn -0.6776 0.0834 0.7307
vn -0.6351 0.0783 0.7685
vn -0.9999 0.0007 0.0101
vn -0.9999 0.0012 0.0103
vn 0.0012 -0.6260 0.7798
vn -0.0040 0.6636 0.7481
vn -0.0010 0.9909 -0.1347
vn 0.0001 0.3829 -0.9238
vn -0.0146 0.4060 -0.9138
vn -0.0028 0.3875 -0.9219
vn 1.0000 0.0010 -0.0004
vn -0.7800 0.0664 0.6223
vn -0.6685 0.0693 0.7405
vn 0.0176 0.0520 0.9985
vn -0.0144 -0.9094 -0.4157
vn -0.0825 0.0913 0.9924
vn -0.0735 0.1719 0.9824
vn -0.0724 0.1810 0.9808
vn -0.0258 0.4385 0.8984
vn 0.0105 0.5331 0.8460
vn -0.0208 0.4529 0.8913
vn 0.0023 -0.9798 0.2001
vn -0.0175 0.4105 -0.9117
vn -0.0028 0.3875 -0.9218
vn -0.0161 -0.1121 -0.9936
vn -0.0142 -0.0372 -0.9992
vn -0.0112 -0.0992 -0.9950
vn 0.0033 -0.0732 -0.9973
vn -0.0045 -0.1124 -0.9937
vn 0.0058 0.1078 0.9942
vn -0.7434 0.0608 0.6660
vn -0.7711 0.0629 0.6336
vn 0.0021 0.6015 0.7989
vn 0.0120 0.4974 0.8674
vn 0.0021 0.6014 0.7990
vn -0.0927 0.2319 -0.9683
vn -0.0492 0.8695 0.4915
vn -0.0492 0.8698 0.4910
vn -0.0503 0.8743 0.4828
vn -0.0518 0.8803 0.4716
vn 0.0279 0.4490 0.8931
vn -0.7861 0.0615 0.6150
vn -0.9999 0.0003 0.0111
vn 0.0004 0.1021 0.9948
vn -0.6939 0.0695 0.7167
vn -0.0003 0.0983 0.9952
vn 0.0282 0.4474 0.8939
vn 0.0002 0.1225 0.9925
vn -0.0016 0.9914 -0.1310
vn 0.7876 0.0542 0.6139
vn 0.7874 0.0542 0.6141
vn 0.7776 0.0719 0.6247
vn 0.0010 0.1069 0.9943
vn -0.7562 0.0703 0.6506
vn -0.7341 0.0759 0.6748
vn -0.6636 0.0702 0.7448
vn -0.6983 0.0725 0.7121
vn 0.0018 -0.9800 0.1992
vn 0.0093 0.1128 0.9936
vn 0.0019 0.9915 -0.1300
vn -0.0076 -0.1173 -0.9931
vn -0.0072 -0.0147 -0.9999
vn -0.0072 -0.1153 -0.9933
vn -0.0037 -0.1106 -0.9939
vn -0.0103 -0.1129 -0.9936
vn -0.0122 -0.1123 -0.9936
vn 0.7774 0.0705 0.6250
vn -0.7031 0.0715 0.7075
vn 0.0001 0.1007 0.9949
vn -0.7143 0.0689 0.6964
vn -0.0028 0.0992 0.9951
vn 0.5319 -0.1022 -0.8406
vn 0.5727 -0.0869 -0.8152
vn 0.5349 -0.1010 -0.8389
vn 0.0887 0.1041 0.9906
vn -0.0018 0.1217 0.9926
vn 0.0069 0.0976 0.9952
vn -0.7187 0.0670 0.6921
vn -0.7149 0.0659 0.6961
vn -0.7131 0.0682 0.6978
vn -0.7129 0.0691 0.6978
vn -0.0008 0.0967 0.9953
vn 0.7781 0.0874 0.6221
vn -0.6376 0.0793 0.7663
vn -0.7195 0.0710 0.6909
vn 0.0009 0.1001 0.9950
vn 0.0027 0.1016 0.9948
vn -0.5761 0.7233 -0.3808
vn -0.0142 -0.1149 -0.9933
vn -0.0061 -0.1270 -0.9919
vn -0.0093 -0.1197 -0.9928
vn -0.0030 -0.2384 -0.9712
vn 0.0089 0.0969 0.9953
vn 0.0093 0.0956 0.9954
vn -0.7353 0.0655 0.6746
vn 0.0002 0.0991 0.9951
vn -0.0007 0.0989 0.9951
vn -0.7204 0.0658 0.6905
vn 0.0645 0.1015 0.9927
vn 0.0109 0.0942 0.9955
vn 0.0066 0.1013 0.9948
vn 0.0045 0.1007 0.9949
vn 0.0058 0.0959 0.9954
vn 0.0089 0.0976 0.9952
vn -0.9999 0.0014 0.0130
vn -0.9999 0.0015 0.0137
vn 0.0064 0.0917 0.9958
vn -0.0186 0.1032 0.9945
vn -0.0018 0.0953 0.9954
vn 0.6853 0.0788 0.7240
vn 0.6818 0.0809 0.7271
vn 0.7013 0.0695 0.7094
vn 0.0021 0.1010 0.9949
vn -0.0029 0.1149 0.9934
vn -0.0084 -0.1268 -0.9919
vn 1.0000 -0.0031 -0.0026
vn -0.7397 0.0684 0.6695
vn -0.7231 0.0730 0.6869
vn -0.7289 0.0699 0.6811
vn -0.7181 0.0642 0.6930
vn 0.7025 0.0669 0.7086
vn -0.6868 0.7162 -0.1236
vn -0.7852 0.6134 -0.0851
vn -0.7733 0.6284 -0.0848
vn -0.0082 -0.1147 -0.9934
vn -0.0085 -0.1267 -0.9919
vn -0.0136 -0.1097 -0.9939
vn 1.0000 -0.0014 -0.0021
vn 0.0003 0.0981 0.9952
vn 0.0039 0.1030 0.9947
vn -0.6740 0.7296 -0.1158
vn -0.6827 0.7218 -0.1137
vn -0.0105 0.1021 0.9947
vn 0.0023 0.1012 0.9949
vn -0.5356 0.1132 0.8369
vn -0.6800 0.7223 -0.1264
vn 0.0127 0.0938 0.9955
vn 0.0134 0.1043 0.9945
vn 0.0105 0.1031 0.9946
vn 0.0127 0.1080 0.9941
vn 0.0104 0.1007 0.9949
vn 0.0108 0.1021 0.9947
vn -0.9999 0.0017 0.0120
vn -0.0017 0.0952 0.9955
vn 0.1963 0.0983 0.9756
vn -0.0029 0.1148 0.9934
vn -0.6182 -0.0833 -0.7816
vn -0.7190 -0.0819 -0.6901
vn -0.6222 -0.0832 -0.7784
vn 0.0078 0.1042 0.9945
vn -0.9999 0.0009 0.0106
vn -0.7067 0.0647 0.7046
vn -0.0050 0.0970 0.9953
vn 0.9999 0.0072 0.0147
vn 0.9999 0.0025 0.0163
vn 0.9999 0.0045 0.0156
vn -0.9968 0.0763 0.0232
vn -0.9997 0.0257 0.0033
vn -0.9996 0.0249 0.0126
vn -0.6828 0.7217 -0.1136
vn 0.4778 -0.0955 -0.8733
vn 1.0000 0.0019 -0.0058
vn 1.0000 -0.0065 0.0036
vn 1.0000 -0.0011 0.0014
vn 0.6882 0.0541 0.7235
vn 0.5103 0.0951 0.8547
vn 0.6822 0.0557 0.7291
vn 0.0162 0.1086 0.9940
vn 0.0038 0.1057 0.9944
vn -0.5875 0.0570 0.8072
vn -0.0047 0.0935 0.9956
vn 0.7170 0.0737 0.6932
vn 0.9998 0.0017 0.0173
vn 0.9998 0.0017 0.0174
vn 0.9999 0.0024 0.0165
vn -0.6703 -0.0935 -0.7362
vn 1.0000 0.0008 -0.0040
vn 0.0162 0.1085 0.9940
vn -0.7270 0.0695 0.6831
vn -1.0000 0.0008 0.0097
vn -0.0103 0.0882 0.9961
vn 0.0043 0.1041 0.9946
vn 0.7009 0.0833 0.7084
vn -0.0091 -0.1165 -0.9931
vn -0.0120 -0.1151 -0.9933
vn 1.0000 0.0037 0.0045
vn -0.9999 -0.0003 0.0128
vn -0.9999 -0.0000 0.0123
vn -0.0051 0.0941 0.9955
vn 0.0073 0.1092 0.9940
vn -0.0051 0.1090 0.9940
vn 0.0039 0.1011 0.9949
vn -0.7000 0.0597 0.7117
vn 0.7040 0.0710 0.7066
vn 0.9998 0.0015 0.0174
vn 0.9998 0.0018 0.0174
vn -0.6215 -0.0915 -0.7780
vn -0.9999 -0.0004 0.0127
vn -0.0005 0.0985 0.9951
vn 0.7038 0.0710 0.7069
vn 0.0010 0.0986 0.9951
vn 0.4764 -0.0956 -0.8740
vn 1.0000 0.0032 0.0045
vn 0.5042 0.0963 0.8582
vn 0.7544 0.0574 0.6539
vn 0.7246 0.0654 0.6861
vn 0.7534 0.0576 0.6551
vn 0.7624 0.0675 0.6435
vn 0.7612 0.0674 0.6450
vn -0.5780 0.0562 0.8141
vn -0.0022 0.1058 0.9944
vn -1.0000 0.0027 -0.0018
vn 0.7611 0.0674 0.6451
vn -0.0021 0.1001 0.9950
vn -0.0005 0.0958 0.9954
vn -1.0000 0.0002 -0.0014
vn 1.0000 -0.0010 0.0014
vn 1.0000 0.0031 0.0045
vn 0.9936 -0.0268 -0.1097
vn 0.3190 0.1006 0.9424
vn 0.0077 0.1064 0.9943
vn 0.0051 0.0940 0.9956
vn -0.0007 0.1026 0.9947
vn -0.0012 0.1025 0.9947
vn -0.0102 -0.1113 -0.9937
vn -0.0108 -0.1141 -0.9934
vn -0.0035 0.7669 0.6417
vn -0.0001 0.7790 0.6271
vn -0.0029 0.7693 0.6389
vn 0.0001 0.1206 0.9927
vn 0.0002 0.1202 0.9928
vn 0.7012 0.0701 0.7095
vn 0.0007 0.0995 0.9950
vn 0.9999 0.0004 0.0148
vn 0.9998 0.0011 0.0174
vn 0.9999 0.0015 0.0161
vn -0.0009 0.0992 0.9951
vn 0.6989 0.0679 0.7120
vn 0.9998 0.0012 0.0175
vn 0.9998 0.0017 0.0175
vn 0.9999 0.0015 0.0163
vn 0.0010 0.1034 0.9946
vn -0.0028 0.1059 0.9944
vn -0.0029 0.1059 0.9944
vn -0.4193 0.0974 0.9026
vn 0.8610 -0.0661 -0.5043
vn 1.0000 0.0021 0.0048
vn 1.0000 0.0063 -0.0019
vn 0.2940 0.1258 0.9475
vn 1.0000 -0.0025 0.0071
vn 0.9997 -0.0099 0.0211
vn 1.0000 0.0035 0.0052
vn 0.7163 -0.6846 0.1349
vn 0.6349 -0.7652 0.1069
vn 0.6462 -0.7551 0.1108
vn 0.0011 0.1000 0.9950
vn 0.3391 0.0974 0.9357
vn -0.0132 -0.1191 -0.9928
vn 1.0000 0.0010 0.0047
vn 0.0044 0.1078 0.9942
vn -0.0299 0.9799 -0.1970
vn -0.0472 0.9769 -0.2084
vn -0.0032 0.9873 -0.1587
vn -0.0070 0.9836 -0.1800
vn -0.0010 0.1052 0.9944
vn -0.9997 -0.0112 0.0199
vn -1.0000 -0.0054 -0.0001
vn -0.6601 -0.0830 -0.7466
vn -0.6298 -0.0779 -0.7728
vn -0.0096 -0.1105 -0.9938
vn 1.0000 0.0024 -0.0029
vn 1.0000 0.0023 -0.0035
vn 0.9960 0.0151 0.0885
vn 0.9999 -0.0030 0.0116
vn 1.0000 0.0046 0.0026
vn 1.0000 -0.0009 0.0005
vn 1.0000 -0.0030 0.0002
vn 1.0000 -0.0026 0.0071
vn 1.0000 -0.0009 0.0001
vn -0.0000 0.1043 0.9945
vn 0.0041 0.1112 0.9938
vn -0.0265 0.9758 -0.2172
vn 0.0173 -0.9876 0.1559
vn -0.0000 0.9999 0.0135
vn -0.0032 0.9999 -0.0132
vn -0.0006 0.1051 0.9945
vn 0.0002 0.7796 0.6262
vn 0.7007 0.0702 0.7100
vn 0.0013 0.0993 0.9951
vn -1.0000 0.0026 0.0022
vn 1.0000 0.0003 0.0006
vn 0.9999 -0.0031 0.0116
vn 1.0000 -0.0009 0.0006
vn 0.9999 0.0096 -0.0042
vn 0.7996 -0.5897 0.1131
vn 0.0031 0.0937 0.9956
vn 0.0004 0.0980 0.9952
vn 0.0007 0.0954 0.9954
vn 0.0001 0.1002 0.9950
vn -0.0103 -0.1112 -0.9937
vn 0.9893 0.0228 0.1440
vn 1.0000 0.0024 -0.0028
vn 0.9960 0.0151 0.0884
vn 0.0035 0.1007 0.9949
vn 0.0022 0.4930 0.8700
vn 0.0026 0.4954 0.8687
vn 0.0018 0.4930 0.8700
vn 0.9998 0.0014 0.0176
vn 0.6996 0.0720 0.7109
vn 0.0017 0.1000 0.9950
vn 0.8037 -0.5845 0.1116
vn 0.6952 0.0723 0.7152
vn 0.0014 0.1073 0.9942
vn -1.0000 0.0020 0.0012
vn 0.9545 -0.0407 -0.2953
vn 0.9549 -0.0405 -0.2940
vn 1.0000 0.0034 -0.0034
vn 0.0196 0.5797 -0.8146
vn 0.0939 0.9923 0.0805
vn -0.0021 -0.0000 1.0000
vn -0.0000 -0.0000 -1.0000
vn -0.0000 0.9998 -0.0216
vn 0.0020 0.0976 0.9952
vn 0.6945 0.0718 0.7159
vn -0.0008 0.0997 0.9950
vn -0.0174 -0.1243 -0.9921
vn -0.0120 -0.1195 -0.9928
vn -0.0083 -0.1183 -0.9929
vn 1.0000 0.0006 -0.0043
vn 0.9985 -0.0396 -0.0389
vn -0.0083 0.9348 0.3552
vn 0.0940 0.9923 0.0806
vn 0.0407 0.9986 0.0349
vn 0.1427 0.9822 0.1223
vn -0.0000 0.8981 0.4398
vn -0.1193 0.6406 0.7585
vn 0.0007 0.9832 -0.1826
vn -0.6276 -0.0776 -0.7747
vn 0.9811 -0.0237 -0.1922
vn 1.0000 0.0051 -0.0060
vn 0.9533 0.0292 0.3006
vn 0.9609 -0.0345 -0.2746
vn 1.0000 0.0036 -0.0020
vn -0.0021 0.4439 0.8961
vn 0.9998 0.0009 0.0176
vn -0.0004 0.1144 0.9934
vn -0.0178 -0.1090 -0.9939
vn -0.0160 -0.1239 -0.9922
vn -0.0107 -0.1230 -0.9923
vn -0.0166 -0.1205 -0.9926
vn 0.0012 -0.9825 0.1865
vn 0.0007 -0.9831 0.1832
vn 0.0022 -0.9824 0.1865
vn -0.0036 0.9865 -0.1637
vn -0.0005 0.1053 0.9944
vn 0.0039 0.0971 0.9953
vn 0.0024 0.0980 0.9952
vn 0.9998 0.0010 0.0174
vn -0.0040 -0.9815 0.1912
vn 0.0010 -0.9821 0.1884
vn 0.6951 0.0713 0.7154
vn 0.5291 0.0889 0.8439
vn 0.6120 0.0860 0.7862
vn 0.6113 0.0860 0.7867
vn -0.0015 0.1105 0.9939
vn -0.0078 -0.1034 -0.9946
vn 0.4248 -0.1098 -0.8986
vn -0.0054 0.1209 0.9927
vn -1.0000 -0.0004 0.0030
vn -0.0003 0.1093 0.9940
vn 0.0024 0.9529 0.3034
vn -0.0040 0.9869 -0.1615
vn -0.0001 0.1076 0.9942
vn 0.6976 0.0700 0.7131
vn 0.9999 0.0018 0.0155
vn -0.0134 -0.1144 -0.9933
vn -0.0119 -0.1167 -0.9931
vn 0.2338 -0.1745 -0.9565
vn 0.4798 -0.1578 -0.8631
vn 0.2624 -0.2055 -0.9428
vn -0.0005 0.4858 0.8741
vn 0.0040 0.0973 0.9952
vn -0.0087 -0.1219 -0.9925
vn 0.3598 -0.1373 -0.9228
vn 0.3547 -0.1382 -0.9247
vn 0.4825 -0.1139 -0.8684
vn 0.4826 -0.1139 -0.8684
vn 0.4001 -0.0988 -0.9111
vn 0.4061 -0.0998 -0.9084
vn 0.0833 -0.2190 -0.9722
vn 0.0037 0.0975 0.9952
vn -1.0000 -0.0013 -0.0017
vn -0.0115 -0.1161 -0.9932
vn 0.3599 -0.1373 -0.9228
vn 0.0045 -0.9820 0.1888
vn 0.0036 0.1007 0.9949
vn -0.0004 0.1075 0.9942
vn -0.0006 0.0927 0.9957
vn 0.6941 0.0668 0.7168
vn 0.0021 0.4928 0.8701
vn -0.0005 0.4859 0.8740
vn 0.0002 0.4823 0.8760
vn 0.9998 0.0022 0.0185
vn -0.0024 -0.7604 0.6495
vn 0.0041 -0.5958 0.8031
vn -0.0023 -0.7593 0.6507
vn 0.0004 0.1226 0.9925
vn 0.0033 0.0964 0.9953
vn 0.9998 0.0025 0.0194
vn 0.4386 0.0972 0.8934
vn 0.4396 0.0971 0.8929
vn -1.0000 -0.0047 -0.0065
vn -0.0159 -0.1209 -0.9925
vn -0.0107 -0.1228 -0.9924
vn -0.0105 -0.1348 -0.9908
vn 0.0016 -0.9815 0.1912
vn 0.0003 0.7807 0.6249
vn -0.0054 0.1003 0.9949
vn -0.0088 -0.1227 -0.9924
vn -0.0064 -0.1249 -0.9921
vn -0.0090 -0.1225 -0.9924
vn -0.0105 -0.1376 -0.9904
vn -0.0090 -0.1270 -0.9919
vn -0.0088 -0.1291 -0.9916
vn 0.0035 -0.2159 -0.9764
vn -1.0000 0.0046 -0.0032
vn -0.0028 -0.1061 -0.9944
vn -0.0003 -0.1222 -0.9925
vn -0.0007 0.7822 0.6230
vn 0.9999 0.0017 0.0165
vn -0.0055 0.1005 0.9949
vn -0.6268 -0.1091 -0.7715
vn -0.6301 -0.1075 -0.7690
vn -0.6587 -0.0937 -0.7465
vn -0.0102 -0.1180 -0.9930
vn -0.0107 -0.1199 -0.9927
vn -0.0094 -0.1136 -0.9935
vn 0.0011 0.0968 0.9953
vn 0.7124 0.0675 0.6985
vn 0.9999 0.0014 0.0167
vn -0.0102 -0.1217 -0.9925
vn -0.0102 -0.1218 -0.9925
vn -0.0102 -0.1400 -0.9901
vn -0.0127 -0.9168 -0.3991
vn -0.0125 -0.9151 -0.4030
vn -0.0035 -0.7984 -0.6021
vn -0.0004 0.9877 -0.1566
vn 0.7163 0.0711 0.6942
vn -0.0010 0.1021 0.9948
vn -0.6481 -0.0743 -0.7579
vn -0.0103 -0.1117 -0.9937
vn -0.0104 -0.1527 -0.9882
vn 0.0013 -0.9817 0.1904
vn -0.0100 -0.1204 -0.9927
vn -0.0016 0.1236 0.9923
vn 0.0051 0.1024 0.9947
vn 0.0015 0.1054 0.9944
vn -1.0000 -0.0008 -0.0023
vn -1.0000 0.0015 -0.0000
vn 0.0002 0.1070 0.9943
vn 0.7290 0.0741 0.6805
vn -1.0000 0.0043 0.0012
vn -0.0087 -0.1204 -0.9927
vn -0.0226 -0.7006 -0.7132
vn 0.0041 -0.5943 0.8042
vn 0.9999 0.0017 0.0147
vn -0.0046 0.0988 0.9951
vn -0.0055 0.1003 0.9949
vn -0.0054 0.1006 0.9949
vn -0.9577 0.0305 0.2861
vn 0.0001 0.4813 0.8765
vn 0.0014 0.1276 0.9918
vn 0.0008 0.0948 0.9955
vn 0.7225 0.0717 0.6877
vn -0.0023 0.1017 0.9948
vn -0.6571 -0.0860 -0.7489
vn -0.0152 -0.1143 -0.9933
vn -0.0014 -0.9820 0.1891
vn 0.0002 0.9876 -0.1568
vn -0.0001 0.7842 0.6204
vn 0.7399 0.0606 0.6700
vn 0.7409 0.0654 0.6685
vn 0.0021 0.1034 0.9946
vn 0.0001 0.0971 0.9953
vn -0.0093 -0.1161 -0.9932
vn -0.0070 -0.9826 0.1855
vn 0.0015 0.1008 0.9949
vn 0.9999 0.0006 0.0157
vn -0.0217 -0.1151 -0.9931
vn -0.0066 -0.1532 -0.9882
vn 0.9998 0.0035 0.0176
vn 0.0017 0.0992 0.9951
vn -1.0000 -0.0034 0.0010
vn -0.0157 -0.1112 -0.9937
vn -0.0080 -0.7985 -0.6020
vn -0.0045 -0.7983 -0.6023
vn -0.0005 0.0916 0.9958
vn 1.0000 -0.0017 0.0029
vn 1.0000 0.0009 0.0086
vn 0.9998 0.0001 0.0187
vn -0.0000 -0.0000 -0.0000
vn 0.9998 0.0090 0.0155
vn -0.6430 -0.0677 -0.7629
vn 0.0006 0.1000 0.9950
vn 0.9999 0.0005 0.0157
vn 1.0000 -0.0000 0.0075
vn 0.9996 0.0094 0.0280
vn -1.0000 -0.0002 0.0012
vn -0.0020 -0.8610 -0.5087
vn -0.0072 -0.8136 -0.5813
vn 0.0019 0.0977 0.9952
vn -0.6938 -0.1027 -0.7128
vn -0.6327 -0.0970 -0.7683
vn -0.6908 -0.1024 -0.7158
vn 0.0741 0.9958 -0.0542
vn -0.0113 -0.1456 -0.9893
vn -0.0009 -0.9814 0.1921
vn 0.0008 0.9877 -0.1564
vn 0.7379 0.0628 0.6720
vn 0.0001 0.4811 0.8766
vn -0.0000 0.7841 0.6207
vn 0.7395 0.0647 0.6701
vn 0.7410 0.0638 0.6684
vn 0.0027 0.0999 0.9950
vn 0.0008 0.0986 0.9951
vn -0.0134 -0.1201 -0.9927
vn 0.0013 0.0981 0.9952
vn 0.0001 0.5816 0.8135
vn 0.0002 0.2363 0.9717
vn 0.0006 0.1071 0.9942
vn 0.7421 0.0655 0.6671
vn 0.0034 0.1036 0.9946
vn 0.9997 -0.0028 0.0242
vn -1.0000 -0.0016 0.0051
vn -1.0000 0.0006 0.0025
vn -1.0000 0.0055 -0.0062
vn -0.0086 -0.1149 -0.9933
vn -0.0000 0.7842 0.6205
vn -0.0015 0.1236 0.9923
vn 0.0029 0.1492 0.9888
vn 0.0043 0.1053 0.9944
vn -0.0001 0.1006 0.9949
vn -1.0000 0.0057 -0.0034
vn -0.0090 -0.1220 -0.9925
vn 0.7334 0.0769 0.6755
vn -0.6028 -0.0971 -0.7919
vn -0.6054 -0.1001 -0.7896
vn 0.7282 0.0740 0.6813
vn 0.7445 0.0777 0.6631
vn 0.7306 0.0667 0.6796
vn -0.0109 -0.1462 -0.9892
vn -0.0003 -0.9822 0.1879
vn 0.0022 0.9875 -0.1575
vn 0.0010 0.9872 -0.1592
vn 0.0046 0.1033 0.9946
vn 0.9997 -0.0007 0.0264
vn -1.0000 0.0006 0.0039
vn -0.5843 -0.0949 -0.8060
vn 0.0029 0.0997 0.9950
vn -0.0040 -0.7702 -0.6377
vn 0.0027 -0.9853 0.1711
vn 0.0031 0.0995 0.9950
vn 0.9998 0.0050 0.0217
vn -0.0006 0.0991 0.9951
vn -0.0191 -0.1245 -0.9920
vn -0.0120 -0.1167 -0.9931
vn -0.0024 0.0964 0.9953
vn -0.0004 0.1058 0.9944
vn 0.0007 0.4885 0.8725
vn -0.0012 -0.9798 0.2002
vn 0.0007 0.4900 0.8717
vn 0.9998 0.0033 0.0174
vn -0.0014 0.0991 0.9951
vn -1.0000 -0.0084 0.0031
vn -0.5991 -0.0905 -0.7955
vn 0.7198 0.0371 0.6932
vn 0.7282 0.0740 0.6814
vn 0.0024 0.0971 0.9953
vn 0.9999 0.0014 0.0158
vn -0.9998 0.0011 0.0185
vn 0.0001 -0.9841 0.1775
vn 0.0020 0.1074 0.9942
vn 0.0011 0.0965 0.9953
vn 0.0010 0.0966 0.9953
vn 0.0004 0.0953 0.9955
vn -0.0040 -0.7636 -0.6457
vn -0.0016 0.1010 0.9949
vn -0.0121 -0.1146 -0.9933
vn -0.0058 -0.1358 -0.9907
vn -0.0001 0.1038 0.9946
vn -1.0000 -0.0013 -0.0071
vn -0.6163 -0.0894 -0.7824
vn 0.0017 0.0923 0.9957
vn 0.0033 0.1005 0.9949
vn 0.0002 0.1024 0.9947
vn -0.9996 0.0012 -0.0271
vn 0.9999 0.0010 0.0155
vn 0.9999 0.0028 0.0123
vn 0.0004 0.9860 -0.1666
vn -0.6311 -0.0829 -0.7713
vn -0.0117 -0.1293 -0.9915
vn -0.0009 0.9856 -0.1691
vn 0.9999 -0.0024 0.0157
vn 0.3167 0.1015 0.9431
vn 0.0005 0.1044 0.9945
vn -0.0025 0.4712 0.8820
vn 0.0047 0.1055 0.9944
vn 0.0076 -0.6670 -0.7450
vn 0.0065 0.1045 0.9945
vn 0.9978 -0.0546 0.0381
vn 0.9978 -0.0551 0.0379
vn -0.0003 0.1078 0.9942
vn -0.0128 -0.1190 -0.9928
vn 0.9998 -0.0204 0.0089
vn 1.0000 -0.0000 -0.0000
vn 1.0000 -0.0000 0.0001
vn 0.9999 0.0094 0.0041
vn -0.0029 0.1091 0.9940
vn -0.0004 0.1078 0.9942
vn 0.0004 0.1033 0.9947
vn -0.4711 -0.1017 -0.8762
vn -0.5826 -0.1049 -0.8060
vn 0.0026 -0.9814 0.1918
vn -0.0001 -0.9834 0.1813
vn 0.0003 0.5096 0.8604
vn 0.9998 0.0028 0.0213
vn 0.9978 -0.0550 0.0379
vn 0.9996 -0.0177 0.0218
vn 0.9906 0.1061 0.0865
vn -1.0000 -0.0002 -0.0019
vn 0.0080 -0.6639 -0.7478
vn 0.0023 -0.9804 0.1969
vn 0.9569 0.0236 0.2894
vn -0.9999 0.0007 0.0165
vn 0.9998 0.0035 0.0188
vn -0.0125 -0.1300 -0.9914
vn 0.0004 0.5109 0.8596
vn -0.0000 0.0982 0.9952
vn -0.0042 0.9846 -0.1746
vn -0.0063 0.9840 -0.1783
vn 0.9997 0.0013 0.0232
vn -0.0016 0.1022 0.9948
vn -0.0006 0.1053 0.9944
vn 1.0000 0.0058 0.0015
vn 1.0000 0.0070 -0.0043
vn 0.0008 0.1025 0.9947
vn 0.0044 0.0991 0.9951
vn -0.5910 -0.1030 -0.8001
vn -0.5897 -0.1041 -0.8009
vn -0.0120 -0.1242 -0.9922
vn -0.0114 -0.1415 -0.9899
vn -0.0195 -0.1128 -0.9934
vn 0.0020 -0.9790 0.2040
vn 0.6970 0.0617 0.7144
vn 0.7984 0.0603 0.5991
vn 0.6946 0.0617 0.7167
vn -0.9995 0.0040 -0.0316
vn -0.9994 0.0002 0.0339
vn -0.0014 0.1091 0.9940
vn 0.0043 0.1056 0.9944
vn -0.9978 -0.0165 -0.0642
vn 0.0003 -0.9837 0.1797
vn -0.7127 -0.0765 -0.6972
vn 0.8001 0.0603 0.5969
vn -0.0004 0.1019 0.9948
vn -0.9997 0.0095 0.0241
vn -0.0074 -0.1437 -0.9896
vn -0.0082 -0.8867 -0.4622
vn -0.0083 -0.8871 -0.4616
vn -0.0103 -0.8920 -0.4519
vn 0.0038 0.1038 0.9946
vn -0.0011 -0.9818 0.1897
vn -0.7032 -0.0717 -0.7073
vn -0.9999 -0.0002 0.0131
vn -0.0111 -0.1230 -0.9923
vn -0.0064 -0.1453 -0.9894
vn -0.0153 -0.8205 -0.5714
vn -0.0224 -0.8514 -0.5240
vn -1.0000 -0.0004 -0.0034
vn -0.3721 -0.1151 -0.9210
vn -0.3714 -0.1151 -0.9213
vn -0.6117 -0.1141 -0.7828
vn -0.0084 -0.1507 -0.9885
vn -0.0035 -0.9817 0.1905
vn -0.0145 -0.9821 0.1878
vn -0.0003 -0.9804 0.1969
vn 0.0025 0.1090 0.9940
vn -0.9997 -0.0014 0.0242
vn -0.7016 -0.0711 -0.7090
vn -0.0355 -0.9803 0.1943
vn 0.0097 0.1048 0.9944
vn -0.0184 -0.8807 -0.4734
vn -1.0000 0.0051 -0.0035
vn -0.4459 -0.1135 -0.8879
vn 0.0014 -0.9806 0.1959
vn -0.6978 -0.7065 0.1179
vn -0.6840 -0.7218 0.1057
vn -0.6793 -0.7266 0.1030
vn -0.9992 -0.0147 -0.0377
vn -0.5732 -0.8028 0.1643
vn -0.9994 -0.0204 0.0266
vn -0.9999 -0.0055 0.0128
vn -1.0000 0.0044 -0.0066
vn -0.6455 -0.1064 -0.7563
vn -0.6465 -0.1061 -0.7555
vn -0.5648 -0.8082 0.1668
vn -0.0183 -0.8812 -0.4723
vn -0.0173 -0.1618 -0.9867
vn -0.9999 -0.0103 -0.0043
vn -0.9989 -0.0446 -0.0131
vt 0.885876 0.005539
vt 0.890543 0.005023
vt 0.891083 0.009546
vt 0.077584 0.935267
vt 0.072901 0.936442
vt 0.074458 0.932145
vt 0.892070 0.014508
vt 0.886737 0.011986
vt 0.075037 0.944948
vt 0.069919 0.936029
vt 0.069402 0.933257
vt 0.067790 0.942463
vt 0.894624 0.009947
vt 0.896479 0.005214
vt 0.895913 0.013778
vt 0.927614 0.475773
vt 0.940428 0.478468
vt 0.923359 0.479084
vt 0.076736 0.922775
vt 0.074064 0.926175
vt 0.067377 0.917871
vt 0.079147 0.959781
vt 0.940268 0.484227
vt 0.063595 0.940022
vt 0.062201 0.916909
vt 0.071625 0.927912
vt 0.066304 0.936250
vt 0.062007 0.932652
vt 0.085951 0.980308
vt 0.049901 0.909427
vt 0.906453 0.474054
vt 0.053851 0.901679
vt 0.911633 0.471735
vt 0.083168 0.980831
vt 0.071914 0.908768
vt 0.048020 0.896361
vt 0.034908 0.883132
vt 0.020166 0.963539
vt 0.913129 0.640529
vt 0.935334 0.642762
vt 0.911260 0.644679
vt 0.930378 0.645537
vt 0.020153 0.958315
vt 0.038079 0.941974
vt 0.027136 0.962018
vt 0.904258 0.484939
vt 0.008378 0.960483
vt 0.037353 0.882499
vt 0.930388 0.656669
vt 0.053464 0.881481
vt 0.007663 0.955015
vt 0.905988 0.495781
vt 0.908187 0.495380
vt 0.908917 0.501309
vt 0.093205 0.991510
vt 0.911632 0.499224
vt 0.895319 0.506225
vt 0.868677 0.994603
vt 0.859546 0.990634
vt 0.868013 0.991246
vt 0.086381 0.986913
vt 0.856184 0.994927
vt 0.840714 0.989491
vt 0.853962 0.991231
vt 0.850208 0.994220
vt 0.835534 0.994944
vt 0.096229 0.987687
vt 0.009833 0.964496
vt 0.916445 0.503140
vt 0.915778 0.500623
vt 0.920110 0.505217
vt 0.915061 0.506885
vt 0.871473 0.993695
vt 0.976448 0.770555
vt 0.976294 0.766786
vt 0.983000 0.774254
vt 0.895901 0.475121
vt 0.900992 0.480089
vt 0.895949 0.479727
vt 0.988531 0.770372
vt 0.989625 0.773069
vt 0.893042 0.477423
vt 0.971141 0.772276
vt 0.974970 0.773278
vt 0.902639 0.474204
vt 0.892973 0.481847
vt 0.896123 0.484185
vt 0.938734 0.762553
vt 0.940183 0.764867
vt 0.938765 0.767565
vt 0.881523 0.471613
vt 0.888018 0.474973
vt 0.888488 0.477006
vt 0.935283 0.766481
vt 0.942667 0.763032
vt 0.894223 0.475509
vt 0.877001 0.473001
vt 0.948116 0.780001
vt 0.985490 0.764283
vt 0.975735 0.792944
vt 0.936113 0.765299
vt 0.937675 0.774827
vt 0.933013 0.763783
vt 0.942845 0.795803
vt 0.861271 0.485061
vt 0.947718 0.804256
vt 0.974414 0.763755
vt 0.987231 0.812800
vt 0.987649 0.789334
vt 0.989932 0.746295
vt 0.973632 0.793351
vt 0.936359 0.790013
vt 0.994355 0.756099
vt 0.958680 0.789103
vt 0.952324 0.805563
vt 0.988612 0.829759
vt 0.954853 0.809070
vt 0.986143 0.828342
vt 0.959643 0.811562
vt 0.983036 0.825557
vt 0.971067 0.810862
vt 0.975092 0.812256
vt 0.977435 0.812871
vt 0.975215 0.816087
vt 0.978164 0.808560
vt 0.976310 0.811269
vt 0.972799 0.813993
vt 0.974808 0.820834
vt 0.946372 0.815562
vt 0.959558 0.829060
vt 0.956318 0.827581
vt 0.945451 0.832221
vt 0.950650 0.829222
vt 0.953566 0.826217
vt 0.984896 0.829747
vt 0.936121 0.812471
vt 0.967238 0.832120
vt 0.986077 0.831732
vt 0.948553 0.829183
vt 0.989181 0.833294
vt 0.986640 0.834328
vt 0.986642 0.836581
vt 0.982801 0.841646
vt 0.988917 0.832876
vt 0.989123 0.837911
vt 0.938013 0.832214
vt 0.116648 0.211165
vt 0.124321 0.212398
vt 0.118768 0.213913
vt 0.116838 0.216995
vt 0.985985 0.838905
vt 0.955229 0.832067
vt 0.988021 0.841895
vt 0.111864 0.216022
vt 0.044308 0.566947
vt 0.044339 0.571066
vt 0.043606 0.569408
vt 0.041207 0.573970
vt 0.038820 0.570888
vt 0.041532 0.548851
vt 0.052349 0.342807
vt 0.054661 0.343294
vt 0.048340 0.348879
vt 0.052538 0.346264
vt 0.042508 0.179918
vt 0.034551 0.177577
vt 0.034714 0.174775
vt 0.886898 0.466102
vt 0.841029 0.480441
vt 0.874431 0.467658
vt 0.840137 0.014847
vt 0.839790 0.012018
vt 0.845195 0.012156
vt 0.842817 0.008038
vt 0.845061 0.014863
vt 0.807703 0.022703
vt 0.821227 0.022204
vt 0.803489 0.026640
vt 0.828227 0.022723
vt 0.840541 0.019470
vt 0.849674 0.013404
vt 0.847837 0.007846
vt 0.834499 0.473690
vt 0.830506 0.466127
vt 0.291037 0.038206
vt 0.329541 0.014736
vt 0.326967 0.018686
vt 0.266068 0.040263
vt 0.248567 0.046617
vt 0.252247 0.042577
vt 0.294245 0.039690
vt 0.774644 0.031590
vt 0.789367 0.029503
vt 0.807180 0.028702
vt 0.090131 0.010596
vt 0.092743 0.011045
vt 0.100025 0.027511
vt 0.799206 0.005154
vt 0.829311 0.469908
vt 0.298474 0.041909
vt 0.260338 0.038079
vt 0.851431 0.007311
vt 0.835616 0.024836
vt 0.248700 0.040405
vt 0.326747 0.024363
vt 0.834560 0.025318
vt 0.859518 0.013160
vt 0.207895 0.039771
vt 0.204160 0.036104
vt 0.207376 0.033911
vt 0.894542 0.987757
vt 0.894795 0.993026
vt 0.889091 0.993214
vt 0.209808 0.037006
vt 0.196613 0.031199
vt 0.201597 0.031026
vt 0.089388 0.009250
vt 0.078139 0.016984
vt 0.271774 0.036991
vt 0.898487 0.991317
vt 0.282615 0.039917
vt 0.279798 0.042473
vt 0.247904 0.037182
vt 0.849033 0.025005
vt 0.101735 0.017932
vt 0.808530 0.031826
vt 0.094131 0.058003
vt 0.105147 0.031945
vt 0.099661 0.048650
vt 0.105633 0.032558
vt 0.102238 0.047958
vt 0.103771 0.048311
vt 0.106046 0.032688
vt 0.283950 0.038418
vt 0.201353 0.026833
vt 0.888321 0.991120
vt 0.061593 0.026397
vt 0.298774 0.043576
vt 0.087969 0.007808
vt 0.333479 0.022842
vt 0.272119 0.029682
vt 0.087478 0.064772
vt 0.060813 0.038990
vt 0.097647 0.052823
vt 0.222413 0.039769
vt 0.297655 0.047233
vt 0.321185 0.032531
vt 0.102056 0.049213
vt 0.283759 0.034532
vt 0.053872 0.020414
vt 0.889820 0.987282
vt 0.055984 0.014339
vt 0.245674 0.027956
vt 0.220443 0.031046
vt 0.099572 0.051483
vt 0.299493 0.050351
vt 0.339734 0.024459
vt 0.073973 0.006551
vt 0.207014 0.026744
vt 0.085809 0.007059
vt 0.073249 0.058492
vt 0.080872 0.062762
vt 0.081742 0.063716
vt 0.083107 0.063971
vt 0.084067 0.064631
vt 0.086358 0.064937
vt 0.104138 0.050563
vt 0.083705 0.066442
vt 0.085646 0.065825
vt 0.086979 0.064843
vt 0.085204 0.066480
vt 0.211062 0.026034
vt 0.291847 0.053201
vt 0.088253 0.064887
vt 0.107881 0.033276
vt 0.225805 0.024292
vt 0.039499 0.022247
vt 0.027628 0.036566
vt 0.279989 0.023232
vt 0.341848 0.445223
vt 0.339330 0.442042
vt 0.341011 0.441452
vt 0.329980 0.437241
vt 0.322850 0.436018
vt 0.324873 0.034287
vt 0.083629 0.006223
vt 0.287979 0.050926
vt 0.100492 0.056994
vt 0.199371 0.018664
vt 0.342862 0.030110
vt 0.342952 0.029893
vt 0.363308 0.030048
vt 0.358540 0.030601
vt 0.048291 0.049947
vt 0.075518 0.069774
vt 0.301258 0.027960
vt 0.341722 0.034947
vt 0.342675 0.032349
vt 0.343009 0.030602
vt 0.344726 0.030360
vt 0.345412 0.030231
vt 0.037554 0.031528
vt 0.320975 0.430161
vt 0.303484 0.429232
vt 0.292333 0.422640
vt 0.287312 0.418747
vt 0.055203 0.011100
vt 0.303800 0.426073
vt 0.071956 0.005163
vt 0.067645 0.006725
vt 0.081510 0.071505
vt 0.239326 0.022656
vt 0.027371 0.037932
vt 0.073419 0.070533
vt 0.063161 0.074454
vt 0.052837 0.075156
vt 0.331320 0.433628
vt 0.855608 0.499048
vt 0.866715 0.497184
vt 0.861306 0.500823
vt 0.878389 0.499302
vt 0.866264 0.500562
vt 0.279921 0.417736
vt 0.310537 0.516454
vt 0.345964 0.451670
vt 0.043073 0.014059
vt 0.034313 0.016090
vt 0.040582 0.015117
vt 0.029002 0.018612
vt 0.071539 0.072185
vt 0.319692 0.423721
vt 0.893197 0.499006
vt 0.888515 0.502410
vt 0.044367 0.010107
vt 0.045092 0.014679
vt 0.043399 0.014736
vt 0.042523 0.014800
vt 0.035347 0.015772
vt 0.034732 0.015797
vt 0.030133 0.030828
vt 0.027215 0.035203
vt 0.290281 0.417342
vt 0.875338 0.501466
vt 0.892688 0.501767
vt 0.892748 0.504547
vt 0.045409 0.014485
vt 0.043999 0.014612
vt 0.043291 0.014619
vt 0.042514 0.014552
vt 0.034501 0.015720
vt 0.034326 0.015875
vt 0.035166 0.015920
vt 0.102691 0.273413
vt 0.094623 0.271703
vt 0.101589 0.272894
vt 0.101255 0.272201
vt 0.263454 0.018843
vt 0.859086 0.502767
vt 0.336528 0.478347
vt 0.378591 0.036377
vt 0.373610 0.032498
vt 0.030545 0.015903
vt 0.103856 0.274378
vt 0.102596 0.273673
vt 0.103635 0.272007
vt 0.102328 0.271247
vt 0.091440 0.265498
vt 0.040600 0.026943
vt 0.024711 0.177853
vt 0.030343 0.175671
vt 0.037857 0.173966
vt 0.880548 0.495719
vt 0.104112 0.273660
vt 0.104416 0.272647
vt 0.104398 0.271156
vt 0.103469 0.271242
vt 0.103288 0.271171
vt 0.302932 0.423621
vt 0.848298 0.499339
vt 0.231323 0.520980
vt 0.322011 0.444085
vt 0.032994 0.027015
vt 0.306701 0.017071
vt 0.277354 0.413269
vt 0.062390 0.186104
vt 0.052279 0.185783
vt 0.328780 0.500418
vt 0.038903 0.051209
vt 0.868193 0.503607
vt 0.882824 0.504105
vt 0.040687 0.184479
vt 0.844552 0.492470
vt 0.054275 0.071486
vt 0.044644 0.177530
vt 0.031500 0.014964
vt 0.278706 0.017910
vt 0.075622 0.197667
vt 0.065457 0.006247
vt 0.104705 0.269751
vt 0.280473 0.513116
vt 0.033229 0.024141
vt 0.059482 0.194714
vt 0.900278 0.495582
vt 0.051075 0.288983
vt 0.078924 0.277548
vt 0.039486 0.335684
vt 0.363888 0.045318
vt 0.046714 0.007112
vt 0.027240 0.026520
vt 0.213989 0.477559
vt 0.086736 0.258164
vt 0.038771 0.056081
vt 0.201380 0.012314
vt 0.301815 0.013283
vt 0.423070 0.390469
vt 0.267618 0.382263
vt 0.288864 0.425640
vt 0.848734 0.509795
vt 0.120976 0.274546
vt 0.104569 0.265945
vt 0.019097 0.042903
vt 0.269112 0.419351
vt 0.110133 0.266524
vt 0.029984 0.020564
vt 0.028957 0.021783
vt 0.024144 0.179858
vt 0.036086 0.162139
vt 0.021518 0.349077
vt 0.029331 0.019576
vt 0.256074 0.413521
vt 0.035367 0.305542
vt 0.070781 0.251478
vt 0.066634 0.246776
vt 0.027280 0.053201
vt 0.344242 0.331701
vt 0.095384 0.202023
vt 0.418862 0.047142
vt 0.071307 0.243363
vt 0.099859 0.262310
vt 0.096684 0.260271
vt 0.093622 0.258223
vt 0.940744 0.617652
vt 0.950004 0.637431
vt 0.946819 0.635566
vt 0.053141 0.071661
vt 0.046576 0.206327
vt 0.062257 0.198870
vt 0.370861 0.016783
vt 0.430651 0.005739
vt 0.451572 0.015835
vt 0.099129 0.261505
vt 0.096989 0.259957
vt 0.096033 0.258936
vt 0.094285 0.257560
vt 0.071504 0.256318
vt 0.078720 0.262954
vt 0.027001 0.022102
vt 0.025804 0.025036
vt 0.025601 0.023108
vt 0.018272 0.046293
vt 0.023916 0.327931
vt 0.229044 0.394069
vt 0.262788 0.384397
vt 0.215057 0.432655
vt 0.049967 0.250060
vt 0.098829 0.208611
vt 0.955087 0.609283
vt 0.954999 0.607757
vt 0.964901 0.606517
vt 0.963382 0.603650
vt 0.954696 0.607400
vt 0.953267 0.607544
vt 0.954996 0.609531
vt 0.945722 0.618257
vt 0.951886 0.609626
vt 0.049527 0.242520
vt 0.034600 0.244703
vt 0.768964 0.993330
vt 0.775569 0.991655
vt 0.803504 0.992509
vt 0.952614 0.606598
vt 0.951964 0.607912
vt 0.933443 0.593914
vt 0.939753 0.607453
vt 0.947442 0.599101
vt 0.026380 0.252209
vt 0.972962 0.603504
vt 0.971915 0.601486
vt 0.961266 0.592824
vt 0.042132 0.242597
vt 0.043148 0.242311
vt 0.775794 0.987728
vt 0.034586 0.238326
vt 0.043245 0.241459
vt 0.041639 0.242031
vt 0.041106 0.243157
vt 0.015354 0.252447
vt 0.942997 0.534678
vt 0.917899 0.557287
vt 0.922359 0.550962
vt 0.164278 0.583421
vt 0.139333 0.568086
vt 0.146814 0.563386
vt 0.953467 0.618076
vt 0.959365 0.614441
vt 0.960709 0.615071
vt 0.961874 0.615617
vt 0.979118 0.600668
vt 0.983294 0.605365
vt 0.938940 0.631023
vt 0.957865 0.614114
vt 0.958031 0.614476
vt 0.958949 0.615361
vt 0.963272 0.615004
vt 0.963705 0.614678
vt 0.964807 0.613225
vt 0.971370 0.606160
vt 0.982618 0.601691
vt 0.190358 0.482092
vt 0.535056 0.015286
vt 0.042958 0.222844
vt 0.158362 0.574064
vt 0.134615 0.553962
vt 0.021341 0.253980
vt 0.964077 0.616114
vt 0.965242 0.614704
vt 0.965358 0.612613
vt 0.134810 0.547217
vt 0.129978 0.559262
vt 0.026543 0.057449
vt 0.251798 0.374322
vt 0.240886 0.341707
vt 0.240274 0.332095
vt 0.240094 0.334119
vt 0.240015 0.333524
vt 0.239971 0.333068
vt 0.965525 0.612446
vt 0.053013 0.346966
vt 0.987181 0.594852
vt 0.031374 0.244936
vt 0.924985 0.572368
vt 0.058860 0.341902
vt 0.530107 0.005000
vt 0.935977 0.534879
vt 0.927270 0.541325
vt 0.920085 0.551636
vt 0.990550 0.595834
vt 0.990226 0.593565
vt 0.027153 0.369221
vt 0.071144 0.332899
vt 0.075907 0.393859
vt 0.962589 0.524630
vt 0.259348 0.212371
vt 0.140571 0.541845
vt 0.127921 0.554871
vt 0.914576 0.565475
vt 0.959579 0.524201
vt 0.237699 0.318385
vt 0.808327 0.992217
vt 0.806628 0.994520
vt 0.807876 0.990464
vt 0.034380 0.370610
vt 0.052109 0.340641
vt 0.822984 0.994960
vt 0.822672 0.990461
vt 0.806549 0.988331
vt 0.177009 0.584849
vt 0.133711 0.540768
vt 0.143048 0.523652
vt 0.179674 0.576461
vt 0.923696 0.538250
vt 0.981351 0.612706
vt 0.824043 0.991868
vt 0.038270 0.402571
vt 0.129892 0.544152
vt 0.909860 0.560999
vt 0.227665 0.221147
vt 0.832985 0.987223
vt 0.128617 0.561049
vt 0.833974 0.990789
vt 0.125644 0.529757
vt 0.136371 0.770838
vt 0.136691 0.773062
vt 0.111346 0.774710
vt 0.136889 0.768986
vt 0.139697 0.772983
vt 0.013466 0.355427
vt 0.935645 0.523438
vt 0.023448 0.408910
vt 0.111770 0.777154
vt 0.231021 0.302807
vt 0.224188 0.284826
vt 0.109489 0.772594
vt 0.126334 0.519208
vt 0.122919 0.536698
vt 0.961532 0.513426
vt 0.105941 0.775216
vt 0.105475 0.773197
vt 0.102236 0.778825
vt 0.117453 0.502567
vt 0.111753 0.518743
vt 0.922948 0.521190
vt 0.340525 0.267044
vt 0.254152 0.172384
vt 0.223833 0.271607
vt 0.108493 0.773290
vt 0.024021 0.389686
vt 0.108377 0.772049
vt 0.106738 0.771042
vt 0.107671 0.772229
vt 0.105807 0.771502
vt 0.105973 0.772617
vt 0.107224 0.773146
vt 0.086312 0.778939
vt 0.194367 0.548076
vt 0.108467 0.771814
vt 0.104302 0.770403
vt 0.022220 0.388730
vt 0.218805 0.262558
vt 0.107951 0.536745
vt 0.216258 0.238491
vt 0.030871 0.578247
vt 0.136155 0.548663
vt 0.129721 0.566007
vt 0.895251 0.526609
vt 0.843299 0.519377
vt 0.123248 0.786559
vt 0.104658 0.505075
vt 0.275377 0.135696
vt 0.214231 0.236502
vt 0.100223 0.520865
vt 0.037574 0.540504
vt 0.172960 0.409776
vt 0.108278 0.472440
vt 0.074057 0.484949
vt 0.089311 0.524755
vt 0.046014 0.570833
vt 0.087763 0.782951
vt 0.037060 0.588337
vt 0.083875 0.510027
vt 0.087347 0.525165
vt 0.129680 0.217067
vt 0.130967 0.215548
vt 0.130736 0.219887
vt 0.087651 0.525296
vt 0.087938 0.525104
vt 0.086717 0.525609
vt 0.086713 0.525641
vt 0.086830 0.527059
vt 0.126126 0.216787
vt 0.119637 0.220497
vt 0.208085 0.211450
vt 0.090855 0.525446
vt 0.232986 0.137748
vt 0.051078 0.551109
vt 0.084590 0.524605
vt 0.045416 0.579687
vt 0.047965 0.616087
vt 0.087752 0.533872
vt 0.062071 0.503236
vt 0.070998 0.579300
vt 0.081679 0.525847
vt 0.047777 0.489422
vt 0.086915 0.557799
vt 0.049875 0.569442
vt 0.036565 0.522448
vt 0.052525 0.538262
vt 0.045973 0.519025
vt 0.245676 0.137048
vt 0.028907 0.523025
vt 0.015724 0.514653
vt 0.064979 0.522057
vt 0.053338 0.531617
vt 0.039068 0.500874
vt 0.672172 0.025851
vt 0.774999 0.025451
vt 0.680627 0.035832
vt 0.055591 0.531089
vt 0.044941 0.488881
vt 0.067493 0.579449
vt 0.056313 0.528706
vt 0.046102 0.492232
vt 0.058631 0.527777
vt 0.029810 0.502029
vt 0.041105 0.481925
vt 0.223774 0.136492
vt 0.676757 0.021973
vt 0.062683 0.583428
vt 0.040814 0.494196
vt 0.039234 0.493414
vt 0.042560 0.489477
vt 0.871891 0.989089
vt 0.876638 0.988413
vt 0.881020 0.992465
vt 0.879576 0.988486
vt 0.053452 0.508141
vt 0.060880 0.524756
vt 0.675869 0.034419
vt 0.880665 0.994333
vt 0.057050 0.529992
vt 0.885659 0.990139
vt 0.180499 0.026381
vt 0.182671 0.025490
vt 0.188276 0.040263
vt 0.080201 0.672820
vt 0.081382 0.678599
vt 0.074406 0.669088
vt 0.203454 0.698032
vt 0.200422 0.700062
vt 0.185253 0.699699
vt 0.711849 0.992713
vt 0.701209 0.994924
vt 0.698065 0.992956
vt 0.413450 0.234071
vt 0.406903 0.256848
vt 0.403307 0.255076
vt 0.409961 0.254618
vt 0.419090 0.224478
vt 0.394452 0.261406
vt 0.392418 0.258110
vt 0.410245 0.259824
vt 0.384119 0.260391
vt 0.424258 0.214061
vt 0.427934 0.196775
vt 0.438002 0.170912
vt 0.426135 0.196753
vt 0.744528 0.988549
vt 0.750295 0.986843
vt 0.760300 0.990665
vt 0.413614 0.224336
vt 0.769849 0.987552
vt 0.733292 0.986606
vt 0.393462 0.263634
vt 0.417713 0.240217
vt 0.681277 0.994055
vt 0.751063 0.991638
vt 0.438649 0.177514
vt 0.719648 0.994172
vt 0.427979 0.180880
vt 0.195143 0.696835
vt 0.739974 0.990841
vt 0.176557 0.699024
vt 0.711864 0.990497
vt 0.375293 0.262501
vt 0.222095 0.697533
vt 0.220885 0.696435
vt 0.214784 0.693232
vt 0.175775 0.696999
vt 0.419763 0.265365
vt 0.690763 0.989885
vt 0.435545 0.166349
vt 0.166785 0.701314
vt 0.708558 0.988948
vt 0.441697 0.154439
vt 0.196861 0.695072
vt 0.452851 0.134356
vt 0.451625 0.132965
vt 0.286097 0.704291
vt 0.280329 0.701487
vt 0.278666 0.696391
vt 0.287617 0.702284
vt 0.263743 0.699516
vt 0.250304 0.699273
vt 0.252029 0.696761
vt 0.238295 0.698758
vt 0.234171 0.694907
vt 0.441027 0.187748
vt 0.744182 0.015318
vt 0.724822 0.015024
vt 0.695248 0.011026
vt 0.695127 0.008480
vt 0.215699 0.693535
vt 0.732186 0.990072
vt 0.396219 0.388096
vt 0.410072 0.341667
vt 0.281789 0.694285
vt 0.246340 0.695225
vt 0.210168 0.787768
vt 0.222014 0.688328
vt 0.447418 0.132852
vt 0.287790 0.700628
vt 0.269012 0.695170
vt 0.223335 0.692307
vt 0.364652 0.264554
vt 0.453131 0.148193
vt 0.689930 0.016258
vt 0.347298 0.267896
vt 0.768959 0.020353
vt 0.441205 0.143450
vt 0.742423 0.021216
vt 0.466211 0.111459
vt 0.250167 0.840199
vt 0.416970 0.382798
vt 0.463278 0.107197
vt 0.744703 0.013615
vt 0.696149 0.006279
vt 0.264926 0.781031
vt 0.177329 0.628130
vt 0.479061 0.086311
vt 0.290718 0.664102
vt 0.345648 0.714288
vt 0.300874 0.644555
vt 0.477034 0.040919
vt 0.489191 0.036509
vt 0.517970 0.037866
vt 0.334772 0.713624
vt 0.056646 0.226840
vt 0.201306 0.230338
vt 0.152243 0.249221
vt 0.485362 0.087530
vt 0.436649 0.081533
vt 0.173595 0.697890
vt 0.460395 0.039264
vt 0.250322 0.606376
vt 0.125921 0.271676
vt 0.652867 0.992809
vt 0.653105 0.992364
vt 0.667360 0.994871
vt 0.431732 0.040815
vt 0.456314 0.104439
vt 0.454687 0.102366
vt 0.790951 0.005071
vt 0.215157 0.262011
vt 0.042702 0.666352
vt 0.036962 0.664819
vt 0.039909 0.662840
vt 0.029923 0.653778
vt 0.021822 0.631241
vt 0.013570 0.624550
vt 0.653288 0.992200
vt 0.652392 0.992474
vt 0.652631 0.993631
vt 0.623369 0.994177
vt 0.456383 0.050915
vt 0.430239 0.054865
vt 0.392097 0.050381
vt 0.465955 0.037096
vt 0.640116 0.989001
vt 0.203653 0.849436
vt 0.755614 0.009663
vt 0.046353 0.663431
vt 0.678154 0.992330
vt 0.373045 0.255539
vt 0.473163 0.154291
vt 0.436152 0.037722
vt 0.041333 0.669464
vt 0.443517 0.023395
vt 0.393670 0.024241
vt 0.368258 0.022663
vt 0.479551 0.086854
vt 0.146795 0.699779
vt 0.460908 0.044825
vt 0.466038 0.053586
vt 0.870187 0.005210
vt 0.932118 0.048956
vt 0.858760 0.060476
vt 0.836048 0.491333
vt 0.832345 0.494894
vt 0.794018 0.497477
vt 0.487197 0.031674
vt 0.795560 0.500238
vt 0.034166 0.669019
vt 0.057223 0.662673
vt 0.509179 0.049657
vt 0.431920 0.027916
vt 0.474911 0.021099
vt 0.050786 0.666310
vt 0.415372 0.019759
vt 0.027452 0.655994
vt 0.060846 0.659590
vt 0.105860 0.094473
vt 0.093945 0.064175
vt 0.153396 0.113239
vt 0.136678 0.880766
vt 0.005000 0.600005
vt 0.010010 0.561807
vt 0.070781 0.668769
vt 0.072413 0.659402
vt 0.325503 0.049865
vt 0.105800 0.952854
vt 0.108010 0.931426
vt 0.107082 0.984143
vt 0.281384 0.864143
vt 0.062135 0.668081
vt 0.069429 0.671613
vt 0.498521 0.027015
vt 0.490437 0.023167
vt 0.376498 0.029866
vt 0.775218 0.491779
vt 0.041516 0.683878
vt 0.205050 0.917174
vt 0.547170 0.005730
vt 0.851509 0.031463
vt 0.182848 0.618857
vt 0.088539 0.688863
vt 0.084001 0.962618
vt 0.084532 0.683338
vt 0.202979 0.124227
vt 0.095407 0.828005
vt 0.085056 0.835693
vt 0.077290 0.838365
vt 0.530026 0.021945
vt 0.105615 0.905222
vt 0.020188 0.761281
vt 0.084310 0.684880
vt 0.089075 0.828775
vt 0.108516 0.882177
vt 0.105144 0.831611
vt 0.017041 0.077784
vt 0.172778 0.157765
vt 0.135947 0.992133
vt 0.114760 0.910272
vt 0.126474 0.856560
vt 0.768877 0.483047
vt 0.819060 0.467148
vt 0.774425 0.483334
vt 0.266210 0.106796
vt 0.146460 0.932907
vt 0.071653 0.837877
vt 0.061427 0.846849
vt 0.068519 0.845508
vt 0.166499 0.986416
vt 0.261959 0.920892
vt 0.028021 0.141045
vt 0.087316 0.827934
vt 0.056046 0.729731
vt 0.096330 0.912692
vt 0.052293 0.853472
vt 0.103631 0.864698
vt 0.134497 0.208838
vt 0.836664 0.482106
vt 0.193338 0.150026
vt 0.054574 0.847526
vt 0.111701 0.834279
vt 0.107292 0.834310
vt 0.039630 0.856665
vt 0.103423 0.909592
vt 0.051177 0.848078
vt 0.065173 0.183314
vt 0.260837 0.110621
vt 0.036941 0.861372
vt 0.019647 0.793133
vt 0.027363 0.865159
vt 0.102156 0.828817
vt 0.020160 0.870473
vt 0.102630 0.789411
vt 0.027351 0.861509
vt 0.192303 0.047712
vt 0.189148 0.034352
vt 0.105510 0.790777
vt 0.214250 0.989694
vt 0.196241 0.048537
vt 0.089426 0.842208
vt 0.206159 0.223254
vt 0.188726 0.028997
vt 0.197945 0.055500
vt 0.107567 0.060060
vt 0.126527 0.005063
vt 0.176023 0.007973
vt 0.181342 0.012671
vt 0.937272 0.043345
vt 0.936091 0.047037
vt 0.907448 0.018036
vt 0.129097 0.786299
vt 0.938123 0.047673
vt 0.136466 0.226088
vt 0.976670 0.019860
vt 0.178687 0.006252
vt 0.942596 0.052042
vt 0.189432 0.007772
vt 0.183430 0.015779
vt 0.183089 0.016307
vt 0.948068 0.050998
vt 0.935203 0.053278
vt 0.178172 0.014926
vt 0.184442 0.011754
vt 0.188237 0.011555
vt 0.447637 0.232565
vt 0.454237 0.222279
vt 0.456914 0.286133
vt 0.535059 0.120974
vt 0.535034 0.120663
vt 0.537382 0.126015
vt 0.535279 0.120069
vt 0.544622 0.109054
vt 0.545406 0.109097
vt 0.552574 0.120152
vt 0.547028 0.108672
vt 0.866672 0.385014
vt 0.867157 0.384748
vt 0.866698 0.386073
vt 0.928910 0.266130
vt 0.933032 0.202045
vt 0.947106 0.242618
vt 0.951135 0.146147
vt 0.922012 0.183279
vt 0.921956 0.228338
vt 0.967414 0.125135
vt 0.966870 0.340957
vt 0.926428 0.186217
vt 0.948838 0.325254
vt 0.931687 0.174686
vt 0.928429 0.183288
vt 0.926122 0.183456
vt 0.916800 0.306704
vt 0.927706 0.181244
vt 0.926345 0.180450
vt 0.893914 0.213921
vt 0.914498 0.270479
vt 0.934179 0.148653
vt 0.970235 0.292107
vt 0.909743 0.190540
vt 0.874629 0.229291
vt 0.868599 0.218706
vt 0.874144 0.251151
vt 0.877740 0.192336
vt 0.854653 0.203771
vt 0.910452 0.174972
vt 0.912974 0.336687
vt 0.865914 0.182521
vt 0.892268 0.180258
vt 0.864632 0.231229
vt 0.862274 0.259225
vt 0.921464 0.150069
vt 0.852785 0.175167
vt 0.898894 0.307879
vt 0.972019 0.138279
vt 0.875884 0.164604
vt 0.845695 0.230425
vt 0.345638 0.640655
vt 0.344369 0.599412
vt 0.350274 0.685299
vt 0.384999 0.474877
vt 0.433311 0.455474
vt 0.417419 0.472613
vt 0.956449 0.120441
vt 0.835303 0.194984
vt 0.867532 0.278118
vt 0.975654 0.459545
vt 0.977769 0.063404
vt 0.406973 0.455080
vt 0.835642 0.169911
vt 0.814814 0.187649
vt 0.896355 0.339492
vt 0.902346 0.156894
vt 0.428978 0.461422
vt 0.887842 0.149108
vt 0.950268 0.338513
vt 0.974234 0.124550
vt 0.955619 0.089930
vt 0.838420 0.212014
vt 0.858118 0.282780
vt 0.436042 0.483241
vt 0.438205 0.461527
vt 0.849288 0.148395
vt 0.349418 0.738733
vt 0.386794 0.770082
vt 0.393298 0.709420
vt 0.386247 0.586514
vt 0.940334 0.135372
vt 0.820894 0.154705
vt 0.931090 0.131569
vt 0.786743 0.176789
vt 0.821456 0.212391
vt 0.392002 0.648206
vt 0.437615 0.485058
vt 0.973961 0.123059
vt 0.805834 0.139041
vt 0.865611 0.318534
vt 0.897048 0.385033
vt 0.927706 0.380834
vt 0.410062 0.546543
vt 0.322295 0.511267
vt 0.920051 0.126867
vt 0.856403 0.303961
vt 0.426815 0.508247
vt 0.875011 0.136173
vt 0.828270 0.121000
vt 0.757441 0.156591
vt 0.772476 0.120500
vt 0.785573 0.137603
vt 0.418977 0.530616
vt 0.751100 0.122150
vt 0.392189 0.610786
vt 0.798402 0.207853
vt 0.880777 0.381492
vt 0.394368 0.681899
vt 0.394158 0.643309
vt 0.428843 0.506359
vt 0.430942 0.441935
vt 0.903432 0.131177
vt 0.802573 0.108241
vt 0.400808 0.572898
vt 0.412433 0.551272
vt 0.454580 0.495610
vt 0.737332 0.111042
vt 0.724115 0.152574
vt 0.715090 0.114907
vt 0.768247 0.217417
vt 0.840813 0.324849
vt 0.881242 0.350523
vt 0.768381 0.086444
vt 0.732354 0.082497
vt 0.907412 0.406893
vt 0.354988 0.804437
vt 0.853050 0.115913
vt 0.347246 0.775521
vt 0.391381 0.745418
vt 0.443476 0.495702
vt 0.464689 0.449978
vt 0.479887 0.498587
vt 0.901841 0.117346
vt 0.383933 0.805350
vt 0.385832 0.804099
vt 0.479498 0.454564
vt 0.691714 0.146250
vt 0.753353 0.188233
vt 0.793911 0.281359
vt 0.396646 0.714594
vt 0.829897 0.073986
vt 0.699811 0.092972
vt 0.695123 0.117644
vt 0.845143 0.354318
vt 0.369081 0.805479
vt 0.389897 0.773696
vt 0.496037 0.460567
vt 0.814428 0.074401
vt 0.867032 0.392728
vt 0.869144 0.385201
vt 0.866002 0.384581
vt 0.862813 0.434635
vt 0.887494 0.111976
vt 0.748031 0.052011
vt 0.862330 0.379741
vt 0.867299 0.384491
vt 0.866407 0.384488
vt 0.765599 0.052011
vt 0.675953 0.122082
vt 0.917607 0.398399
vt 0.347104 0.806971
vt 0.902524 0.117971
vt 0.690148 0.073922
vt 0.656517 0.102885
vt 0.734459 0.177550
vt 0.858378 0.446424
vt 0.439035 0.613300
vt 0.729848 0.049646
vt 0.474895 0.505447
vt 0.871065 0.102500
vt 0.336973 0.797161
vt 0.679163 0.172059
vt 0.698126 0.170251
vt 0.719668 0.179501
vt 0.811548 0.340654
vt 0.901653 0.116673
vt 0.664710 0.073867
vt 0.710058 0.176975
vt 0.783935 0.353223
vt 0.384369 0.817819
vt 0.402364 0.812709
vt 0.819496 0.061159
vt 0.853354 0.078643
vt 0.622051 0.087083
vt 0.655281 0.126469
vt 0.655050 0.157580
vt 0.889479 0.104210
vt 0.853067 0.078181
vt 0.842922 0.068218
vt 0.815887 0.054791
vt 0.691966 0.214556
vt 0.816049 0.362062
vt 0.907673 0.413547
vt 0.896799 0.418953
vt 0.499621 0.504670
vt 0.613544 0.115130
vt 0.624504 0.171917
vt 0.636911 0.193756
vt 0.663049 0.181839
vt 0.360425 0.808781
vt 0.431145 0.754061
vt 0.522908 0.474375
vt 0.847366 0.067571
vt 0.737304 0.318554
vt 0.839823 0.392504
vt 0.343675 0.811006
vt 0.323420 0.765510
vt 0.849174 0.064224
vt 0.830647 0.049753
vt 0.702645 0.050874
vt 0.689791 0.046067
vt 0.637937 0.128239
vt 0.801726 0.351608
vt 0.677951 0.042533
vt 0.613275 0.186167
vt 0.512539 0.514416
vt 0.521536 0.459598
vt 0.560400 0.469474
vt 0.852070 0.073364
vt 0.706850 0.044609
vt 0.569074 0.103758
vt 0.833720 0.420858
vt 0.410514 0.838505
vt 0.538308 0.498754
vt 0.717060 0.038269
vt 0.557523 0.091132
vt 0.615578 0.142934
vt 0.819054 0.398118
vt 0.854607 0.435260
vt 0.425935 0.827996
vt 0.533736 0.435592
vt 0.583537 0.135645
vt 0.860914 0.439160
vt 0.909675 0.415257
vt 0.623430 0.060522
vt 0.596613 0.173633
vt 0.758601 0.361565
vt 0.790404 0.374986
vt 0.802757 0.392865
vt 0.877508 0.442522
vt 0.901306 0.092042
vt 0.668132 0.041598
vt 0.567501 0.073595
vt 0.655819 0.039340
vt 0.546629 0.099655
vt 0.362349 0.847661
vt 0.857870 0.601657
vt 0.877896 0.573878
vt 0.873805 0.637218
vt 0.460575 0.792032
vt 0.500680 0.769593
vt 0.600673 0.216369
vt 0.763804 0.384353
vt 0.797815 0.417173
vt 0.743277 0.370220
vt 0.835216 0.445188
vt 0.849626 0.446793
vt 0.841902 0.445992
vt 0.853803 0.601437
vt 0.885331 0.583354
vt 0.891694 0.591057
vt 0.652911 0.031235
vt 0.962258 0.683328
vt 0.968708 0.692259
vt 0.951666 0.703877
vt 0.957064 0.701337
vt 0.785668 0.398002
vt 0.819173 0.429968
vt 0.453069 0.829724
vt 0.909539 0.603410
vt 0.545830 0.087286
vt 0.549636 0.106520
vt 0.542974 0.107517
vt 0.535539 0.099853
vt 0.304262 0.804144
vt 0.440396 0.843504
vt 0.521270 0.614097
vt 0.843131 0.590191
vt 0.900864 0.643946
vt 0.912740 0.650426
vt 0.907151 0.691008
vt 0.950324 0.664406
vt 0.915962 0.706818
vt 0.586400 0.056411
vt 0.543332 0.105097
vt 0.543726 0.106244
vt 0.542668 0.106520
vt 0.548791 0.173571
vt 0.578311 0.213810
vt 0.307337 0.776618
vt 0.882552 0.634573
vt 0.922489 0.656714
vt 0.938480 0.669129
vt 0.935530 0.716364
vt 0.691903 0.008631
vt 0.512868 0.091181
vt 0.662865 0.328194
vt 0.722136 0.376144
vt 0.846925 0.597071
vt 0.661960 0.014561
vt 0.733765 0.390893
vt 0.774509 0.407633
vt 0.935109 0.715678
vt 0.808747 0.452766
vt 0.294231 0.785178
vt 0.843439 0.604966
vt 0.891081 0.620464
vt 0.855885 0.609556
vt 0.860960 0.680001
vt 0.535482 0.118976
vt 0.534662 0.119780
vt 0.534631 0.120465
vt 0.699260 0.373935
vt 0.704670 0.408138
vt 0.758534 0.410097
vt 0.306104 0.817363
vt 0.465991 0.840040
vt 0.564434 0.591146
vt 0.854144 0.643090
vt 0.853439 0.613351
vt 0.533298 0.118179
vt 0.534940 0.119379
vt 0.851471 0.616463
vt 0.869068 0.637263
vt 0.854116 0.662520
vt 0.865456 0.687948
vt 0.872176 0.696632
vt 0.533148 0.101443
vt 0.480557 0.865116
vt 0.853990 0.596773
vt 0.684830 0.005186
vt 0.735380 0.419237
vt 0.766915 0.424340
vt 0.934864 0.727135
vt 0.781160 0.428059
vt 0.786699 0.444341
vt 0.581611 0.511800
vt 0.856577 0.587009
vt 0.843117 0.599292
vt 0.968782 0.715260
vt 0.284898 0.793503
vt 0.515581 0.078720
vt 0.521910 0.133430
vt 0.607488 0.288729
vt 0.681009 0.398434
vt 0.504069 0.841698
vt 0.550306 0.732549
vt 0.927804 0.716255
vt 0.680278 0.374160
vt 0.824744 0.543132
vt 0.886332 0.701542
vt 0.900518 0.704990
vt 0.826806 0.464331
vt 0.815910 0.557943
vt 0.730403 0.523398
vt 0.934017 0.739486
vt 0.522260 0.069267
vt 0.666242 0.379064
vt 0.514207 0.080635
vt 0.981196 0.750376
vt 0.977516 0.743245
vt 0.581142 0.254390
vt 0.705976 0.432563
vt 0.744979 0.440540
vt 0.765219 0.437261
vt 0.444525 0.894194
vt 0.531905 0.829505
vt 0.786681 0.563616
vt 0.816761 0.683309
vt 0.867935 0.797167
vt 0.587247 0.042364
vt 0.556330 0.257742
vt 0.711799 0.445899
vt 0.770330 0.460237
vt 0.507001 0.850216
vt 0.710877 0.567385
vt 0.644691 0.377592
vt 0.922433 0.761072
vt 0.521767 0.173475
vt 0.661119 0.402725
vt 0.672942 0.452777
vt 0.928875 0.761542
vt 0.589949 0.723944
vt 0.565089 0.291674
vt 0.664826 0.452630
vt 0.794226 0.471215
vt 0.491725 0.904477
vt 0.634292 0.623131
vt 0.595682 0.038751
vt 0.514776 0.137884
vt 0.563929 0.318936
vt 0.620888 0.354286
vt 0.643113 0.398743
vt 0.738865 0.463697
vt 0.520508 0.860018
vt 0.561267 0.794334
vt 0.575527 0.032572
vt 0.522255 0.218655
vt 0.625992 0.384912
vt 0.822957 0.514481
vt 0.905418 0.789369
vt 0.932620 0.796265
vt 0.652170 0.428443
vt 0.683929 0.455438
vt 0.544412 0.838769
vt 0.820577 0.879829
vt 0.677226 0.458105
vt 0.699045 0.465863
vt 0.566617 0.829169
vt 0.847931 0.502771
vt 0.897765 0.797480
vt 0.591377 0.347014
vt 0.655837 0.440942
vt 0.653460 0.437667
vt 0.652933 0.439332
vt 0.656246 0.444355
vt 0.770663 0.494481
vt 0.568950 0.338020
vt 0.643622 0.437268
vt 0.653968 0.440938
vt 0.652359 0.448759
vt 0.657629 0.455153
vt 0.755557 0.476704
vt 0.886845 0.819872
vt 0.886989 0.830487
vt 0.552749 0.845911
vt 0.661707 0.576087
vt 0.512971 0.205347
vt 0.600099 0.373174
vt 0.529769 0.321726
vt 0.565974 0.366047
vt 0.634521 0.416859
vt 0.593129 0.818773
vt 0.937874 0.586184
vt 0.929092 0.552510
vt 0.953925 0.560437
vt 0.505918 0.215095
vt 0.517310 0.272364
vt 0.975449 0.570679
vt 0.709285 0.483541
vt 0.515582 0.907692
vt 0.723868 0.711428
vt 0.549768 0.319305
vt 0.616606 0.408614
vt 0.954436 0.594159
vt 0.751911 0.801596
vt 0.547521 0.355567
vt 0.563647 0.854795
vt 0.545484 0.336802
vt 0.907187 0.863222
vt 0.505401 0.255638
vt 0.628338 0.431837
vt 0.976015 0.521238
vt 0.608589 0.860804
vt 0.873389 0.859879
vt 0.930480 0.822576
vt 0.580945 0.394994
vt 0.640660 0.455484
vt 0.643961 0.829458
vt 0.494037 0.164266
vt 0.500139 0.142645
vt 0.493013 0.254942
vt 0.878160 0.876511
vt 0.614814 0.437480
vt 0.632891 0.450724
vt 0.545450 0.882109
vt 0.609389 0.991713
vt 0.621637 0.886347
vt 0.550750 0.894336
vt 0.930617 0.847361
vt 0.496348 0.330674
vt 0.529107 0.379483
vt 0.530529 0.387964
vt 0.635992 0.876809
vt 0.488010 0.186964
vt 0.517704 0.378414
vt 0.620885 0.449625
vt 0.555407 0.904769
vt 0.538212 0.392234
vt 0.491312 0.327711
vt 0.637516 0.888197
vt 0.703169 0.825797
vt 0.533522 0.397154
vt 0.581159 0.417720
vt 0.479114 0.218851
vt 0.502957 0.337593
vt 0.873676 0.892912
vt 0.511087 0.347066
vt 0.463228 0.321420
vt 0.431241 0.276268
vt 0.527187 0.399669
vt 0.659880 0.882391
vt 0.498500 0.365035
vt 0.489278 0.354234
vt 0.488882 0.353349
vt 0.489184 0.354273
vt 0.460250 0.325710
vt 0.599397 0.434884
vt 0.603393 0.443623
vt 0.649339 0.893539
vt 0.926032 0.901192
vt 0.941394 0.892725
vt 0.482697 0.312065
vt 0.479645 0.341843
vt 0.483402 0.346737
vt 0.621565 0.907574
vt 0.885787 0.902712
vt 0.649505 0.589577
vt 0.561727 0.919411
vt 0.498059 0.350959
vt 0.691654 0.848731
vt 0.475209 0.285425
vt 0.485080 0.323965
vt 0.491025 0.338985
vt 0.602459 0.442214
vt 0.475258 0.242372
vt 0.620120 0.462623
vt 0.572931 0.426808
vt 0.673241 0.893680
vt 0.663654 0.903438
vt 0.714008 0.929126
vt 0.899852 0.925394
vt 0.476042 0.302150
vt 0.480633 0.330347
vt 0.572969 0.945496
vt 0.567801 0.933627
vt 0.463957 0.286708
vt 0.582341 0.441748
vt 0.621849 0.923899
vt 0.470652 0.225749
vt 0.677751 0.917858
vt 0.468143 0.327732
vt 0.622621 0.946594
vt 0.895488 0.934384
vt 0.463872 0.213395
vt 0.946621 0.906456
vt 0.920202 0.928296
vt 0.449648 0.280060
vt 0.439411 0.237180
vt 0.687165 0.909366
vt 0.578393 0.958319
vt 0.908038 0.953459
vt 0.907739 0.962889
vt 0.624897 0.972103
vt 0.690275 0.926560
vt 0.973301 0.934353
vt 0.990464 0.917980
vt 0.724999 0.945943
vt 0.460462 0.223354
vt 0.583969 0.971447
vt 0.984223 0.928558
vt 0.995000 0.934586
vt 0.922214 0.978079
vt 0.588700 0.982086
vt 0.699519 0.933083
vt 0.959630 0.958040
vt 0.970657 0.941749
vt 0.621806 0.990174
vt 0.597019 0.994411
vt 0.616529 0.995000
vt 0.707641 0.945189
vt 0.708658 0.952034
vt 0.944797 0.975059
vt 0.915408 0.984170
vt 0.695346 0.965895
s 1
f 5/1/1 4/2/2 2/3/3
s 0
f 5/4/4 9/5/4 4/6/4
f 2/3/5 7/7/5 6/8/5
f 9/5/6 5/4/6 8/9/6
s 1
f 5/1/1 2/3/3 6/8/7
s 0
f 4/6/8 10/10/8 11/11/8
s 1
f 9/5/9 8/9/10 13/12/11
f 2/3/12 4/2/13 14/13/14
f 4/2/13 11/14/15 14/13/14
s 0
f 4/6/16 9/5/16 10/10/16
s 1
f 7/7/17 2/3/18 16/15/19
f 8/16/20 5/17/21 18/18/22
s 0
f 6/19/23 7/20/23 15/21/23
s 1
f 16/15/19 2/3/18 14/13/24
s 0
f 10/10/25 9/5/25 13/12/25
s 1
f 13/12/11 8/9/10 17/22/26
s 0
f 18/18/27 5/17/27 6/23/27
f 10/10/28 13/12/28 21/24/28
s 1
f 22/25/29 7/20/30 16/26/31
s 0
f 11/11/32 10/10/32 20/27/32
f 14/13/33 11/14/33 16/15/33
s 1
f 16/26/34 11/11/35 19/28/36
s 0
f 10/10/37 21/24/37 20/27/37
s 1
f 13/12/11 17/22/26 32/29/38
f 7/20/39 22/25/29 15/21/40
f 22/25/41 16/26/34 31/30/42
f 8/16/20 18/18/22 25/31/43
f 15/21/40 22/25/29 26/32/44
f 31/30/42 16/26/34 19/28/36
f 17/33/45 8/16/46 25/31/47
f 13/12/48 32/29/49 24/34/50
f 6/19/51 15/21/52 18/35/53
f 19/28/54 11/11/55 20/27/56
f 23/36/57 22/25/58 1/37/59
s 0
f 21/24/60 13/12/60 24/34/60
f 26/32/61 22/25/61 23/36/61
s 1
f 1/37/62 22/25/41 31/30/42
f 18/35/63 15/21/64 26/32/65
s 0
f 20/27/66 21/24/66 28/38/66
s 1
f 32/39/67 17/40/68 29/41/69
f 29/41/70 17/40/45 25/42/47
f 30/43/71 19/28/54 20/27/56
f 30/43/72 31/44/42 19/28/36
s 0
f 21/24/73 24/45/73 28/38/73
s 1
f 25/31/74 18/18/63 26/46/65
f 20/27/56 28/38/75 30/43/71
f 36/47/76 31/44/42 30/43/72
f 33/48/77 23/36/57 1/37/59
s 0
f 26/32/78 23/36/78 33/48/78
s 1
f 25/42/74 26/49/65 29/41/79
f 26/32/65 33/48/80 29/50/79
f 1/51/62 31/44/42 36/47/76
s 0
f 33/52/81 1/53/81 35/54/81
s 1
f 24/34/50 32/29/49 38/55/82
f 35/54/83 1/53/84 36/56/85
f 29/57/79 33/52/80 35/54/86
s 0
f 39/58/87 28/59/87 38/60/87
f 38/55/88 28/61/88 24/34/88
s 1
f 30/62/71 28/59/75 39/58/89
f 37/63/90 32/64/67 29/65/69
f 37/63/91 29/65/79 35/66/86
f 38/55/92 32/29/93 37/67/94
f 36/47/76 30/43/72 39/68/95
f 35/54/83 36/56/85 40/69/96
s 0
f 40/69/97 36/56/97 39/70/97
s 1
f 38/71/98 37/72/99 40/69/100
s 0
f 37/72/101 35/54/101 40/69/101
f 40/73/102 39/58/102 38/60/102
s 1
f 45/74/103 44/75/104 55/76/105
f 46/77/106 47/78/106 49/79/106
f 48/80/107 55/76/108 44/75/109
f 55/76/108 48/80/110 47/81/111
f 51/82/112 46/77/113 49/79/114
f 60/83/115 45/74/116 50/84/117
s 0
f 47/78/118 46/77/118 55/85/118
f 52/86/119 49/79/119 53/87/119
f 49/79/120 47/78/120 53/87/120
s 1
f 45/74/103 60/83/121 44/75/104
f 47/88/122 54/89/122 56/90/122
s 0
f 45/91/123 55/92/123 57/93/123
s 1
f 49/79/114 52/86/124 51/82/112
s 0
f 53/94/125 47/88/125 56/90/125
f 47/88/126 48/95/126 54/89/126
f 55/92/127 46/96/127 57/93/127
f 57/93/128 46/77/128 51/82/128
f 45/91/129 57/93/129 50/97/129
s 1
f 56/90/130 54/89/131 62/98/132
s 0
f 48/80/133 44/75/133 58/99/133
s 1
f 60/83/134 50/84/135 68/100/136
s 0
f 53/101/137 43/102/137 52/103/137
s 1
f 43/102/138 53/101/139 56/90/140
s 0
f 52/103/141 43/102/141 76/104/141
s 1
f 63/105/142 57/93/143 51/82/144
f 65/106/145 43/102/138 56/90/140
f 51/82/146 52/86/147 63/105/148
f 48/95/149 62/98/150 54/89/151
f 58/99/152 44/75/153 60/107/154
f 63/105/142 50/97/155 57/93/143
f 64/108/156 50/84/155 63/109/142
s 0
f 66/110/157 48/80/157 58/99/157
s 1
f 60/83/158 68/100/159 67/111/160
f 52/103/147 76/104/161 63/112/148
f 66/110/162 62/113/150 48/80/149
f 58/99/152 60/107/154 66/110/163
f 66/114/163 60/83/154 67/111/164
f 76/104/165 43/102/166 65/106/167
f 65/106/168 56/90/169 69/115/170
f 50/84/155 64/108/156 87/116/171
f 69/115/172 56/90/130 62/98/132
f 69/115/173 62/98/174 77/117/175
f 42/118/176 50/84/177 87/116/171
f 70/119/178 66/114/163 67/111/164
f 68/100/179 50/84/180 75/120/181
f 77/117/182 62/98/183 66/114/162
f 67/111/160 68/100/159 71/121/184
f 73/122/185 72/123/186 74/124/187
f 74/124/188 72/123/189 75/120/190
f 75/120/181 50/84/180 42/118/191
s 0
f 68/100/192 75/120/192 78/125/192
f 75/120/193 72/123/193 78/125/193
s 1
f 72/126/194 73/122/195 78/125/196
f 78/125/196 73/122/195 71/121/197
f 73/122/198 74/127/188 71/121/199
f 74/124/188 75/120/190 71/128/199
s 0
f 68/100/200 78/125/200 71/121/200
s 1
f 63/112/201 76/104/161 80/129/202
f 77/117/182 66/114/162 79/130/203
f 66/114/163 70/119/178 79/130/204
f 80/129/205 76/104/165 65/106/167
f 81/131/206 77/117/182 79/130/203
f 77/117/175 81/131/207 69/115/173
f 70/119/178 67/111/164 71/121/208
f 84/132/209 63/112/201 80/129/202
f 82/133/210 80/129/205 65/106/167
f 69/115/173 81/131/207 85/134/211
f 71/128/199 75/120/190 83/135/212
s 0
f 83/135/213 75/120/213 42/118/213
s 1
f 64/136/156 63/112/142 84/132/214
f 65/106/168 69/115/170 85/134/215
f 70/137/178 71/128/208 83/135/216
f 86/138/217 83/135/218 87/116/219
f 80/129/205 82/133/210 88/139/220
f 83/135/218 42/118/221 87/116/219
f 89/140/222 86/138/223 87/116/224
f 84/132/225 80/129/226 88/139/227
f 82/133/228 65/106/168 85/134/215
f 86/138/223 89/140/229 90/141/230
f 91/142/231 70/137/178 83/135/216
s 0
f 91/142/232 83/135/232 86/138/232
s 1
f 79/143/233 70/137/178 91/142/231
s 0
f 91/142/234 86/138/234 90/144/234
f 87/116/235 64/108/235 89/140/235
f 90/141/236 89/140/236 91/145/236
f 85/134/237 81/131/237 82/133/237
s 1
f 64/136/156 84/132/214 89/146/238
s 0
f 84/132/239 88/139/239 82/133/239
f 91/147/240 89/148/240 92/149/240
f 92/149/241 89/148/241 84/150/241
f 79/143/242 91/142/242 41/151/242
f 93/152/243 82/133/243 81/131/243
f 81/131/244 79/130/244 93/152/244
s 1
f 79/143/245 41/151/245 93/153/245
s 0
f 41/151/246 91/142/246 93/153/246
f 93/154/247 91/147/247 92/149/247
s 1
f 82/133/248 93/152/249 84/132/250
f 92/149/251 84/150/250 93/154/249
f 99/155/252 96/156/253 100/157/254
f 98/158/255 97/159/256 96/156/253
f 96/156/253 97/159/256 100/157/254
s 0
f 101/160/257 99/155/257 100/157/257
f 345/161/258 343/162/258 111/163/258
f 111/163/259 343/162/259 341/164/259
f 240/165/260 216/166/260 118/167/260
s 1
f 138/168/261 127/169/262 139/170/263
f 130/171/264 128/172/265 129/173/266
s 0
f 129/173/267 128/172/267 131/174/267
s 1
f 130/171/264 129/173/266 132/175/268
f 133/176/269 128/172/265 130/171/264
f 134/177/270 130/171/270 132/175/270
f 133/176/271 130/171/272 134/177/273
f 146/178/274 133/176/271 134/177/273
f 134/177/275 132/175/276 135/179/277
f 135/179/277 132/175/276 143/180/278
s 0
f 132/175/279 129/173/279 136/181/279
f 136/181/280 129/173/280 137/182/280
f 129/173/281 131/174/281 137/182/281
f 140/183/282 131/184/282 127/169/282
s 1
f 127/185/283 138/186/284 141/187/285
f 147/188/286 133/189/271 146/190/274
f 126/191/287 127/185/288 141/187/289
f 131/174/290 128/172/291 158/192/292
s 0
f 158/192/293 128/172/293 133/176/293
s 1
f 143/180/294 132/175/295 136/181/296
f 133/176/297 147/193/298 158/192/299
f 144/194/300 146/178/301 134/177/275
f 138/195/261 139/196/263 150/197/302
f 127/169/303 131/184/304 139/170/305
f 131/174/304 158/192/306 139/198/305
s 0
f 131/184/307 140/183/307 137/199/307
s 1
f 126/191/308 141/187/309 145/200/310
f 148/201/311 147/188/312 146/190/301
f 134/177/275 135/179/277 144/194/300
s 0
f 157/202/313 136/181/313 137/182/313
s 1
f 135/179/314 143/180/294 149/203/315
f 148/201/311 146/190/301 144/204/300
f 145/200/310 141/187/309 153/205/316
f 144/194/317 135/179/314 149/206/315
f 143/207/294 136/181/296 157/202/318
s 0
f 137/208/319 140/209/319 152/210/319
f 164/211/320 126/212/320 145/213/320
f 157/214/321 137/208/321 152/210/321
f 140/209/322 127/215/322 163/216/322
s 1
f 141/217/285 138/195/284 155/218/323
f 138/195/284 150/197/324 155/218/323
f 154/219/325 147/188/312 148/201/311
s 0
f 127/220/326 126/212/326 164/211/326
s 1
f 159/221/327 158/222/328 147/188/329
f 148/201/330 144/204/331 156/223/332
f 149/203/315 143/180/294 157/224/318
f 150/197/333 139/196/305 158/225/306
f 159/221/334 147/188/312 154/219/325
f 156/226/332 144/194/331 149/206/315
f 125/227/335 158/228/306 161/229/336
f 158/228/328 159/230/327 151/231/337
f 158/228/306 125/227/335 150/197/333
f 151/231/338 159/230/339 165/232/340
f 165/232/341 159/230/342 162/233/343
f 159/221/342 154/219/344 162/234/343
s 0
f 152/210/345 140/209/345 163/216/345
f 163/216/346 127/215/346 164/235/346
s 1
f 164/211/347 145/213/348 160/236/349
f 161/229/336 158/228/306 151/231/350
f 155/218/323 150/197/324 176/237/351
f 145/200/352 153/205/353 160/238/354
f 141/217/309 155/218/355 153/239/316
f 160/238/354 153/205/353 167/240/356
f 148/201/330 156/223/332 170/241/357
s 0
f 152/210/358 163/216/358 164/235/358
s 1
f 125/227/335 180/242/359 150/197/333
f 150/197/333 180/242/359 173/243/360
s 0
f 125/227/361 161/229/361 169/244/361
s 1
f 154/219/362 148/201/330 170/241/357
f 156/223/332 149/245/315 170/241/357
f 170/241/357 149/245/315 157/214/318
f 166/246/363 160/238/364 172/247/365
f 173/243/366 176/237/367 150/197/368
f 161/229/369 151/231/338 165/248/340
f 162/249/370 154/219/362 170/241/357
f 155/218/323 176/237/351 168/250/371
f 166/251/372 164/211/347 160/236/349
f 160/238/364 167/240/373 172/247/365
f 153/239/316 155/218/355 205/252/374
f 170/241/357 157/214/318 175/253/375
f 174/254/376 157/214/318 152/210/377
s 0
f 169/244/378 161/229/378 177/255/378
s 1
f 161/229/379 165/248/380 177/255/381
f 175/253/375 157/214/318 174/254/376
f 187/256/382 166/246/383 172/247/384
f 172/247/365 167/240/373 185/257/385
f 153/239/353 205/252/386 178/258/387
s 0
f 152/210/388 164/235/388 166/259/388
s 1
f 153/239/353 178/258/387 167/260/356
s 0
f 173/243/389 180/242/389 179/261/389
f 179/261/390 182/262/390 183/263/390
s 1
f 183/263/391 182/264/392 184/265/393
s 0
f 182/262/394 179/261/394 184/266/394
f 177/255/395 125/227/395 169/244/395
s 1
f 165/232/396 162/233/370 177/267/397
s 0
f 179/261/398 183/263/398 181/268/398
s 1
f 181/268/399 183/263/400 186/269/401
f 183/263/391 184/265/393 186/269/401
s 0
f 184/266/402 179/261/402 186/270/402
f 186/270/403 179/261/403 180/242/403
s 1
f 186/269/404 180/271/405 181/268/406
f 188/272/407 174/254/376 152/210/408
s 0
f 187/256/409 124/273/409 166/246/409
s 1
f 155/218/355 168/250/410 205/252/374
f 181/274/406 180/242/405 125/227/411
f 177/267/397 162/233/370 170/275/357
f 122/276/412 174/254/376 188/272/407
f 166/259/413 188/272/414 152/210/415
f 193/277/416 168/250/371 176/237/351
f 173/243/417 179/261/418 189/278/419
f 206/279/420 170/241/357 175/253/375
f 124/280/421 123/281/422 191/282/423
f 192/283/424 124/280/425 195/284/426
f 187/256/382 172/247/384 190/285/427
f 185/286/385 167/260/373 178/258/428
f 166/246/429 124/273/430 191/287/423
f 124/280/425 192/283/424 123/281/431
f 181/288/406 125/227/411 177/255/432
f 175/253/375 174/254/376 122/276/412
s 0
f 188/272/433 166/259/433 191/289/433
s 1
f 197/290/434 185/257/435 198/291/436
f 185/257/385 178/292/428 194/293/437
s 0
f 120/294/438 189/278/438 179/261/438
f 179/261/439 181/268/439 203/295/439
s 1
f 177/296/397 170/241/357 206/279/420
f 172/247/384 185/257/435 190/285/427
f 196/297/440 185/257/435 199/298/441
f 185/257/435 197/290/434 199/298/441
f 197/299/442 198/300/443 199/298/441
f 199/298/441 198/300/443 200/301/444
s 0
f 198/291/445 185/257/445 200/301/445
s 1
f 235/302/446 173/243/447 189/278/448
f 192/283/424 195/284/426 121/303/449
f 190/285/427 185/257/435 196/297/440
f 199/298/441 200/301/444 196/297/440
f 196/297/440 200/301/444 194/293/450
f 200/301/444 185/257/451 194/293/450
f 202/304/452 214/305/453 201/306/454
f 202/304/455 121/303/449 195/284/426
f 178/258/387 205/252/386 210/307/456
s 0
f 120/294/457 179/261/457 203/295/457
s 1
f 123/281/458 192/283/459 191/282/460
f 121/303/449 202/304/455 204/308/461
f 194/309/437 178/258/428 209/310/462
f 181/268/463 177/311/397 203/295/464
f 175/253/375 122/276/412 207/312/465
f 202/304/455 201/306/466 204/308/461
f 236/313/467 120/294/468 203/295/464
f 253/314/469 177/315/397 206/316/420
f 191/282/460 192/283/459 208/317/470
f 208/317/470 192/283/459 121/303/471
f 222/318/472 224/319/473 212/320/474
f 224/319/475 213/321/475 239/322/475
f 222/323/476 201/306/454 214/305/453
f 195/284/477 124/280/478 252/324/479
f 124/280/478 187/325/480 252/324/479
f 210/307/456 205/252/386 211/326/481
f 205/252/482 119/327/483 215/328/484
f 119/327/485 205/252/486 256/329/487
f 203/330/464 177/315/397 253/314/469
f 121/303/471 204/308/488 237/331/489
f 212/320/474 224/319/473 239/322/490
s 0
f 248/332/491 117/333/491 213/321/491
s 1
f 178/258/428 210/307/492 217/334/493
f 218/335/494 215/328/484 219/336/495
f 219/336/495 215/328/484 220/337/496
f 230/338/497 221/339/498 215/328/484
f 256/329/499 205/252/374 168/250/410
f 235/302/500 189/278/501 259/340/502
f 259/340/503 189/278/504 236/341/505
s 0
f 189/278/506 120/294/506 236/313/506
s 1
f 204/308/507 201/306/508 238/342/509
s 0
f 239/322/510 213/321/510 223/343/510
s 1
f 117/333/511 118/344/512 216/345/513
f 118/344/514 117/333/514 248/332/514
f 209/310/462 178/258/428 217/334/493
f 215/328/484 218/335/494 205/252/482
f 205/252/482 218/335/494 225/346/515
s 0
f 225/346/516 218/335/516 226/347/516
f 218/335/517 219/336/517 226/347/517
f 226/347/516 219/336/516 227/348/516
f 219/336/517 220/337/517 227/348/517
f 227/348/517 220/337/517 228/349/517
s 1
f 220/337/496 215/328/484 228/349/518
f 215/328/484 221/339/498 229/350/519
s 0
f 229/350/516 221/339/516 230/351/516
s 1
f 230/338/520 215/328/484 231/352/521
f 215/328/484 119/327/483 231/352/521
f 232/353/522 256/354/523 233/355/524
f 233/355/524 256/354/523 234/356/525
f 206/279/526 175/253/375 246/357/527
f 212/320/528 239/322/529 251/358/530
f 187/325/480 190/359/531 252/324/479
f 196/297/440 194/293/450 249/360/532
f 249/360/532 194/293/450 209/361/533
f 205/252/386 225/346/534 211/326/481
f 225/346/534 226/347/535 211/326/481
f 226/347/535 227/348/535 211/326/481
f 227/348/535 228/349/518 211/326/481
f 228/349/518 215/328/484 211/326/481
f 211/326/481 215/328/484 241/362/536
f 215/328/484 229/350/519 241/362/536
f 229/350/519 230/351/537 241/362/536
f 230/351/538 231/352/521 241/362/539
f 231/352/521 119/327/483 241/362/539
f 119/363/485 256/354/487 242/364/540
f 256/354/487 232/353/522 242/364/540
s 0
f 232/353/516 233/355/516 243/365/516
f 243/365/516 233/355/516 244/366/516
f 233/355/517 234/356/517 244/366/517
s 1
f 244/366/541 234/356/525 116/367/542
f 234/356/525 256/354/523 116/367/542
f 173/243/366 263/368/543 176/237/367
f 236/313/467 203/295/464 253/314/469
f 246/357/527 175/253/375 207/312/465
f 122/276/544 188/272/545 191/289/546
f 208/317/470 121/303/471 237/331/489
s 0
f 223/343/547 213/321/547 117/333/547
s 1
f 266/369/548 117/370/511 216/166/513
s 0
f 240/165/549 118/167/549 248/371/549
s 1
f 213/321/550 224/319/551 265/372/552
f 119/363/483 242/364/553 241/373/539
f 242/364/554 232/374/555 241/373/539
s 0
f 241/375/556 232/376/556 116/367/556
s 1
f 232/376/557 243/377/557 116/367/542
f 243/377/557 244/366/541 116/367/542
f 193/277/558 176/237/367 263/368/543
f 173/243/447 235/302/446 263/368/559
f 204/308/560 250/378/561 237/331/562
f 204/308/560 238/342/563 250/378/561
f 201/379/508 222/318/564 251/358/565
f 212/320/566 251/358/565 222/318/564
f 248/332/567 213/321/568 265/372/552
f 214/305/569 202/304/570 280/380/571
f 202/304/570 195/381/477 280/380/571
f 210/307/492 211/326/572 217/334/493
f 263/368/559 235/302/446 261/382/573
f 206/279/526 246/357/527 254/383/574
f 238/342/509 201/306/508 251/384/565
f 276/385/575 264/386/576 240/165/577
f 190/359/531 196/387/578 252/324/479
f 268/388/579 236/313/467 253/314/469
f 251/358/530 239/322/529 257/389/580
s 0
f 266/390/581 223/343/581 117/333/581
s 1
f 240/165/582 264/386/583 255/391/584
f 224/319/551 222/318/585 214/392/569
f 253/314/469 206/316/586 254/393/574
s 0
f 239/322/587 223/343/587 257/389/587
s 1
f 216/166/588 240/165/582 255/391/584
f 240/165/589 258/394/590 276/385/591
f 217/334/493 211/326/572 260/395/592
f 260/395/592 211/326/572 241/362/593
s 0
f 254/383/594 246/357/594 262/396/594
s 1
f 246/357/527 207/312/465 122/276/412
f 255/391/584 264/386/583 269/397/595
f 240/165/589 248/371/596 258/394/590
f 224/319/551 214/392/569 265/372/552
f 249/398/532 209/310/533 217/334/597
f 260/399/592 241/375/593 116/367/598
f 168/250/599 193/277/600 256/329/499
s 0
f 257/389/601 223/343/601 266/390/601
s 1
f 280/380/571 195/381/477 252/400/479
f 261/382/573 272/401/602 263/368/603
s 0
f 216/166/604 255/391/604 266/369/604
f 255/391/605 269/397/605 271/402/605
s 1
f 248/332/567 265/372/552 258/403/606
f 265/404/552 214/405/569 115/406/607
f 196/297/578 249/360/608 252/407/479
f 249/398/532 217/334/597 267/408/609
f 235/302/500 259/340/502 261/382/610
f 261/382/611 259/340/612 274/409/613
f 214/305/569 280/380/571 115/410/607
f 260/399/614 116/367/598 270/411/615
f 268/388/579 253/314/469 273/412/616
f 262/396/617 246/357/618 191/413/546
f 246/357/619 122/276/620 191/289/546
f 253/314/469 254/393/574 273/412/616
f 254/383/621 262/396/617 277/414/622
f 191/282/546 208/317/623 277/415/622
f 237/331/624 250/378/625 275/416/626
f 275/416/626 250/378/625 238/417/627
f 251/358/628 257/389/629 238/418/627
f 217/419/597 260/399/630 278/420/631
f 274/409/632 259/340/503 236/341/633
f 274/421/634 236/313/467 268/388/579
f 238/417/627 257/422/629 275/416/626
f 267/423/609 217/419/597 278/420/631
f 193/277/635 263/368/636 283/424/637
s 0
f 279/425/638 272/401/638 261/382/638
s 1
f 266/426/639 255/391/640 271/402/641
f 264/386/576 276/385/575 269/397/642
f 276/385/643 258/394/606 265/427/552
f 282/428/644 265/404/552 115/406/607
s 0
f 288/429/645 256/329/645 193/277/645
s 1
f 262/396/617 191/413/546 277/414/622
f 208/317/623 237/331/624 277/415/622
f 275/416/626 257/422/629 266/430/639
f 276/431/643 265/404/552 282/428/644
f 270/411/615 287/432/646 293/433/647
f 270/411/615 116/367/598 287/432/646
f 288/429/648 193/277/649 283/424/650
f 300/434/651 273/412/652 254/393/653
f 277/435/622 237/331/624 275/416/626
f 269/397/642 276/385/575 299/436/654
f 252/407/479 249/360/608 267/437/655
f 260/399/630 270/411/656 278/420/631
f 270/411/656 294/438/657 278/420/631
s 0
f 263/368/658 272/401/658 283/424/658
s 1
f 272/401/659 279/425/660 283/424/661
f 279/425/662 261/382/663 274/409/664
f 267/423/665 278/420/631 284/439/666
f 284/439/667 278/420/668 285/440/669
f 285/440/669 278/420/668 286/441/669
f 278/420/670 294/438/670 286/441/671
f 308/442/672 256/443/673 288/444/674
f 254/393/621 277/445/622 300/434/675
f 275/446/626 266/426/639 271/402/641
f 271/402/641 269/397/676 281/447/677
f 252/448/479 267/449/655 305/450/678
s 0
f 267/423/679 284/439/679 289/451/679
f 289/451/516 284/439/516 290/452/516
f 284/439/516 285/440/516 290/452/516
f 290/452/516 285/440/516 291/453/516
f 285/440/517 286/441/517 291/453/517
f 291/453/516 286/441/516 292/454/516
s 1
f 286/441/671 294/438/680 292/454/681
f 116/367/542 256/354/523 310/455/682
f 310/455/683 256/354/673 308/456/672
f 283/457/661 279/425/684 295/458/685
f 274/421/634 268/388/579 273/412/616
f 289/451/686 290/452/686 267/423/686
f 290/452/687 291/453/688 267/423/687
s 0
f 291/453/689 292/454/689 267/423/689
f 292/454/690 294/438/690 267/423/690
s 1
f 287/432/691 116/367/542 310/455/682
s 0
f 288/459/692 283/457/692 295/458/692
s 1
f 295/458/693 279/425/694 274/409/634
f 274/421/634 273/412/616 295/460/693
f 299/461/695 276/431/643 282/428/644
f 270/411/656 293/433/696 294/438/657
f 280/462/571 252/463/479 113/464/697
f 296/465/698 287/432/691 310/455/682
f 295/460/699 273/412/652 300/434/651
f 275/446/626 271/402/641 281/447/677
f 298/466/700 269/397/642 299/436/654
f 303/467/701 301/468/702 314/469/703
f 314/469/704 301/468/702 311/470/705
f 311/470/706 301/468/707 302/471/708
s 0
f 302/471/516 301/468/516 303/472/516
s 1
f 303/467/701 314/469/703 304/473/709
f 314/469/703 299/474/654 304/473/709
s 0
f 304/473/710 299/474/710 309/475/710
s 1
f 287/432/646 296/465/711 293/433/647
f 293/433/712 296/465/713 306/476/714
f 306/476/714 296/465/713 315/477/715
s 0
f 318/478/716 295/479/716 300/480/716
s 1
f 311/470/706 302/471/708 309/481/717
f 302/482/708 303/472/718 309/475/717
s 0
f 303/472/719 304/473/719 309/475/719
s 1
f 344/483/720 310/484/683 308/442/672
f 299/474/721 282/485/644 309/475/717
f 296/465/713 307/486/722 315/477/715
s 0
f 314/469/723 311/470/723 312/487/723
s 1
f 313/488/724 312/487/725 311/470/726
f 282/489/644 311/470/706 309/481/717
f 294/438/657 293/433/696 306/476/727
f 307/486/728 296/465/698 310/455/682
s 0
f 316/490/729 317/491/729 306/476/730
s 1
f 288/492/731 295/479/732 318/478/733
s 0
f 319/493/734 306/476/734 320/494/734
s 1
f 306/476/730 317/491/735 320/494/736
s 0
f 320/494/516 317/491/516 316/495/516
s 1
f 316/490/737 306/476/738 321/496/739
f 306/476/738 315/477/715 321/496/739
f 315/477/715 307/486/722 350/497/740
f 325/498/741 307/499/728 326/500/742
f 307/501/722 325/502/743 322/503/744
f 269/397/676 298/466/745 281/447/677
f 298/504/700 299/474/654 314/469/703
f 329/505/746 314/469/703 323/506/747
f 323/506/747 314/469/703 324/507/748
f 313/488/724 334/508/749 312/487/725
s 0
f 312/487/750 334/508/750 339/509/750
f 320/494/751 316/495/751 319/493/751
s 1
f 316/495/752 321/496/739 319/493/753
f 321/496/739 315/477/715 319/493/753
f 326/500/754 310/484/683 344/483/720
f 308/442/755 288/444/731 318/510/733
f 298/504/700 314/469/703 328/511/756
f 314/469/703 329/505/746 328/511/756
f 329/512/757 323/506/758 330/513/759
s 0
f 323/506/760 324/507/760 330/513/760
s 1
f 324/507/748 314/469/703 331/514/761
f 331/514/761 314/469/703 332/515/762
f 333/516/762 332/515/762 314/469/703
f 314/469/763 312/487/764 338/517/765
s 0
f 112/518/766 339/509/766 334/508/766
s 1
f 113/464/697 252/463/479 362/519/767
f 252/448/479 305/450/678 362/520/767
f 267/423/655 294/438/768 319/521/769
f 307/501/722 322/503/744 350/522/740
f 322/503/744 325/502/743 347/523/770
f 307/486/728 310/455/682 326/524/742
f 328/511/756 329/512/746 298/504/700
f 329/512/757 330/513/759 298/504/771
f 330/513/759 324/507/772 298/504/771
s 0
f 324/507/773 331/514/773 335/525/773
f 331/514/517 332/515/517 335/525/517
f 335/525/516 332/515/516 336/526/516
f 332/515/516 333/516/516 336/526/516
f 336/526/517 333/516/517 337/527/517
s 1
f 337/527/762 333/516/762 314/469/703
f 110/528/774 347/523/774 340/529/774
f 318/530/733 300/434/675 277/445/622
f 281/531/677 298/532/745 327/533/775
f 298/532/745 324/534/776 327/533/775
f 324/534/776 335/535/777 327/533/775
f 335/535/777 336/536/778 327/533/775
f 336/526/778 337/527/778 327/537/775
s 0
f 337/527/779 314/469/779 327/537/779
f 314/469/780 338/517/780 327/537/780
f 341/164/781 343/162/781 342/538/781
f 343/539/782 112/518/782 334/508/782
s 1
f 313/488/783 311/470/706 282/489/644
f 319/540/753 315/477/715 350/497/740
s 0
f 344/483/784 308/442/784 357/541/784
f 342/538/785 343/162/785 334/542/785
s 1
f 267/449/655 319/543/769 305/450/678
f 306/476/786 319/493/769 294/438/768
f 325/498/787 326/500/754 352/544/788
f 352/544/788 326/500/754 348/545/789
f 353/546/790 326/500/754 344/483/720
s 0
f 111/163/791 341/164/791 342/538/791
s 1
f 334/508/792 313/488/783 282/489/644
s 0
f 340/529/793 347/523/793 325/502/793
s 1
f 112/518/794 343/539/795 355/547/796
s 0
f 355/547/797 343/539/797 345/548/797
f 345/161/798 111/163/798 109/549/798
s 1
f 115/406/607 280/550/571 371/551/799
f 340/552/800 325/498/787 352/544/788
s 0
f 353/546/801 344/483/801 357/541/801
s 1
f 277/435/622 275/416/626 351/553/802
f 312/487/764 339/509/803 338/517/765
f 339/509/804 112/518/805 355/547/796
f 348/545/789 326/500/754 353/546/790
f 362/520/767 305/450/678 319/543/769
f 347/523/806 110/528/807 369/554/808
f 110/528/809 340/529/810 368/555/811
f 363/556/812 308/442/755 318/510/733
s 0
f 340/552/813 352/544/813 356/557/813
s 1
f 281/531/677 327/533/775 338/558/814
f 108/559/815 109/560/816 364/561/817
s 0
f 109/549/818 111/163/818 361/562/818
f 361/562/819 111/163/819 342/538/819
s 1
f 115/406/607 371/551/799 282/428/644
f 357/541/820 308/442/755 363/556/812
f 275/416/626 281/531/677 351/553/802
s 0
f 345/161/821 109/549/821 355/563/821
s 1
f 109/560/822 108/559/823 360/564/824
f 108/559/825 106/565/826 360/564/824
f 364/561/817 109/560/816 361/566/827
s 0
f 319/567/828 350/522/828 322/503/828
s 1
f 107/568/829 358/569/830 110/528/831
f 107/568/832 110/528/833 368/555/811
f 106/565/834 108/559/835 364/561/836
f 319/567/769 322/503/837 362/570/767
f 348/545/838 353/546/839 359/571/840
f 339/509/841 355/547/842 338/572/843
s 0
f 360/564/844 106/565/844 366/573/844
s 1
f 282/428/644 371/551/799 367/574/845
f 372/575/846 107/568/847 368/555/848
f 353/546/839 357/541/820 363/576/812
f 351/553/802 281/531/677 370/577/849
f 370/577/849 281/531/677 338/558/843
f 374/578/850 106/565/834 364/561/836
f 361/562/851 342/538/852 334/542/792
f 362/570/767 322/503/853 369/554/808
f 322/503/853 347/523/806 369/554/808
s 0
f 340/529/854 356/579/854 368/555/854
s 1
f 105/580/855 366/573/856 106/565/834
f 110/528/807 358/569/857 369/554/808
f 373/581/858 358/569/830 107/568/829
f 352/544/859 348/545/838 359/571/840
f 353/546/839 363/576/812 359/571/840
f 104/582/860 382/583/861 375/584/862
f 104/582/863 105/585/864 374/586/865
f 105/580/855 106/565/834 374/578/850
f 334/587/792 282/428/644 367/574/845
f 103/588/866 356/557/867 352/544/859
f 352/544/859 359/571/840 103/588/866
f 382/583/868 104/582/863 374/586/865
f 361/562/869 334/542/792 377/589/870
f 334/542/792 367/574/845 377/589/870
f 381/590/871 375/584/862 382/583/861
f 338/558/843 355/591/842 370/577/849
f 355/591/842 109/592/872 370/577/849
f 105/585/873 104/582/874 379/593/875
f 113/464/697 362/519/767 358/569/876
f 102/594/877 358/569/830 373/581/858
f 373/581/878 107/568/847 388/595/879
f 107/568/847 372/575/846 388/595/879
f 356/557/867 103/588/866 368/596/880
f 104/582/874 375/584/881 379/593/875
f 375/584/882 380/597/883 376/598/884
f 381/590/885 389/599/886 375/584/862
s 0
f 389/599/887 380/597/887 375/584/887
s 1
f 374/578/888 364/561/889 361/566/869
f 113/464/697 358/569/876 387/600/890
f 373/581/858 390/601/891 102/594/877
f 103/602/866 359/571/840 363/576/812
f 318/603/733 277/435/622 404/604/892
f 277/435/622 351/553/802 404/604/892
f 370/577/893 109/592/894 360/605/895
f 366/573/896 105/580/897 360/564/895
s 0
f 378/606/898 379/593/898 375/584/898
s 1
f 374/607/888 361/562/869 377/589/870
f 280/462/571 113/464/697 387/600/890
s 0
f 379/593/899 378/606/899 383/608/899
f 383/609/517 384/610/517 385/611/517
f 376/598/900 385/611/900 386/612/900
s 1
f 385/611/516 384/610/901 386/612/902
s 0
f 386/612/903 384/610/903 376/598/903
s 1
f 384/610/903 383/613/904 376/598/903
f 383/613/905 378/606/906 376/598/907
f 376/598/907 378/606/906 375/584/908
f 380/597/909 98/614/910 376/598/884
f 362/615/767 369/554/808 358/569/876
f 383/608/911 385/616/912 379/593/913
f 385/611/912 376/598/914 379/617/913
f 382/618/915 374/607/888 377/589/870
f 102/594/916 390/601/917 387/600/918
f 360/605/895 105/619/897 370/577/893
f 98/614/255 380/597/919 389/599/920
f 391/620/921 373/581/878 388/595/879
f 105/619/897 379/621/913 370/577/893
f 98/158/255 389/622/922 97/159/256
f 358/569/923 102/594/916 387/600/918
f 390/601/924 373/581/925 391/620/921
s 0
f 372/575/926 368/623/926 391/620/926
s 1
f 368/623/880 103/624/866 391/620/927
f 103/625/866 363/556/812 391/626/927
f 363/556/812 318/510/733 391/626/927
f 381/590/928 382/583/915 377/627/870
f 387/600/918 390/601/917 95/628/929
f 391/629/927 318/603/733 404/604/892
f 370/577/893 379/621/913 376/630/914
s 0
f 372/575/930 391/620/930 388/595/930
s 1
f 95/628/931 390/601/924 403/631/932
f 100/157/933 401/632/934 101/160/935
f 389/599/936 381/590/928 377/627/870
f 280/462/571 387/600/890 371/633/799
f 387/600/918 95/628/929 394/634/937
f 403/631/932 390/601/924 391/620/921
f 377/589/870 367/574/845 395/635/938
f 394/634/937 95/628/929 392/636/939
f 393/637/940 98/158/941 96/156/942
f 96/156/942 99/155/943 393/637/940
f 97/638/944 389/599/936 377/627/870
f 367/574/845 371/551/799 395/635/938
f 371/633/799 387/600/890 394/634/945
s 0
f 376/639/946 98/158/946 393/637/946
s 1
f 395/635/947 394/634/937 402/640/948
f 394/634/937 392/636/939 396/641/949
f 398/642/950 397/643/951 399/644/952
f 397/645/951 396/641/953 399/646/952
f 396/641/953 392/636/954 399/646/952
f 99/155/943 101/160/955 393/637/940
f 394/634/937 396/641/949 402/640/948
f 396/641/956 397/647/957 402/640/958
f 397/647/957 398/648/959 402/640/958
f 402/640/960 398/648/961 392/649/954
f 398/650/961 399/644/952 392/651/954
f 392/636/962 95/628/931 403/631/932
f 370/577/893 376/630/914 393/652/963
f 392/636/964 403/631/965 400/653/966
f 409/654/967 351/553/802 370/577/849
f 101/160/935 401/632/934 405/655/968
s 0
f 402/640/969 392/649/969 409/656/969
s 1
f 100/157/970 97/657/944 401/632/971
f 97/657/944 377/658/870 401/632/971
f 409/659/972 392/636/964 400/653/966
f 371/551/799 394/634/945 395/635/938
f 395/635/947 402/640/948 407/660/973
f 404/604/892 351/553/802 409/654/967
f 408/661/974 101/160/974 405/655/974
f 411/662/975 402/640/976 409/656/977
f 413/663/978 395/635/947 407/660/973
f 391/620/927 404/664/892 403/631/979
f 370/665/980 393/637/963 101/160/981
f 407/660/982 402/640/976 411/662/975
s 0
f 405/655/983 410/666/983 408/661/983
s 1
f 400/653/984 403/631/979 404/664/892
f 94/667/985 410/666/986 412/668/987
f 405/655/988 401/632/971 410/666/989
f 400/669/984 404/604/892 409/654/967
f 410/666/989 401/632/971 413/670/990
f 401/632/971 377/658/870 413/671/990
f 377/589/870 395/635/938 413/663/990
f 408/661/991 410/666/992 94/667/985
f 407/660/982 411/662/975 415/672/993
f 370/665/980 101/160/981 408/661/994
s 0
f 417/673/995 412/668/995 414/674/995
s 1
f 419/675/996 370/676/980 417/677/997
s 0
f 94/667/998 412/668/998 417/673/998
s 1
f 414/674/999 416/678/1000 417/673/1001
f 413/663/978 407/660/973 418/679/1002
f 370/665/980 408/661/994 417/680/997
f 416/678/1000 414/674/999 420/681/1003
f 412/668/1004 410/666/989 414/674/1005
s 0
f 407/660/1006 415/672/1006 422/682/1006
f 417/673/1007 408/661/1007 94/667/1007
s 1
f 420/681/1003 414/674/999 421/683/1008
f 410/666/989 413/684/990 414/674/1005
f 414/685/1005 413/663/990 418/679/1009
f 411/686/1010 409/654/967 370/577/849
f 370/676/980 419/675/996 415/687/1011
f 411/662/1010 370/688/849 415/672/1011
f 418/679/1012 407/660/1013 422/682/1014
f 421/683/1015 414/674/1005 423/689/1016
f 418/690/1009 423/689/1016 414/674/1005
f 423/691/1017 418/679/1012 422/682/1014
f 416/692/1018 420/693/1019 427/694/1020
s 0
f 420/693/1021 426/695/1021 427/694/1021
f 423/689/1022 422/682/1022 425/696/1022
f 422/682/1023 415/672/1023 425/696/1023
f 415/672/1024 419/697/1024 425/696/1024
s 1
f 417/677/997 416/698/1018 419/675/996
f 416/692/1018 427/694/1020 419/699/996
f 426/700/1025 420/681/1026 421/683/1008
s 0
f 423/689/1027 425/696/1027 419/697/1027
f 421/683/1028 423/689/1028 419/697/1028
f 421/701/1029 419/699/1029 427/694/1029
f 427/694/1030 426/695/1030 421/701/1030
s 1
f 578/702/1031 429/703/1032 571/704/1033
f 543/705/1034 432/706/1035 433/707/1036
f 464/708/1037 493/709/1038 439/710/1039
f 440/711/1040 484/712/1041 441/713/1042
f 446/714/1043 443/715/1044 444/716/1045
f 443/715/1046 446/714/1047 445/717/1048
f 446/714/1047 450/718/1049 445/717/1048
f 448/719/1050 442/720/1051 443/715/1052
s 0
f 445/717/1053 449/721/1053 443/715/1053
s 1
f 444/716/1054 443/715/1052 442/720/1051
f 448/719/1055 443/715/1055 449/721/1055
f 455/722/1056 442/720/1051 448/719/1050
f 453/723/1057 454/724/1058 461/725/1059
f 454/724/1060 450/718/1049 463/726/1061
f 463/726/1061 450/718/1049 446/714/1047
f 451/727/1062 452/728/1063 455/729/1064
f 450/718/1065 454/724/1058 453/723/1057
f 462/730/1066 446/714/1043 444/716/1045
f 442/731/1067 455/729/1064 452/728/1063
f 445/717/1068 450/718/1065 453/723/1057
f 441/732/1042 452/728/1063 451/727/1062
f 455/722/1069 448/719/1070 456/733/1071
f 449/721/1072 445/717/1073 459/734/1074
f 441/713/1042 484/712/1075 452/735/1063
f 451/727/1076 455/729/1077 458/736/1078
f 456/733/1071 448/719/1070 449/721/1079
f 459/734/1074 445/717/1080 453/723/1081
f 459/734/1074 453/723/1081 460/737/1082
f 453/723/1081 461/725/1083 460/737/1082
s 0
f 484/712/1084 440/711/1084 439/738/1084
s 1
f 463/726/1085 446/714/1043 462/730/1066
f 463/726/1061 461/725/1086 454/724/1060
f 470/739/1087 463/726/1085 462/730/1066
f 465/740/1088 464/708/1089 439/710/1090
f 466/741/1091 451/727/1076 458/736/1078
f 462/730/1092 444/716/1093 442/720/1094
f 465/740/1088 439/710/1090 440/742/1095
f 440/711/1096 441/713/1097 472/743/1098
f 455/722/1069 456/733/1071 458/744/1099
f 493/709/1038 464/708/1037 467/745/1100
f 464/708/1101 471/746/1102 467/745/1103
f 468/747/1104 471/746/1105 464/708/1089
f 464/708/1089 465/740/1088 468/747/1104
f 472/748/1098 465/740/1106 440/742/1096
f 441/732/1107 451/727/1076 466/741/1091
f 449/721/1108 459/734/1109 456/749/1110
f 472/743/1098 441/713/1097 466/750/1111
f 461/725/1086 463/726/1061 473/751/1112
f 484/752/1113 439/710/1114 493/709/1115
f 472/743/1116 466/750/1117 476/753/1118
f 474/754/1119 461/725/1086 473/751/1112
f 468/747/1120 465/740/1121 488/755/1122
f 488/755/1122 465/740/1121 472/748/1123
f 461/725/1083 469/756/1124 460/737/1082
f 474/754/1125 496/757/1126 461/725/1127
f 469/756/1128 461/725/1129 496/757/1130
f 462/730/1092 442/720/1094 470/739/1131
f 478/758/1132 479/759/1133 480/760/1134
f 482/761/1135 478/758/1132 480/760/1136
s 0
f 438/762/1137 480/760/1137 479/759/1137
s 1
f 438/762/1138 437/763/1139 480/760/1140
f 480/760/1140 437/763/1139 483/764/1141
f 483/764/1142 437/763/1139 475/765/1143
f 475/765/1144 467/745/1145 486/766/1146
f 486/766/1147 467/745/1103 471/746/1102
f 456/749/1110 459/734/1109 477/767/1148
f 459/734/1109 460/737/1149 477/767/1148
f 473/751/1150 463/726/1085 470/739/1087
f 499/768/1151 481/769/1152 478/770/1153
s 0
f 478/770/1154 482/771/1154 499/768/1154
s 1
f 486/766/1155 471/746/1105 468/772/1104
f 488/773/1156 472/743/1116 476/753/1118
f 458/744/1157 456/733/1110 503/774/1158
f 456/733/1110 477/775/1148 503/774/1158
f 482/761/1135 480/760/1136 485/776/1159
s 0
f 483/764/1160 475/765/1160 489/777/1160
s 1
f 436/778/1161 467/745/1162 475/765/1163
f 489/777/1164 475/765/1165 486/766/1146
f 468/747/1166 488/755/1167 487/779/1168
f 496/757/1126 474/754/1125 491/780/1169
f 493/709/1115 467/745/1162 436/778/1161
s 0
f 501/781/1170 482/761/1170 485/776/1170
s 1
f 480/760/1171 483/764/1172 492/782/1173
f 492/782/1173 483/764/1172 489/777/1174
f 486/766/1175 468/772/1166 487/783/1168
f 466/784/1176 458/744/1157 503/774/1158
f 460/737/1149 490/785/1177 477/767/1148
f 491/780/1178 474/754/1119 473/751/1112
f 478/770/1179 481/769/1180 479/786/1181
s 0
f 485/776/1182 480/760/1182 492/782/1182
s 1
f 476/787/1183 466/784/1176 503/774/1158
f 494/788/1184 481/769/1152 499/768/1185
f 489/777/1186 486/766/1175 487/783/1168
f 504/789/1187 491/780/1188 473/751/1150
f 479/786/1181 481/769/1180 500/790/1189
f 496/757/1130 495/791/1190 469/756/1128
f 436/778/1161 475/765/1163 497/792/1191
f 503/774/1158 477/775/1148 490/793/1177
f 460/737/1149 469/756/1192 490/785/1177
f 506/794/1193 495/791/1194 496/757/1195
f 437/763/1196 438/762/1197 497/792/1191
f 509/795/1198 499/768/1199 482/771/1200
f 509/795/1201 482/771/1202 501/796/1203
f 504/789/1187 473/751/1150 470/739/1087
f 497/792/1191 438/762/1197 510/797/1204
f 492/782/1205 489/777/1206 485/776/1207
f 502/798/1208 487/779/1209 488/755/1210
f 475/765/1163 437/763/1196 497/792/1191
f 510/797/1204 438/762/1197 479/759/1181
f 506/794/1211 496/757/1126 491/780/1169
f 481/769/1180 494/788/1212 500/790/1189
f 505/799/1213 495/791/1194 506/794/1193
f 485/776/1207 489/800/1206 528/801/1214
f 528/801/1214 489/800/1206 487/802/1209
f 515/803/1215 505/804/1213 506/805/1193
f 528/801/1216 509/806/1217 501/781/1218
f 476/807/1183 503/808/1158 435/809/1219
f 490/785/1177 469/756/1192 507/810/1220
f 504/789/1221 470/739/1131 529/811/1222
f 529/811/1222 470/739/1131 442/720/1094
f 488/755/1210 476/812/1183 502/798/1208
f 507/810/1220 469/756/1192 495/791/1223
f 515/803/1215 508/813/1224 505/804/1213
f 528/814/1214 487/779/1209 502/798/1208
f 502/815/1208 476/807/1183 435/809/1219
f 513/816/1225 514/817/1226 511/818/1227
s 0
f 511/819/1228 508/813/1228 515/803/1228
s 1
f 506/820/1229 491/780/1188 532/821/1230
f 532/821/1230 491/780/1188 504/789/1187
f 535/822/1231 499/768/1199 509/795/1198
f 524/823/1232 435/809/1219 503/808/1158
s 0
f 516/824/1233 517/825/1233 518/826/1233
s 1
f 518/826/1234 512/827/1235 519/828/1236
f 512/827/1235 511/829/1237 519/828/1236
f 511/818/1227 514/817/1226 520/830/1238
f 520/830/1238 514/817/1226 513/831/901
f 513/816/1225 511/818/1227 521/832/1239
f 521/832/1239 511/818/1227 515/833/1240
f 500/834/1189 494/835/1212 534/836/1241
f 505/804/1242 508/813/1243 525/837/1244
f 517/825/1245 512/827/1235 518/826/1234
s 0
f 511/818/1246 520/830/1246 527/838/1246
f 520/830/1247 513/831/1247 527/838/1247
s 1
f 513/831/1248 521/832/1239 527/838/1249
f 521/832/1250 515/833/1251 527/838/1252
f 484/752/1113 493/709/1115 530/839/1253
f 535/822/1254 509/795/1217 528/840/1216
s 0
f 533/841/1255 516/824/1255 518/826/1255
s 1
f 511/818/1237 527/838/1256 519/842/1236
f 529/811/1222 442/720/1094 452/843/1257
f 503/844/1158 490/785/1177 507/810/1220
f 508/813/1243 511/819/1258 526/845/1259
f 517/825/1260 516/824/1260 522/846/1260
f 523/847/1261 494/848/1184 499/849/1185
f 501/781/1262 485/776/1207 528/801/1214
f 507/810/1220 495/791/1223 505/850/1263
f 504/789/1221 529/811/1222 532/821/1264
f 452/851/1257 484/752/1113 530/839/1253
f 515/803/1251 506/805/1229 527/852/1252
f 527/853/1252 506/820/1229 532/821/1230
f 493/709/1115 436/778/1161 530/839/1253
f 528/854/1214 502/855/1208 431/856/1265
f 525/837/1244 508/813/1243 526/845/1259
f 526/857/1259 511/858/1266 531/859/1267
f 505/804/1263 525/837/1268 507/860/1220
f 511/858/1266 512/861/1269 531/859/1267
f 512/827/1269 517/825/1270 522/862/1271
s 0
f 533/841/1272 434/863/1272 516/824/1272
s 1
f 479/864/1181 500/834/1189 534/836/1241
f 494/848/1212 523/847/1273 534/865/1241
f 523/847/1261 499/849/1185 545/866/1274
f 522/846/1275 516/824/1276 540/867/1277
f 545/866/1278 499/849/1199 535/868/1231
f 531/869/1267 512/827/1269 522/862/1271
f 434/863/1279 533/841/1280 538/870/1281
f 540/867/1277 516/824/1276 434/863/1282
f 524/871/1232 503/872/1158 536/873/1283
f 452/851/1257 530/839/1253 529/874/1222
f 502/815/1208 435/809/1219 524/823/1232
f 519/828/1284 527/875/1285 533/841/1286
f 533/841/1286 527/875/1285 529/876/1222
f 527/853/1285 532/821/1264 529/811/1222
f 434/863/1279 538/870/1281 433/877/1287
f 543/705/1034 433/707/1036 538/878/1288
f 518/826/1289 519/828/1284 533/841/1286
f 479/864/1181 534/836/1241 541/879/1290
f 539/880/1291 545/881/1278 535/882/1231
f 507/860/1220 525/837/1268 526/845/1292
f 510/797/1204 479/759/1181 541/883/1290
f 537/884/1293 434/863/1282 544/885/1294
f 544/885/1294 434/863/1282 433/877/1295
f 534/865/1241 523/847/1273 541/886/1290
f 523/847/1273 542/887/1296 541/886/1290
f 523/847/1261 545/866/1274 542/887/1297
f 507/860/1220 526/845/1292 540/888/1298
f 526/857/1292 531/859/1299 540/889/1298
f 531/890/1299 522/846/1300 540/867/1298
f 434/863/1282 537/884/1293 540/867/1301
f 436/778/1161 497/792/1191 554/891/1302
f 537/892/1303 503/844/1158 507/810/1220
f 538/870/1304 533/841/1286 529/876/1222
f 530/839/1253 436/778/1161 554/891/1302
f 535/893/1305 528/854/1214 431/856/1265
f 543/705/1306 538/878/1304 529/894/1222
f 544/885/1294 433/707/1295 432/706/1307
f 546/895/1308 432/706/1035 543/705/1034
f 539/880/1309 535/882/1305 431/896/1265
f 544/885/1294 432/706/1307 552/897/1310
f 548/898/1311 536/873/1283 503/872/1158
f 432/899/1035 546/900/1308 549/901/1312
f 545/866/1274 556/902/1313 542/887/1297
f 553/903/1314 545/881/1278 539/880/1291
f 537/884/1303 507/904/1220 540/867/1298
f 551/905/1315 537/884/1316 544/885/1317
f 432/899/1307 549/901/1318 552/906/1310
f 546/895/1319 543/705/1306 529/894/1222
f 556/907/1313 545/881/1274 567/908/1320
f 502/909/1208 524/871/1232 557/910/1321
f 510/911/1204 541/912/1290 574/913/1322
f 567/908/1323 545/881/1278 553/903/1314
f 553/914/1324 539/915/1325 562/916/1326
f 548/898/1311 503/872/1158 537/917/1303
f 497/918/1191 510/911/1204 574/913/1322
f 552/906/1310 549/901/1318 558/919/1327
f 430/920/1328 549/901/1312 555/921/1329
f 555/921/1329 549/901/1312 546/900/1308
f 529/874/1222 530/839/1253 546/922/1319
f 546/922/1319 530/839/1253 554/891/1302
f 544/885/1317 552/897/1330 551/905/1315
f 574/923/1322 554/891/1302 497/792/1191
f 431/924/1265 502/909/1208 557/910/1321
f 558/919/1327 549/901/1318 430/920/1331
f 524/871/1232 536/873/1283 557/910/1321
f 552/906/1330 558/919/1332 551/925/1315
f 548/926/1311 537/884/1303 551/905/1333
f 555/921/1334 546/900/1319 554/927/1302
f 560/928/1335 430/920/1328 555/921/1329
f 561/929/1336 567/908/1323 553/903/1314
f 428/930/1337 431/924/1265 557/910/1321
f 539/915/1309 431/931/1265 562/916/1338
f 536/873/1283 548/898/1311 557/932/1321
f 558/919/1327 430/920/1331 559/933/1339
f 542/887/1296 556/902/1340 541/886/1290
f 541/912/1290 556/907/1340 575/934/655
f 567/908/1320 566/935/1341 556/907/1313
f 430/920/1342 560/928/1343 563/936/1344
f 561/929/1345 553/903/1324 562/937/1326
f 558/919/1346 559/933/1347 564/938/1348
f 555/921/1334 554/927/1302 560/928/1349
f 430/920/1331 563/936/1350 559/933/1339
f 562/939/1338 431/924/1265 428/930/1337
f 548/898/1311 551/940/1333 557/932/1321
f 560/928/1343 565/941/1351 563/936/1344
f 574/913/1322 541/912/1290 575/934/655
f 557/942/1321 551/925/1333 564/938/1352
f 551/925/1315 558/919/1332 564/938/1353
f 563/936/1344 565/941/1351 569/943/1354
f 564/938/1348 559/933/1347 563/936/1355
f 565/941/1356 560/928/1349 554/927/1302
f 556/907/1340 566/935/1357 575/934/655
f 567/908/1323 561/929/1336 572/944/1358
s 0
f 569/943/1359 565/941/1359 571/945/1359
s 1
f 576/946/1360 567/908/1323 572/944/1358
f 564/938/1348 563/936/1355 570/947/1361
f 563/936/1362 569/943/1363 570/947/1364
f 569/948/1365 571/704/1366 573/949/1367
f 566/935/1341 567/908/1320 580/950/1368
f 565/951/1356 554/891/1302 574/923/1322
f 570/952/1364 569/948/1363 573/949/1369
f 561/929/1370 562/937/1338 428/953/1337
f 428/930/1337 557/910/1321 570/954/1371
f 557/942/1321 564/938/1352 570/947/1371
f 571/704/1372 429/703/1373 573/949/1374
f 566/935/1357 580/950/1375 575/934/655
f 580/950/1368 567/908/1376 576/946/1377
f 570/952/1378 573/949/1379 577/955/1380
f 572/944/1381 561/929/1370 428/953/1337
f 571/704/1382 565/956/1383 574/957/1322
f 578/702/1384 571/704/1382 574/957/1322
f 575/958/655 580/959/1375 579/960/1385
f 581/961/1386 576/962/1360 572/963/1358
f 574/913/1322 575/934/655 578/964/1384
f 584/965/1387 576/962/1388 581/961/1389
f 428/930/1337 570/954/1371 572/966/1381
f 573/949/1379 429/703/1390 577/955/1380
f 581/961/1391 572/963/1381 570/967/1371
f 578/702/1384 575/958/1392 579/960/1393
s 0
f 579/960/1394 580/959/1394 576/968/1394
f 576/962/1395 584/965/1395 585/969/1395
s 1
f 581/970/1391 570/952/1371 577/955/1396
s 0
f 578/702/1397 579/960/1397 583/971/1397
s 1
f 577/955/1380 429/703/1390 582/972/1398
f 577/955/1396 582/972/1399 581/970/1391
f 578/702/1031 583/971/1400 429/703/1032
s 0
f 584/965/1401 581/961/1401 585/969/1401
s 1
f 585/969/1402 581/961/1391 582/973/1403
s 0
f 579/974/1404 576/962/1404 585/969/1404
s 1
f 582/972/1398 429/703/1390 583/975/1405
f 582/972/1398 583/975/1405 585/976/1406
f 583/971/1407 579/960/1407 585/977/1407
f 365/978/1408 247/979/1409 568/980/1410
f 598/981/1411 599/982/1411 600/983/1412
f 599/982/1411 849/984/1413 600/983/1412
f 824/985/1414 604/986/1415 800/987/1416
f 604/986/1415 605/988/1417 800/987/1416
f 740/989/1418 624/990/1419 623/991/1420
f 641/992/1421 638/993/1422 639/994/1423
f 640/995/1424 639/994/1423 638/993/1422
f 647/996/1425 638/993/1426 642/997/1427
f 642/997/1427 638/993/1426 641/992/1428
f 639/994/1429 644/998/1430 648/999/1431
f 638/993/1432 647/996/1433 646/1000/1434
f 641/992/1421 639/994/1423 656/1001/1435
f 640/995/1424 638/993/1422 645/1002/1436
f 638/993/1437 646/1000/1438 649/1003/1439
f 649/1003/1439 646/1000/1438 650/1004/186
f 646/1000/1434 647/996/1433 650/1004/1440
f 641/992/1421 656/1001/1435 655/1005/1441
f 638/993/1422 649/1003/1442 645/1002/1436
f 649/1003/1442 650/1006/1443 645/1002/1436
f 645/1002/1436 650/1006/1443 651/1007/1444
s 0
f 650/1004/1445 647/996/1445 651/1007/1445
s 1
f 647/996/1446 642/997/1447 668/1008/1448
f 642/997/1427 641/992/1428 652/1009/1449
f 651/1007/1450 647/996/1451 645/1002/1436
f 640/995/1424 645/1002/1436 657/1010/1452
f 656/1001/1453 639/994/1429 648/999/1431
f 648/999/1431 644/998/1430 654/1011/1454
f 653/1012/1455 647/996/1456 668/1008/1457
f 668/1008/1448 637/1013/1458 659/1014/1459
f 637/1013/1458 668/1008/1448 662/1015/1460
f 644/998/1430 639/994/1429 640/995/1461
f 645/1002/1436 647/996/1451 657/1010/1452
f 668/1008/1448 659/1014/1459 658/1016/1462
f 658/1016/1462 659/1014/1459 665/1017/1463
f 642/997/1447 652/1009/1464 668/1008/1448
f 641/992/1428 655/1005/1465 652/1009/1449
f 647/996/1456 661/1018/1466 657/1010/1467
f 656/1001/1435 666/1019/1468 655/1005/1441
f 664/1020/1469 658/1016/1462 665/1017/1463
f 647/996/1456 653/1012/1455 661/1018/1466
f 661/1018/1466 653/1012/1455 668/1008/1457
f 661/1018/1466 668/1008/1457 670/1021/1470
f 636/1022/1471 637/1013/1472 674/1023/1473
f 657/1010/1474 661/1018/1475 669/1024/1476
f 670/1021/1470 668/1008/1457 658/1016/1477
f 671/1025/1478 664/1020/1469 665/1017/1463
f 659/1014/1479 637/1013/1480 636/1022/1481
f 652/1009/1449 655/1005/1465 692/1026/1482
f 660/1027/1483 654/1011/1454 644/998/1430
f 676/1028/1484 670/1021/1470 658/1016/1477
f 667/1029/1485 665/1017/1486 659/1014/1479
f 648/1030/1487 654/1031/1488 673/1032/1489
f 660/1033/1490 635/1034/1491 680/1035/1492
f 640/995/1461 657/1036/1493 644/998/1430
f 665/1017/1463 679/1037/1494 671/1025/1478
f 637/1013/1472 662/1015/1495 674/1023/1473
f 686/1038/1496 662/1015/1460 668/1008/1448
f 673/1039/1489 654/1011/1488 680/1040/1492
f 654/1011/1488 660/1027/1490 680/1040/1492
f 676/1028/1484 658/1016/1477 664/1020/1497
f 667/1029/1485 659/1014/1479 636/1022/1481
f 635/1034/1498 660/1033/1483 644/1041/1430
f 671/1025/1478 679/1037/1494 677/1042/1499
f 677/1042/1499 679/1037/1494 678/1043/1500
f 655/1005/1441 666/1019/1468 700/1044/1501
f 681/1045/1502 661/1018/1475 670/1021/1503
f 674/1023/1473 662/1015/1495 686/1038/1504
f 680/1035/1505 635/1034/1506 682/1046/1507
f 669/1024/1476 661/1018/1475 681/1045/1502
f 670/1021/1503 676/1028/1508 681/1045/1502
f 681/1045/1502 676/1028/1508 687/1047/1509
f 676/1028/1484 664/1020/1497 671/1025/1510
f 668/1008/1448 652/1009/1464 692/1026/1511
f 666/1019/1512 656/1001/1453 648/1048/1431
f 635/1049/1498 644/998/1430 690/1050/1513
f 679/1037/1514 665/1017/1486 633/1051/1515
f 674/1023/1473 686/1038/1504 685/1052/1516
f 632/1053/1517 680/1035/1518 683/1054/1519
f 676/1028/1484 671/1025/1510 691/1055/1520
f 633/1051/1515 665/1017/1486 667/1029/1485
f 648/1030/1487 673/1032/1489 675/1056/1521
f 673/1032/1489 684/1057/1522 675/1056/1521
f 688/1058/1523 673/1032/1489 689/1059/1524
f 683/1054/1519 680/1035/1518 682/1046/1525
f 690/1050/1513 644/998/1430 657/1036/1493
f 690/1060/1513 657/1010/1493 669/1024/1526
f 677/1042/1499 678/1043/1500 634/1061/1527
f 714/1062/1528 690/1060/1513 669/1024/1526
f 634/1061/1527 678/1043/1500 630/1063/1529
f 717/1064/1530 679/1037/1514 633/1051/1515
f 655/1005/1465 700/1044/1531 692/1026/1482
s 0
f 697/1065/1532 688/1058/1532 689/1059/1532
s 1
f 632/1053/1517 683/1054/1519 709/1066/1533
s 0
f 682/1067/1534 635/1049/1534 690/1050/1534
s 1
f 671/1025/1510 677/1042/1535 691/1055/1520
f 634/1061/1527 630/1063/1529 631/1068/1536
f 678/1043/1537 679/1037/1514 717/1064/1530
f 696/1069/1538 686/1038/1496 668/1008/1448
f 666/1019/1512 648/1048/1431 705/1070/1539
f 705/1070/1539 648/1048/1431 675/1071/1540
f 684/1057/1522 673/1032/1489 688/1058/1541
f 689/1059/1524 680/1035/1492 694/1072/1542
f 677/1042/1535 634/1061/1543 691/1055/1520
f 673/1032/1489 680/1073/1492 689/1059/1524
f 714/1062/1528 669/1024/1526 698/1074/1544
f 685/1052/1516 686/1038/1504 699/1075/1545
f 686/1038/1504 696/1069/1546 699/1075/1545
f 680/1035/1492 632/1053/1547 694/1072/1542
f 694/1072/1542 632/1053/1547 693/1076/1548
f 676/1028/1508 695/1077/1549 687/1047/1509
f 676/1028/1508 691/1055/1550 695/1077/1549
f 691/1055/1520 634/1061/1543 701/1078/1551
f 710/1079/1552 704/1080/1553 702/1081/1554
f 631/1068/1536 630/1063/1529 702/1081/1554
f 633/1051/1555 667/1029/1556 717/1064/1557
f 694/1072/1558 693/1076/1559 708/1082/1560
f 704/1080/1553 710/1079/1552 629/1083/1561
f 667/1029/1556 636/1022/1562 674/1023/1563
f 707/1084/1564 697/1065/1565 689/1059/1566
f 698/1074/1544 669/1024/1526 681/1045/1567
f 634/1061/1543 631/1068/1568 701/1078/1551
f 678/1043/1537 717/1064/1530 703/1085/1569
f 723/1086/1570 700/1044/1501 666/1019/1468
f 688/1058/1571 697/1065/1572 720/1087/1573
f 706/1088/1574 697/1065/1575 707/1084/1576
f 712/1089/1577 708/1082/1560 693/1076/1559
f 712/1089/1577 693/1076/1559 709/1066/1578
f 693/1076/1559 632/1053/1579 709/1066/1578
f 683/1054/1580 682/1046/1581 690/1090/1582
f 681/1045/1567 721/1091/1583 698/1074/1544
f 721/1091/1583 681/1045/1567 687/1047/1584
f 701/1078/1551 631/1068/1568 719/1092/1585
f 719/1092/1585 631/1068/1568 702/1081/1586
f 720/1087/1587 697/1065/1575 706/1088/1574
f 689/1059/1566 694/1072/1558 711/1093/1588
f 694/1072/1558 708/1082/1560 716/1094/1589
f 713/1095/1590 709/1066/1591 683/1054/1592
f 628/1096/1593 745/1097/1594 715/1098/1595
f 628/1096/1593 629/1083/1561 745/1097/1594
f 745/1097/1594 629/1083/1561 710/1079/1552
f 710/1079/1552 702/1081/1554 630/1063/1529
f 753/1099/1596 630/1063/1597 703/1085/1569
f 630/1063/1597 678/1043/1537 703/1085/1569
f 722/1100/1598 699/1075/1545 696/1069/1546
f 692/1026/1482 700/1044/1531 736/1101/1599
f 702/1081/1586 704/1080/1600 719/1092/1585
f 719/1092/1585 704/1080/1600 627/1102/1601
f 627/1102/1601 704/1080/1600 629/1083/1602
f 629/1083/1602 628/1096/1603 627/1102/1601
f 628/1096/1603 715/1098/1604 626/1103/1605
f 674/1023/1606 685/1052/1516 722/1100/1598
f 666/1019/1468 705/1070/1607 723/1086/1570
f 705/1070/1539 675/1071/1540 618/1104/1608
f 675/1056/1521 684/1057/1522 761/1105/1609
f 707/1084/1610 689/1059/1566 711/1093/1588
f 711/1093/1588 694/1072/1558 716/1094/1589
f 721/1091/1583 687/1047/1584 695/1077/1611
f 691/1055/1550 701/1078/1612 726/1106/1613
f 626/1103/1605 627/1102/1601 628/1096/1603
f 674/1023/1563 722/1100/1614 667/1029/1556
f 685/1052/1516 699/1075/1545 722/1100/1598
f 668/1008/1448 692/1026/1511 696/1069/1538
f 724/1107/1615 675/1056/1521 761/1105/1609
f 684/1057/1616 688/1058/1571 730/1108/1617
s 0
f 709/1066/1618 713/1095/1618 718/1109/1618
s 1
f 683/1054/1592 690/1110/1582 754/1111/1619
f 721/1091/1583 695/1077/1611 625/1112/1620
f 696/1069/1538 692/1026/1511 736/1101/1621
s 0
f 725/1113/1622 684/1057/1622 743/1114/1622
s 1
f 690/1110/1582 714/1115/1623 754/1111/1619
f 695/1077/1549 691/1055/1550 726/1106/1613
f 715/1098/1595 745/1097/1594 728/1116/1624
f 746/1117/1625 630/1063/1597 753/1099/1596
f 729/1118/1626 717/1064/1557 667/1029/1556
f 688/1058/1571 720/1087/1573 617/1119/1627
f 726/1106/1613 701/1078/1612 731/1120/1628
f 701/1078/1612 719/1092/1629 731/1120/1628
f 626/1103/1605 715/1098/1604 733/1121/1630
f 715/1098/1604 727/1122/1631 733/1121/1630
f 722/1100/1598 696/1069/1546 622/1123/1632
f 700/1044/1531 723/1086/1633 736/1101/1599
f 761/1105/1609 684/1057/1522 751/1124/1634
f 743/1114/1635 684/1057/1636 744/1125/1637
f 730/1108/1617 688/1058/1571 617/1119/1627
f 714/1115/1623 698/1126/1638 754/1111/1619
f 719/1092/1629 627/1102/1639 737/1127/1640
f 729/1118/1626 667/1029/1556 722/1100/1614
f 723/1086/1641 749/1128/1641 739/1129/1641
s 0
f 749/1128/1642 623/991/1642 739/1129/1642
s 1
f 623/991/1643 624/990/1644 739/1129/1645
f 740/989/1646 623/991/1647 741/1130/1648
f 723/1086/1570 705/1070/1607 750/1131/1649
f 684/1057/1636 730/1108/1650 744/1125/1651
f 716/1094/1652 708/1082/1653 712/1089/1654
f 712/1089/1654 709/1066/1655 718/1109/1656
f 625/1112/1620 695/1077/1611 621/1132/1657
f 627/1102/1639 626/1103/1658 738/1133/1659
f 736/1101/1599 723/1086/1633 748/1134/1660
f 723/1086/1633 739/1129/1661 748/1134/1662
s 0
f 739/1129/1663 624/1135/1663 748/1134/1663
s 1
f 624/1135/1664 740/1136/1665 748/1134/1666
f 740/1136/1665 741/1130/1667 748/1134/1666
f 741/1130/1648 623/991/1647 748/1134/1668
f 713/1095/1590 683/1054/1592 754/1111/1619
f 627/1102/1639 732/1137/1669 737/1127/1640
f 732/1137/1669 627/1102/1639 738/1133/1659
f 727/1122/1631 620/1138/1670 733/1121/1630
f 727/1122/1671 715/1098/1595 728/1116/1624
f 710/1079/1672 630/1063/1597 746/1117/1625
f 717/1064/1557 729/1118/1626 703/1085/1673
f 748/1134/1668 623/991/1647 749/1128/1674
f 618/1104/1608 675/1071/1540 724/1139/1675
f 742/1140/1676 724/1107/1615 761/1105/1609
f 716/1094/1652 712/1089/1654 718/1109/1656
f 698/1074/1677 721/1091/1678 755/1141/1679
f 621/1132/1657 695/1077/1611 726/1106/1680
f 719/1092/1629 737/1127/1640 731/1120/1628
f 758/1142/1681 733/1121/1682 616/1143/1683
f 710/1079/1672 746/1117/1625 752/1144/1684
f 749/1128/1685 723/1086/1570 750/1131/1649
f 705/1070/1539 618/1104/1608 756/1145/1686
f 684/1057/1522 725/1113/1687 751/1124/1634
f 617/1119/1688 720/1087/1689 706/1088/1690
f 706/1088/1690 707/1084/1691 765/1146/1692
f 707/1084/1691 711/1093/1693 765/1146/1692
f 721/1091/1678 625/1112/1694 755/1141/1679
f 626/1103/1658 733/1121/1682 757/1147/1695
f 733/1121/1682 758/1142/1681 757/1147/1695
f 620/1138/1696 727/1122/1671 728/1116/1624
f 745/1097/1697 710/1079/1672 752/1144/1684
f 703/1085/1673 729/1118/1626 753/1099/1698
f 713/1095/1699 754/1111/1700 768/1148/1701
f 760/1149/1702 621/1132/1657 726/1106/1680
f 738/1133/1659 626/1103/1658 757/1147/1695
f 724/1107/1675 742/1140/1703 618/1150/1608
f 760/1149/1702 726/1106/1680 731/1120/1704
f 773/1151/1705 728/1116/1706 735/1152/1707
f 735/1152/1707 728/1116/1706 745/1097/1697
f 745/1097/1697 752/1144/1684 619/1153/1708
f 729/1118/1626 722/1100/1614 759/1154/1709
f 765/1146/1692 711/1093/1693 716/1094/1652
f 755/1155/1679 625/1112/1694 621/1132/1710
f 758/1142/1681 616/1143/1683 763/1156/1711
f 762/1157/1712 735/1152/1707 745/1097/1697
f 729/1118/1626 759/1154/1709 789/1158/1713
f 736/1101/1621 748/1134/1714 696/1069/1538
s 0
f 725/1113/1715 743/1114/1715 767/1159/1715
s 1
f 743/1114/1716 744/1125/1717 779/1160/1718
f 744/1125/1717 730/1108/1719 617/1119/1688
f 617/1119/1688 706/1088/1690 765/1146/1692
f 765/1146/1692 716/1094/1652 718/1109/1656
f 731/1120/1704 737/1161/1720 614/1162/1721
f 763/1156/1711 616/1143/1683 615/1163/1722
f 764/1164/1723 620/1138/1696 771/1165/1724
f 620/1138/1696 728/1116/1624 771/1165/1724
f 728/1116/1706 773/1151/1705 771/1165/1725
f 762/1157/1712 745/1097/1697 619/1153/1708
f 750/1131/1726 705/1070/1539 756/1145/1686
f 744/1125/1717 617/1119/1688 779/1160/1718
f 760/1149/1702 731/1120/1704 769/1166/1727
f 769/1166/1727 731/1120/1704 614/1162/1721
f 774/1167/1728 732/1137/1729 770/1168/1730
f 732/1137/1729 738/1169/1731 770/1168/1730
f 733/1121/1630 620/1138/1670 616/1143/1732
f 616/1143/1732 620/1138/1670 764/1164/1733
f 752/1144/1734 746/1117/1735 794/1170/1736
f 746/1117/1735 753/1099/1698 794/1170/1736
f 722/1100/1737 622/1123/1738 610/1171/1739
f 622/1123/1740 696/1069/1538 748/1134/1714
f 618/1104/1608 742/1172/1703 786/1173/1741
f 718/1109/1656 713/1095/1742 765/1146/1692
f 754/1111/1619 698/1126/1638 775/1174/1743
f 737/1127/1720 732/1137/1729 774/1167/1728
f 782/1175/1744 615/1163/1722 616/1143/1683
f 778/1176/1745 771/1165/1725 772/1177/1746
f 771/1165/1725 766/1178/1747 772/1177/1746
f 722/1100/1737 610/1171/1739 759/1154/1748
f 761/1105/1749 751/1124/1750 784/1179/1751
f 777/1180/1752 617/1119/1688 765/1146/1692
f 713/1095/1753 768/1148/1754 765/1146/1692
f 698/1126/1638 755/1181/1755 775/1174/1743
f 614/1162/1721 737/1161/1720 774/1182/1728
f 766/1178/1747 771/1165/1725 773/1151/1705
f 753/1099/1698 729/1118/1626 795/1183/1756
f 622/1123/1740 748/1134/1714 776/1184/1757
f 751/1124/1750 725/1113/1758 767/1159/1759
f 779/1160/1718 617/1119/1688 777/1180/1752
f 619/1153/1760 752/1144/1734 794/1170/1736
f 610/1171/1761 622/1123/1740 776/1184/1757
s 0
f 783/1185/1762 786/1186/1762 742/1140/1762
s 1
f 742/1140/1763 761/1105/1749 784/1179/1751
f 770/1168/1730 738/1169/1731 612/1187/1764
f 738/1169/1731 757/1188/1765 612/1187/1764
f 757/1147/1765 758/1142/1766 780/1189/1767
f 758/1142/1766 763/1156/1768 787/1190/1769
f 785/1191/1770 616/1143/1732 764/1164/1733
f 762/1157/1771 619/1153/1760 794/1170/1736
f 794/1170/1736 753/1099/1698 795/1183/1756
f 789/1158/1713 759/1154/1709 613/1192/1772
f 618/1104/1608 786/1173/1773 756/1145/1686
f 743/1114/1774 779/1160/1775 767/1159/1776
f 769/1166/1727 621/1132/1657 760/1149/1702
f 763/1156/1768 781/1193/1777 787/1190/1769
f 782/1175/1778 616/1143/1732 785/1191/1770
f 798/1194/1779 778/1176/1745 772/1177/1746
f 735/1152/1780 762/1157/1771 794/1170/1736
f 749/1128/1781 750/1131/1782 748/1134/1783
f 742/1140/1784 784/1179/1785 783/1185/1786
f 751/1124/1750 767/1159/1787 784/1179/1751
f 768/1148/1701 754/1111/1700 775/1174/1788
f 775/1174/1743 755/1181/1755 792/1195/1789
f 755/1181/1755 621/1196/1790 806/1197/1791
f 774/1167/1792 770/1168/1793 793/1198/1794
f 757/1147/1765 780/1189/1767 611/1199/1795
f 781/1193/1777 763/1156/1768 615/1163/1796
f 782/1175/1744 804/1200/1797 615/1163/1722
f 794/1170/1736 773/1151/1798 735/1152/1780
f 759/1154/1748 610/1171/1739 613/1192/1799
f 748/1134/1783 750/1131/1782 776/1184/1800
f 776/1184/1801 750/1131/1802 796/1201/1801
f 767/1159/1776 779/1160/1775 791/1202/1803
f 812/1203/1804 755/1181/1755 806/1197/1791
f 611/1199/1805 612/1204/1764 757/1147/1765
f 780/1189/1767 758/1142/1766 787/1190/1769
f 615/1163/1722 804/1200/1797 788/1205/1806
f 782/1175/1778 785/1191/1770 608/1206/1807
f 794/1170/1736 766/1178/1808 773/1151/1798
f 795/1183/1756 729/1118/1626 789/1158/1713
f 776/1184/1757 790/1207/1809 610/1171/1761
s 0
f 796/1201/1810 750/1131/1810 797/1208/1810
s 1
f 799/1209/1811 779/1160/1718 777/1180/1752
f 765/1146/1692 768/1148/1754 792/1195/1812
f 792/1195/1789 755/1181/1755 812/1203/1804
f 806/1197/1791 621/1196/1790 769/1210/1813
f 804/1200/1814 782/1175/1778 607/1211/1815
f 607/1211/1815 782/1175/1778 608/1206/1807
f 785/1191/1816 764/1164/1723 771/1165/1724
f 750/1131/1726 756/1212/1686 797/1208/1817
f 756/1145/1686 786/1173/1773 805/1213/1818
f 609/1214/1819 781/1193/1777 615/1163/1796
f 811/1215/1820 778/1176/1745 798/1194/1779
f 789/1158/1821 613/1192/1799 610/1171/1739
s 0
f 790/1207/1822 776/1184/1823 796/1201/1823
s 1
f 791/1202/1803 779/1160/1775 799/1209/1824
f 804/1200/1814 607/1211/1815 800/987/1825
f 606/1216/1826 795/1183/1756 789/1158/1713
f 801/1217/1827 789/1158/1821 610/1171/1739
f 610/1171/1761 790/1207/1809 807/1218/1828
f 797/1219/1817 756/1145/1686 805/1213/1818
f 792/1195/1829 768/1148/1701 775/1174/1788
f 769/1166/1813 614/1162/1830 806/1220/1791
f 793/1198/1794 770/1168/1793 612/1187/1831
f 781/1193/1832 609/1214/1833 803/1221/1834
f 609/1214/1833 810/1222/1835 809/1223/1836
f 788/1205/1806 804/1200/1797 839/1224/1837
f 772/1177/1838 766/1178/1808 794/1170/1736
f 784/1179/1785 767/1159/1839 783/1185/1786
f 803/1221/1834 609/1214/1833 809/1223/1840
f 608/1206/1841 785/1191/1816 771/1165/1724
f 608/1206/1841 771/1165/1724 778/1176/1842
f 767/1159/1839 791/1202/1843 783/1225/1786
f 806/1226/1844 614/1227/1845 808/1228/1846
s 0
f 780/1189/1847 787/1190/1847 611/1199/1847
s 1
f 810/1222/1848 609/1214/1819 788/1205/1849
f 609/1214/1819 615/1163/1796 788/1205/1849
f 607/1211/1850 608/1206/1841 811/1215/1851
f 799/1209/1811 777/1180/1752 802/1229/1852
f 777/1180/1752 765/1146/1692 833/1230/1853
f 798/1194/1854 844/1231/1855 811/1215/1856
f 844/1231/1857 798/1194/1858 772/1177/1838
f 789/1158/1821 801/1217/1827 837/1232/1859
f 801/1217/1860 610/1171/1761 807/1218/1828
f 807/1218/1861 790/1207/1862 603/1233/1863
f 802/1229/1852 777/1180/1752 833/1230/1853
f 811/1215/1851 608/1206/1841 778/1176/1842
f 795/1183/1756 606/1216/1826 816/1234/1864
f 789/1158/1821 837/1232/1859 606/1216/1865
f 790/1207/1866 796/1201/1867 603/1233/1868
f 796/1201/1869 797/1208/1817 601/1235/1870
f 797/1208/1817 805/1236/1818 601/1235/1871
s 0
f 601/1235/1872 805/1236/1872 815/1237/1872
f 806/1226/1873 808/1228/1873 817/1238/1873
s 1
f 614/1227/1845 774/1239/1874 808/1228/1846
f 774/1239/1874 793/1240/1875 808/1228/1846
s 0
f 810/1222/1876 814/1241/1876 809/1223/1876
s 1
f 814/1242/1877 813/1243/1878 822/1244/1879
f 822/1244/1880 813/1243/1881 836/1245/1882
f 818/1246/1883 801/1217/1860 807/1218/1828
s 0
f 603/1233/1884 796/1201/1884 828/1247/1884
s 1
f 819/1248/1885 799/1209/1811 802/1229/1852
f 808/1228/1846 793/1240/1875 612/1249/1886
f 839/1224/1887 810/1250/1848 788/1205/1849
f 804/1200/1888 800/987/1416 823/1251/1889
f 800/987/1416 605/988/1417 823/1251/1889
f 824/985/1414 800/987/1416 825/1252/1890
f 825/1252/1890 800/987/1416 826/1253/1891
f 828/1247/1892 796/1201/1869 601/1235/1870
f 786/1186/1893 783/1185/1786 829/1254/1894
f 829/1255/1895 799/1209/1824 819/1248/1896
f 833/1230/1853 765/1146/1692 830/1256/1897
f 765/1146/1692 792/1195/1812 830/1256/1897
f 820/1257/1898 817/1238/1899 808/1228/1900
f 787/1258/1901 781/1259/1902 831/1260/1903
f 809/1261/1904 814/1242/1905 842/1262/1906
f 814/1241/1907 810/1222/1848 602/1263/1908
f 804/1200/1888 823/1251/1889 826/1253/1909
s 0
f 823/1251/1910 605/1264/1910 826/1253/1910
s 1
f 605/1264/1911 604/1265/1911 826/1253/1891
f 604/1265/1911 824/1266/1912 826/1253/1891
f 824/1266/1912 825/1252/1890 826/1253/1891
f 607/1211/1850 811/1215/1851 827/1267/1913
f 811/1215/1856 844/1231/1855 838/1268/1914
f 837/1232/1859 816/1234/1915 606/1216/1865
f 837/1232/1916 801/1217/1860 818/1246/1883
f 805/1269/1917 786/1186/1893 829/1254/1894
f 791/1202/1803 799/1209/1824 829/1255/1895
f 611/1270/1918 787/1258/1919 831/1260/1920
f 831/1260/1903 781/1259/1902 803/1271/1921
f 803/1271/1921 809/1272/1904 831/1260/1903
f 834/1273/1922 822/1244/1880 836/1245/1882
f 813/1274/1923 814/1241/1907 602/1263/1908
f 810/1222/1848 839/1275/1887 602/1263/1908
f 800/987/1924 607/1211/1850 827/1267/1913
f 794/1170/1736 795/1183/1756 892/1276/1925
f 816/1234/1864 845/1277/1926 795/1183/1756
f 819/1248/1885 802/1229/1852 833/1230/1853
f 792/1195/1812 812/1203/1927 830/1256/1897
f 821/1278/1928 820/1257/1929 808/1228/1930
f 842/1262/1906 814/1242/1877 822/1244/1879
f 813/1274/1923 602/1263/1908 832/1279/1931
f 839/1224/1932 804/1200/1933 826/1253/1934
f 818/1246/1935 807/1218/1861 603/1233/1863
f 816/1234/1915 837/1232/1859 846/1280/1936
f 840/1281/1937 837/1232/1916 818/1246/1883
f 822/1244/1880 834/1273/1922 835/1282/1938
f 845/1277/1939 816/1234/1915 846/1280/1936
f 868/1283/1940 828/1247/1892 601/1235/1870
f 815/1284/1941 805/1269/1917 829/1254/1894
f 821/1278/1942 808/1228/1846 847/1285/1943
f 612/1286/1886 611/1270/1918 808/1287/1846
f 611/1270/1918 831/1260/1920 855/1288/1944
s 0
f 826/1253/1945 600/983/1945 848/1289/1945
s 1
f 600/983/1412 849/984/1413 848/1289/1946
f 849/984/1947 599/982/1948 850/1290/516
f 850/1290/516 599/982/1411 851/1291/1949
f 599/982/1411 598/981/1411 851/1291/1949
f 851/1291/1949 598/981/1411 600/983/1412
f 795/1183/1756 845/1277/1926 856/1292/1950
f 862/1293/1951 845/1277/1939 846/1280/1936
f 837/1232/1916 840/1281/1937 863/1294/1952
f 783/1185/1786 791/1295/1843 829/1254/1894
f 819/1248/1885 833/1230/1853 852/1296/1953
f 812/1203/1927 806/1197/1954 874/1297/1955
f 611/1270/1918 597/1298/1956 854/1299/1957
s 0
f 826/1253/1958 848/1289/1958 843/1300/1958
s 1
f 848/1289/1959 849/1301/1960 843/1300/1961
s 0
f 849/1301/1962 850/1290/1962 843/1300/1962
f 850/1290/1962 851/1291/1962 843/1300/1962
f 851/1291/1963 600/983/1963 843/1300/1963
s 1
f 600/983/1964 826/1253/1891 800/987/1416
f 819/1248/1896 852/1296/1965 829/1255/1895
f 847/1285/1943 808/1228/1846 841/1302/1966
f 854/1303/1957 841/1302/1966 808/1228/1846
f 808/1287/1846 611/1270/1918 854/1299/1957
f 867/1304/1967 611/1270/1918 855/1288/1944
s 0
f 859/1305/1968 855/1288/1968 860/1306/1968
f 860/1306/1969 855/1288/1969 831/1260/1969
s 1
f 809/1261/1904 842/1262/1906 831/1260/1903
f 842/1262/1906 822/1244/1879 835/1282/1970
f 826/1253/1934 843/1300/1971 839/1307/1932
f 840/1281/1972 818/1246/1935 603/1233/1863
f 603/1233/1973 828/1247/1892 868/1283/1940
f 852/1296/1953 833/1230/1853 866/1308/1974
f 874/1297/1955 830/1256/1897 812/1203/1927
f 817/1238/1975 880/1309/1976 806/1226/1954
f 817/1238/1975 820/1257/1977 880/1309/1976
f 836/1310/1978 813/1274/1979 832/1279/1980
f 600/983/1964 800/987/1416 827/1267/1981
f 827/1267/1913 811/1215/1851 838/1268/1982
f 892/1276/1925 795/1183/1756 856/1292/1950
f 846/1280/1983 837/1232/1916 857/1311/1984
f 840/1281/1972 603/1233/1863 596/1312/1985
f 597/1298/1956 611/1270/1918 867/1304/1967
f 834/1273/1986 836/1245/1978 869/1313/1987
f 856/1292/1988 845/1277/1939 862/1293/1951
f 596/1312/1989 603/1233/1990 864/1314/1991
f 603/1233/1973 868/1283/1940 865/1315/1992
f 806/1197/1954 880/1316/1976 874/1297/1955
f 880/1309/1976 820/1257/1977 821/1317/1993
s 0
f 821/1278/1994 847/1285/1994 858/1318/1994
s 1
f 836/1245/1978 832/1319/1980 869/1313/1987
f 864/1314/1995 603/1233/1973 865/1315/1992
f 601/1320/1996 815/1284/1941 829/1254/1894
f 884/1321/1997 602/1263/1908 839/1275/1887
s 0
f 843/1300/1998 600/983/1998 870/1322/1998
s 1
f 870/1322/1999 600/983/1964 827/1267/1981
f 861/1323/2000 772/1177/1838 794/1170/1736
f 595/1324/2001 856/1292/1988 862/1293/1951
f 837/1232/1916 863/1294/1952 857/1311/1984
f 596/1312/1985 863/1294/2002 840/1281/1972
f 866/1308/1974 833/1230/1853 876/1325/2003
f 833/1230/1853 830/1256/1897 890/1326/2004
f 873/1327/2005 842/1262/2006 835/1282/2007
f 843/1300/1971 870/1322/2008 839/1307/1932
f 844/1231/1857 772/1177/1838 861/1323/2000
f 892/1276/1925 856/1292/1950 871/1328/2009
f 858/1318/2010 880/1329/1976 821/1278/1993
f 877/1330/2011 860/1306/2012 831/1260/2013
f 831/1260/2014 842/1262/2015 872/1331/2016
f 835/1282/2007 834/1273/2017 873/1327/2005
f 861/1323/2000 794/1170/1736 892/1276/1925
f 862/1293/2018 846/1280/1983 857/1311/1984
f 868/1283/2019 601/1235/1996 829/1332/1894
f 830/1256/1897 874/1297/1955 890/1326/2004
f 880/1333/1976 858/1318/2010 881/1334/2020
f 831/1260/2014 872/1331/2016 877/1330/2021
f 869/1313/1987 832/1319/1980 875/1335/2022
f 832/1279/2023 602/1263/1908 922/1336/2024
f 602/1263/1908 884/1321/1997 922/1336/2024
f 892/1276/1925 871/1328/2009 882/1337/2025
f 871/1328/2026 856/1292/1988 595/1324/2001
f 839/1275/2027 870/1338/2028 884/1321/2029
f 857/1311/2030 863/1294/2002 596/1312/1985
f 832/1319/2031 897/1339/2032 886/1340/2033
f 844/1231/1857 861/1323/2000 878/1341/2034
f 862/1293/2018 857/1311/1984 883/1342/2035
f 857/1311/2030 596/1312/1985 903/1343/2036
f 903/1343/2037 596/1312/1989 879/1344/2038
f 829/1255/1894 852/1296/2039 868/1345/2019
f 876/1325/2003 833/1230/1853 889/1346/2040
f 885/1347/2041 881/1334/2020 858/1318/2010
f 885/1347/2041 858/1318/2010 847/1285/2042
f 875/1335/2022 832/1319/1980 886/1340/2043
f 838/1268/1914 844/1231/1855 878/1341/2044
f 879/1344/2038 596/1312/1989 864/1314/1991
f 879/1344/2045 864/1314/1995 865/1315/1992
f 597/1298/2046 867/1304/2047 914/1348/2048
f 891/1349/2049 877/1330/2050 872/1331/2051
f 834/1273/2017 869/1313/2052 873/1327/2005
f 868/1345/2019 852/1296/2039 866/1308/2053
f 889/1346/2040 833/1230/1853 890/1326/2004
f 914/1348/2048 867/1304/2047 855/1288/2054
s 0
f 897/1350/2055 832/1279/2055 922/1336/2055
s 1
f 838/1268/1914 878/1341/2044 894/1351/2056
f 857/1311/2030 903/1343/2036 887/1352/2057
f 879/1344/2045 865/1315/1992 893/1353/2058
f 866/1308/2059 876/1325/2060 888/1354/2061
f 885/1347/2041 847/1285/2042 928/1355/2062
f 847/1285/2042 841/1302/2063 928/1355/2062
f 914/1348/2048 855/1288/2054 859/1305/2064
f 892/1276/1925 882/1337/2025 898/1356/2065
f 882/1337/2066 871/1328/2026 595/1324/2001
f 883/1342/2067 857/1311/2030 887/1352/2057
f 914/1348/2048 859/1305/2064 860/1306/2068
f 860/1306/2069 877/1330/2050 891/1349/2049
f 891/1349/2049 872/1331/2051 842/1262/2070
f 869/1313/2071 875/1335/2072 895/1357/2073
f 870/1322/1999 827/1267/1981 911/1358/2074
f 882/1337/2066 595/1324/2001 594/1359/2075
f 899/1360/2076 862/1293/2018 883/1342/2035
f 876/1325/2060 889/1346/2077 888/1354/2061
f 928/1355/2062 841/1302/2063 854/1303/2078
f 842/1262/2070 873/1327/2005 895/1357/2079
f 875/1335/2022 886/1340/2043 900/1361/2080
f 890/1326/2004 896/1362/2081 889/1346/2040
f 878/1341/2034 861/1323/2000 902/1363/2082
f 595/1324/2083 862/1293/2018 907/1364/2084
f 907/1364/2084 862/1293/2018 899/1360/2076
f 868/1283/2085 866/1365/2053 893/1353/2086
f 827/1267/1913 838/1268/1982 894/1351/2087
f 898/1356/2088 882/1337/2066 594/1359/2075
f 893/1366/2086 866/1308/2053 888/1354/2089
f 896/1362/2081 890/1326/2004 905/1367/2090
f 890/1326/2004 874/1297/1955 905/1367/2090
f 854/1303/2078 597/1298/2046 928/1355/2062
f 875/1335/2072 900/1361/2091 895/1357/2073
f 886/1368/2033 897/1350/2032 922/1336/2092
f 899/1360/2093 883/1342/2067 887/1352/2057
f 903/1343/2094 879/1344/2095 893/1353/2096
s 0
f 865/1315/2097 868/1283/2097 893/1353/2097
s 1
f 870/1322/2028 911/1358/2098 884/1369/2029
f 902/1363/2082 861/1323/2000 934/1370/2099
f 861/1323/2000 892/1276/1925 906/1371/2100
f 892/1276/1925 898/1356/2065 906/1371/2100
f 908/1372/2101 898/1356/2088 594/1359/2075
f 903/1343/2094 893/1353/2096 909/1373/2102
f 888/1354/2061 889/1346/2077 910/1374/2103
f 889/1346/2040 896/1362/2081 592/1375/2104
f 874/1297/1955 880/1316/1976 905/1367/2090
f 873/1327/2005 869/1313/2052 895/1357/2079
f 900/1376/2080 886/1368/2043 922/1336/2105
f 911/1358/2074 827/1267/1981 901/1377/2106
f 894/1351/2056 878/1341/2044 902/1363/2107
f 906/1371/2108 898/1356/2088 912/1378/2109
f 594/1359/2110 595/1324/2083 907/1364/2084
f 887/1352/2111 903/1343/2094 909/1373/2102
f 880/1333/1976 881/1334/2020 913/1379/2112
f 842/1262/2070 895/1357/2079 891/1349/2049
f 593/1380/2113 900/1361/2080 922/1381/2105
f 594/1359/2110 907/1364/2084 591/1382/2114
f 899/1360/2093 887/1352/2057 915/1383/2115
f 889/1346/2040 592/1375/2104 919/1384/2116
f 881/1334/2020 885/1347/2041 928/1355/2062
f 891/1349/2049 895/1357/2079 916/1385/2117
f 912/1378/2109 898/1356/2088 908/1372/2101
f 907/1386/2118 899/1360/2093 915/1383/2115
f 887/1352/2111 909/1373/2102 917/1387/2119
f 893/1366/2086 888/1354/2089 910/1374/2120
f 919/1384/2116 592/1375/2104 932/1388/2121
f 905/1389/2090 880/1333/1976 913/1379/2112
f 900/1361/2091 593/1380/2122 895/1357/2073
f 895/1357/2073 593/1380/2122 920/1390/2123
f 861/1323/2000 906/1371/2100 918/1391/2124
f 907/1364/2118 925/1392/2125 591/1382/2126
f 591/1382/2126 925/1392/2125 923/1393/2127
s 0
f 923/1393/2128 925/1392/2128 924/1394/2128
s 1
f 925/1392/2125 907/1364/2118 926/1395/2129
f 910/1374/2103 889/1346/2077 919/1384/2130
f 913/1379/2112 881/1334/2020 928/1396/2062
f 861/1323/2000 918/1391/2124 590/1397/2131
f 591/1382/2126 923/1393/2127 942/1398/2132
f 923/1393/2127 924/1394/2133 942/1398/2132
f 924/1394/2133 925/1399/2125 942/1398/2132
f 925/1399/2125 926/1395/2129 942/1398/2132
f 942/1398/2132 926/1395/2129 931/1400/2134
f 926/1395/2129 907/1364/2118 931/1400/2134
f 907/1364/2118 915/1401/2115 931/1400/2134
f 893/1353/2086 910/1402/2120 909/1373/2135
f 921/1403/2136 593/1380/2122 940/1404/2137
f 934/1370/2099 861/1323/2000 590/1397/2131
f 908/1372/2138 594/1359/2110 591/1382/2114
f 919/1384/2139 932/1388/2140 939/1405/2141
s 0
f 896/1362/2142 905/1367/2142 913/1406/2142
s 1
f 916/1385/2117 895/1357/2079 920/1390/2143
f 593/1380/2113 922/1381/2105 940/1404/2144
f 911/1358/2074 901/1377/2106 933/1407/2145
f 927/1408/2146 906/1371/2108 912/1378/2109
f 932/1388/2121 592/1375/2104 896/1362/2081
f 920/1390/2123 593/1380/2122 921/1403/2136
f 884/1369/2029 911/1358/2098 933/1407/2147
f 929/1409/2148 894/1351/2056 902/1363/2107
f 918/1391/2149 906/1371/2108 927/1408/2146
f 918/1391/2149 927/1408/2146 935/1410/2150
f 908/1372/2138 591/1382/2114 930/1411/2151
f 887/1352/2111 917/1387/2119 915/1383/2152
f 932/1388/2121 896/1362/2081 937/1412/2153
f 896/1362/2081 913/1406/2112 928/1355/2062
f 915/1413/2152 917/1414/2119 936/1415/2154
f 937/1412/2153 896/1362/2081 928/1355/2062
f 884/1369/2029 933/1407/2147 957/1416/2155
f 901/1377/2156 827/1267/1913 938/1417/2157
f 590/1397/2158 918/1391/2149 935/1410/2150
f 912/1378/2159 908/1372/2138 930/1411/2151
f 930/1411/2160 591/1382/2126 942/1398/2132
f 915/1413/2152 936/1415/2154 943/1418/1924
f 917/1387/2161 909/1373/2135 947/1419/2162
f 910/1374/2120 919/1384/2163 909/1420/2135
f 951/1421/2164 928/1355/2062 597/1298/2046
s 0
f 929/1409/2165 902/1363/2165 589/1422/2165
s 1
f 902/1363/2166 934/1370/2099 589/1422/2167
f 912/1378/2159 930/1411/2151 944/1423/2168
f 915/1413/2152 943/1418/1924 931/1424/2169
f 909/1420/2135 919/1384/2163 939/1405/2170
f 747/1425/2171 914/1348/2048 860/1306/2069
f 946/1426/2172 590/1397/2158 935/1410/2150
f 932/1388/2140 937/1412/2173 947/1427/2174
f 951/1421/2164 597/1298/2046 914/1348/2048
f 827/1267/1913 894/1351/2087 938/1417/2157
f 589/1422/2175 934/1370/2176 949/1428/2177
f 932/1388/2140 947/1427/2174 939/1405/2141
f 916/1385/2117 920/1390/2143 921/1403/2178
f 940/1404/2144 922/1381/2105 956/1429/2179
f 933/1407/2145 901/1377/2106 945/1430/2180
f 901/1377/2106 938/1417/2181 945/1430/2180
f 934/1370/2176 590/1397/2158 949/1428/2177
f 937/1412/2153 928/1355/2062 951/1421/2164
f 590/1397/2158 946/1426/2172 949/1428/2177
f 912/1378/2159 944/1423/2168 927/1408/2182
f 930/1411/2160 942/1398/2132 948/1431/2183
f 936/1415/2184 917/1414/2161 947/1432/2162
f 947/1427/2174 937/1412/2173 959/1433/2185
f 938/1417/2157 894/1351/2087 929/1409/2186
f 909/1420/2135 939/1405/2170 947/1427/2162
f 921/1403/2136 940/1404/2137 952/1434/2187
f 922/1381/2105 941/1435/2188 956/1429/2179
f 927/1408/2182 944/1423/2168 958/1436/2189
f 944/1423/2190 930/1411/2160 948/1431/2183
f 942/1398/2191 931/1400/2169 943/1437/1924
f 959/1433/2192 937/1412/2153 950/1438/2193
f 941/1439/2194 922/1440/2024 962/1441/2195
f 884/1369/2029 957/1416/2155 962/1441/2196
f 961/1442/2197 940/1404/2144 956/1429/2179
f 922/1440/2024 884/1369/1997 962/1441/2195
f 933/1407/2147 945/1430/2198 957/1416/2155
f 948/1431/2183 965/1443/2199 944/1423/2190
f 942/1398/2191 943/1437/1924 955/1444/2200
f 936/1445/2184 947/1427/2162 27/1446/2201
f 947/1427/2174 959/1433/2185 954/1447/2202
f 950/1438/2193 937/1412/2153 951/1421/2164
f 914/1348/2048 747/1425/2171 951/1421/2164
f 860/1306/2069 891/1349/2049 747/1425/2171
f 929/1409/2203 589/1422/2204 949/1428/2177
f 927/1408/2182 958/1436/2189 935/1410/2205
f 958/1436/2206 944/1423/2190 965/1443/2199
f 943/1448/2207 936/1445/2184 27/1446/2201
f 956/1429/2179 941/1435/2188 953/1449/2208
f 966/1450/2209 938/1417/2157 929/1409/2186
f 946/1426/2210 935/1410/2205 963/1451/2211
f 588/1452/2212 935/1410/2205 958/1436/2189
f 940/1404/2137 961/1442/2213 952/1434/2187
f 945/1430/2198 962/1441/2196 957/1416/2155
f 588/1452/2212 963/1451/2211 935/1410/2205
f 942/1398/2191 955/1444/2200 948/1431/2214
f 959/1433/2192 950/1438/2193 960/1453/2215
f 916/1385/2117 921/1403/2178 952/1434/2216
f 953/1454/2217 941/1439/2194 962/1441/2195
f 947/1427/2162 954/1447/2218 27/1446/2201
f 959/1433/2185 960/1453/2219 954/1447/2202
f 949/1428/2220 946/1426/2210 964/1455/2221
f 968/1456/2222 948/1431/2214 955/1444/2200
f 943/1448/2207 27/1446/2201 955/1457/2223
f 964/1455/2221 946/1426/2210 963/1451/2211
f 588/1452/2224 958/1436/2206 967/1458/2225
f 958/1436/2206 965/1443/2199 967/1458/2225
f 983/1459/2226 945/1430/2180 938/1417/2181
f 929/1409/2186 949/1428/2220 964/1455/2221
f 954/1447/2202 960/1453/2219 970/1460/2227
f 950/1438/2193 951/1421/2164 977/1461/2228
f 983/1459/2226 938/1417/2181 966/1450/2229
f 963/1462/2230 588/1452/2224 967/1458/2225
s 0
f 967/1458/2231 965/1443/2231 971/1463/2231
s 1
f 969/1464/2232 953/1454/2217 962/1441/2195
f 945/1430/2198 983/1459/2233 962/1441/2196
f 966/1450/2209 929/1409/2186 586/1465/2234
f 952/1434/2187 961/1442/2213 978/1466/2235
f 973/1467/2236 929/1409/2186 964/1455/2221
f 975/1468/2237 974/1469/2238 963/1470/2230
f 948/1431/2214 968/1456/2222 965/1443/2239
f 950/1438/2193 972/1471/2240 960/1453/2215
f 972/1471/2240 950/1438/2193 977/1461/2228
f 586/1465/2234 929/1409/2186 973/1467/2236
f 975/1468/2237 963/1470/2230 979/1472/2241
f 980/1473/2242 981/1474/2243 979/1472/2241
f 980/1473/2242 979/1472/2241 982/1475/2244
f 979/1472/2241 963/1470/2230 982/1475/2244
f 982/1475/2244 963/1470/2230 967/1476/2225
f 971/1463/2245 965/1443/2246 986/1477/2247
f 986/1477/2247 965/1443/2239 968/1478/2222
f 960/1453/2219 976/1479/2248 970/1460/2227
f 976/1479/2248 960/1453/2219 972/1471/2249
f 951/1421/2164 747/1425/2171 977/1461/2228
f 956/1429/2179 953/1449/2208 734/1480/2250
f 734/1480/2250 953/1449/2208 969/1481/2251
f 962/1441/2196 983/1459/2233 853/1482/2252
f 964/1455/2253 963/1470/2230 974/1469/2254
f 979/1472/2241 981/1483/2255 975/1468/2237
f 981/1483/2255 980/1484/2256 975/1468/2237
f 980/1484/2256 982/1475/2244 975/1468/2237
f 982/1475/2244 967/1476/2225 975/1468/2237
f 27/1446/2201 954/1447/2218 970/1485/2257
f 961/1442/2213 587/1486/2258 978/1466/2235
f 961/1442/2197 956/1429/2179 587/1486/2259
s 0
f 975/1468/2260 967/1487/2260 974/1469/2260
s 1
f 968/1488/2261 955/1457/2223 27/1446/2201
f 587/1486/2259 956/1429/2179 734/1480/2250
f 964/1455/2253 974/1469/2254 985/1489/2262
f 972/1471/2240 977/1461/2228 984/1490/2263
f 962/1441/2196 853/1482/2252 568/1491/2264
f 971/1463/2245 986/1477/2247 967/1458/2265
f 983/1459/2226 966/1492/2229 853/1482/2266
f 966/1450/2229 586/1465/2267 853/1493/2266
f 973/1467/2268 964/1455/2253 985/1489/2262
f 967/1458/2265 986/1477/2247 904/1494/2269
f 498/1495/2270 969/1464/2232 962/1441/2195
f 973/1467/2268 985/1489/2262 586/1465/2271
f 985/1489/2262 853/1493/2272 586/1465/2271
f 967/1458/2265 904/1494/2269 447/1496/2273
f 974/1497/2274 967/1458/2265 447/1496/2273
f 972/1471/2249 672/1498/2275 550/1499/2276
f 672/1498/2277 972/1471/2240 984/1490/2263
f 747/1425/2171 891/1349/2049 34/1500/2278
f 952/1434/2216 978/1466/2279 916/1385/2117
f 663/1501/2280 587/1486/2259 734/1480/2250
f 34/1500/2278 891/1349/2049 916/1385/2117
f 643/1502/2281 853/1482/2282 985/1503/2283
f 904/1504/2284 986/1505/2285 27/1446/2201
f 986/1505/2285 968/1488/2261 27/1446/2201
f 972/1471/2249 550/1499/2276 976/1479/2248
f 977/1461/2228 747/1425/2171 984/1490/2263
f 498/1495/2270 962/1441/2195 406/1506/2286
f 985/1507/2287 974/1497/2274 447/1496/2273
f 27/1446/2201 970/1485/2257 976/1508/2288
f 734/1509/2250 969/1464/2251 498/1495/2289
f 962/1441/2195 568/1491/1410 406/1506/2286
f 550/1499/2276 672/1498/2275 245/1510/2290
f 568/1491/2291 853/1482/2282 643/1502/2281
f 643/1502/2292 985/1503/2287 447/1511/2273
f 976/1508/2288 550/1512/2293 27/1446/2201
f 672/1498/2277 984/1490/2263 747/1425/2171
f 916/1385/2117 978/1466/2279 587/1486/2294
f 587/1486/2295 663/1501/2296 424/1513/2297
f 498/1495/2270 406/1506/2286 457/1514/2298
f 734/1480/2250 498/1515/2289 349/1516/2299
f 365/978/1408 643/1517/2292 447/1518/2273
f 245/1510/2290 672/1498/2275 547/1519/2300
f 663/1501/2280 734/1480/2250 349/1516/2299
f 904/1504/2284 27/1446/2201 447/1520/2301
f 672/1498/2277 747/1425/2171 547/1519/2302
f 916/1385/2117 587/1486/2294 424/1513/2303
f 663/1501/2296 297/1521/2304 424/1513/2297
f 568/980/1410 643/1517/2292 365/978/1408
f 547/1519/2302 747/1425/2171 34/1500/2278
f 424/1513/2297 297/1521/2304 61/1522/2305
f 406/1506/2286 568/980/1410 247/979/1409
f 550/1512/2293 245/1523/2306 27/1446/2201
f 354/1524/2307 547/1519/2308 34/1500/2309
f 916/1385/2117 424/1513/2303 61/1522/2310
f 346/1525/2311 498/1515/2289 457/1526/2312
f 916/1385/2117 61/1527/2310 34/1500/2278
f 297/1521/2313 663/1501/2280 349/1516/2299
f 498/1515/2289 346/1525/2311 349/1516/2299
f 406/1506/2286 247/979/1409 142/1528/2314
f 365/1529/2315 447/1520/2301 27/1446/2201
f 547/1519/2300 354/1524/2316 245/1510/2290
f 457/1526/2312 171/1530/2317 346/1525/2311
f 457/1526/2298 142/1531/2314 171/1530/2318
f 142/1528/2314 457/1514/2298 406/1506/2286
f 114/1532/2319 61/1522/2305 297/1521/2304
f 247/1533/2320 365/1529/2315 27/1446/2201
f 59/1534/2321 354/1524/2307 34/1500/2309
f 297/1521/2313 349/1516/2299 114/1532/2322
f 349/1516/2299 346/1525/2311 114/1535/2322
f 27/1536/2323 346/1525/2324 171/1530/2325
f 245/1523/2306 354/1537/2326 27/1446/2201
f 27/1536/2323 114/1535/2327 346/1525/2324
f 27/1536/2201 171/1530/2328 142/1531/2329
f 142/1538/2329 247/1533/2320 27/1446/2201
f 27/1446/2201 354/1537/2326 59/1539/2330
f 59/1534/2321 34/1500/2309 12/1540/2331
f 3/1541/2332 12/1540/2331 34/1500/2309
f 27/1542/2323 3/1543/2333 114/1532/2327
f 3/1543/2334 61/1522/2305 114/1532/2319
f 34/1500/2278 61/1527/2310 3/1541/2335
f 27/1544/2201 59/1534/2330 12/1540/2336
f 3/1541/2337 27/1544/2201 12/1540/2336
