# Blender 4.3.2
# www.blender.org
o model
v -0.406056 0.208496 0.054721
v -0.378815 0.256748 0.153620
v -0.348469 0.075857 0.085693
v -0.403149 0.195350 -0.065259
v -0.284922 0.120588 -0.259064
v -0.190872 0.144603 -0.342619
v -0.383106 1.217121 -0.095737
v -0.100046 0.015234 -0.247768
v -0.372931 1.261870 -0.057796
v -0.030967 0.860425 -0.406082
v -0.327523 1.274480 -0.178650
v 0.264320 0.021625 -0.090795
v 0.074049 0.021326 0.279420
v 0.208613 0.018722 -0.179935
v 0.052907 0.063974 0.344405
v -0.103145 1.250613 0.366148
v -0.156283 1.342338 -0.275879
v 0.236885 0.083669 0.276318
v 0.326732 0.096863 0.170766
v 0.282795 0.104512 0.246864
v 0.102828 1.264481 -0.367725
v -0.114448 1.368942 0.244652
v 0.342483 1.174514 -0.211287
v 0.351272 0.117963 0.145118
v 0.388858 0.182094 0.103222
v 0.379358 0.117261 0.006796
v 0.355686 0.156839 0.171875
v -0.402320 0.526349 -0.029315
v 0.395489 0.189550 -0.066261
v -0.402017 0.431778 0.059519
v -0.393915 0.133615 -0.004712
v 0.401861 0.207867 -0.003027
v 0.395879 0.613505 0.067322
v 0.118654 1.316022 -0.322231
v 0.302223 1.252983 -0.239626
v 0.044002 1.376886 -0.271424
v -0.253516 1.451618 -0.017774
v 0.378608 1.252424 0.076711
v 0.391090 1.238351 -0.013126
v 0.027411 1.451616 -0.255155
v 0.288849 1.351386 -0.107846
v -0.250907 1.453063 0.109796
v 0.073785 1.446214 -0.237180
v -0.126168 1.453777 0.227308
v -0.126855 1.454006 0.226507
v -0.127884 1.453663 0.227193
v -0.106660 1.452702 0.236023
v 0.043501 1.451116 0.256316
v 0.066431 1.441629 0.237072
v -0.001302 1.452790 0.262136
v -0.176324 1.682046 -0.205020
v -0.253052 1.669963 -0.111749
v -0.215894 1.681279 -0.163437
v -0.260614 1.696027 -0.022603
v 0.246243 1.426144 0.011727
v 0.020671 1.541669 0.283232
v 0.068065 1.483369 0.272647
v 0.127804 1.615250 -0.251196
v -0.225585 1.696406 0.142406
v -0.171533 1.643301 0.221364
v 0.065451 1.671284 0.274452
v 0.125479 1.688616 -0.243917
v 0.081509 1.678513 -0.262487
v 0.111386 1.689939 -0.245572
v 0.199039 1.585374 0.197772
v 0.167925 1.608329 0.225149
v 0.257001 1.695869 -0.057313
v 0.115502 1.700143 0.238287
v 0.128734 1.683368 0.242809
v 0.122984 1.680638 0.252828
v 0.184100 1.680176 0.200785
v 0.195758 1.679529 0.196811
v 0.189489 1.697240 0.184073
v 0.198752 1.665380 0.189022
v -0.378662 0.442444 -0.140292
v 0.251406 1.681789 -0.103570
v 0.255059 1.599658 -0.109158
v 0.224921 1.696269 0.136910
v 0.249441 1.680399 0.104843
v 0.245106 1.677760 0.124314
v 0.264828 1.676033 -0.054389
v 0.270445 1.594344 -0.039576
v 0.273011 1.605175 -0.025468
v 0.267292 1.561919 -0.054702
v 0.267933 1.680780 -0.038207
v 0.266095 1.682042 -0.020483
v 0.263205 1.678566 0.070547
v 0.269556 1.679966 0.030372
v 0.271773 1.603621 0.035459
v 0.264063 1.683252 0.018151
v 0.269300 1.605609 0.019253
v -0.376746 0.119882 0.093541
v 0.265991 1.611163 0.072201
v 0.257860 1.644479 0.078138
v 0.236256 1.696805 0.117510
v 0.253780 1.693754 0.070985
v -0.386649 0.149488 -0.085459
v 0.266795 1.659445 -0.070342
v 0.268505 1.681354 -0.059949
v 0.222257 1.685370 0.157921
v 0.259224 1.681125 -0.072724
v 0.264223 1.672892 0.040651
v 0.261620 1.586024 -0.073757
v 0.257816 1.695322 0.029781
v 0.258642 1.694957 -0.021296
v 0.244029 1.695544 -0.102937
v 0.247369 1.651531 -0.114301
v 0.247486 1.604647 0.126653
v 0.268843 1.562897 -0.019560
v 0.160540 1.685038 0.226648
v 0.253895 1.552829 -0.097785
v 0.273056 1.488770 0.033586
v 0.146226 1.699181 0.217549
v 0.225470 1.674642 -0.156539
v 0.224937 1.676116 -0.146083
v 0.208805 1.693391 -0.161727
v 0.179891 1.671525 -0.203950
v 0.191463 1.687787 -0.187015
v 0.190505 1.680752 -0.197943
v 0.227899 1.606900 -0.157754
v 0.233414 1.629669 0.142281
v 0.224698 1.615065 0.164496
v -0.378515 0.178330 0.148822
v 0.259400 1.473475 0.079302
v 0.216792 1.697549 -0.145962
v 0.168487 1.649460 -0.214566
v 0.265767 1.489351 0.073397
v 0.167636 1.684789 0.214974
v 0.067048 1.694448 0.259929
v 0.254774 1.490600 -0.110170
v 0.271733 1.485595 -0.038721
v 0.251481 1.574210 0.105186
v 0.215577 1.665079 0.167717
v 0.170485 1.603167 0.214140
v 0.157370 1.692762 -0.219018
v 0.198583 1.564343 -0.184550
v 0.247247 1.490230 0.129174
v 0.112286 1.682462 0.252682
v 0.120632 1.741625 -0.028901
v -0.030635 1.862902 -0.083697
v -0.022466 1.867131 0.093439
v 0.015692 1.868509 0.094982
v 0.052124 1.868243 0.083023
v 0.082330 1.863674 0.041028
v 0.007847 1.869897 -0.046655
v 0.051199 1.870549 -0.007028
v -0.361948 0.132413 0.157095
v 0.055128 1.869276 0.032003
v 0.028982 1.871959 0.041104
v 0.011934 1.868740 0.066045
v -0.004950 1.874841 0.055680
v -0.026176 1.869287 -0.036906
v 0.057878 1.867175 -0.025794
v -0.365981 0.192657 -0.172212
v 0.036867 1.868002 0.105898
v 0.016375 1.866763 0.092086
v 0.017519 1.866763 0.092086
v 0.018205 1.867221 0.092544
v -0.053298 1.872528 0.020645
v 0.011835 1.864301 -0.061271
v -0.048675 1.868917 0.086167
v 0.014544 1.866763 0.092086
v 0.016489 1.866763 0.092086
v 0.060854 1.859598 0.106008
v -0.043274 1.868311 0.046890
v -0.061580 1.868057 -0.009611
v 0.072416 1.862580 -0.053161
v 0.081635 1.862877 -0.027179
v 0.082155 1.862874 -0.027234
v 0.082155 1.862874 -0.027119
v 0.093682 1.865978 -0.006712
v 0.085139 1.864607 -0.030860
v 0.082727 1.863102 -0.028149
v 0.082727 1.862988 -0.026433
v -0.049178 1.866698 0.102620
v -0.034113 1.866176 -0.050578
v 0.110536 1.854918 0.031296
v 0.109847 1.860973 -0.007080
v 0.009307 1.859659 0.121132
v 0.035204 1.862309 -0.084315
v -0.034015 1.859069 0.116006
v -0.084366 1.865055 -0.017931
v -0.078026 1.866805 0.048536
v 0.091905 1.863209 0.067197
v -0.066532 1.864337 -0.056776
v 0.070794 1.862817 -0.078160
v -0.092047 1.866804 0.052227
v -0.057376 1.862289 -0.089543
v -0.001013 1.861818 -0.109439
v 0.091800 1.795635 0.088058
v 0.061126 1.856347 -0.098480
v 0.090736 1.855760 -0.069467
v 0.109258 1.847061 -0.041041
v 0.117084 1.817986 0.032220
v -0.092087 1.866775 -0.042970
v -0.090187 1.859548 0.071411
v -0.035627 1.849358 -0.111976
v 0.035281 1.744501 0.129143
v -0.096243 1.859727 -0.049971
v -0.071081 1.846485 -0.089937
v -0.109269 1.860076 0.009426
v -0.335893 0.215316 -0.233405
v -0.391312 0.604045 0.077716
v 0.007494 1.853526 -0.117547
v 0.072191 1.746017 0.110426
v 0.096783 1.741865 -0.079160
v -0.014648 1.747041 0.132709
v 0.116127 1.742295 0.051860
v 0.089107 1.736942 0.097710
v -0.088067 1.819708 0.086784
v 0.060319 1.738261 -0.113731
v 0.042749 1.737653 0.133669
v -0.056029 1.747278 0.120485
v -0.114788 1.813555 0.037098
v 0.125553 1.734918 0.027586
v -0.118406 1.812679 -0.009633
v 0.027198 1.733588 -0.127073
v -0.017387 1.739436 0.138831
v -0.093962 1.739573 0.095790
v -0.076599 1.741648 -0.103423
v -0.060201 1.739997 0.126174
v 0.111606 1.730711 0.039802
v 0.091706 1.732482 0.077862
v 0.059742 1.732669 0.109721
v -0.097871 1.742694 -0.081922
v -0.108720 1.745668 0.071605
v 0.090622 1.732845 -0.097114
v 0.023664 1.732289 0.127222
v 0.116155 1.732068 -0.046483
v -0.336696 0.542174 0.223790
v -0.109111 1.800205 -0.051413
v 0.073003 1.728282 0.109202
v 0.115560 1.725345 0.055967
v 0.063647 1.732887 -0.115987
v 0.110070 1.713736 0.062563
v -0.044539 1.734358 0.121942
v 0.114008 1.729565 -0.034101
v 0.024634 1.728149 0.133415
v 0.081350 1.714162 0.102524
v 0.042081 1.715164 0.128960
v -0.045188 1.729042 0.129299
v -0.074963 1.734179 0.101596
v 0.083340 1.728502 -0.084116
v -0.395925 0.601715 -0.070155
v -0.100622 1.733813 0.070280
v -0.127124 1.737597 0.018138
v -0.039791 1.739515 -0.123560
v -0.106955 1.735518 -0.075962
v 0.108340 1.708561 0.044316
v -0.120800 1.736883 0.052325
v -0.004969 1.732598 -0.129730
v 0.084327 1.708972 0.081339
v -0.125415 1.736380 -0.021319
v -0.094537 1.729522 0.091782
v 0.030762 1.728535 -0.117122
v 0.096769 1.723740 -0.083764
v 0.125528 1.724743 -0.021315
v 0.127520 1.714032 0.006256
v -0.071028 1.732301 -0.111769
v -0.089968 1.717890 0.099359
v -0.029691 1.716589 0.134819
v -0.023800 1.729232 -0.116817
v 0.117258 1.709282 0.000341
v 0.045620 1.708459 0.107100
v -0.115520 1.731007 -0.032142
v -0.091951 1.728922 -0.076342
v -0.058046 1.729258 -0.101859
v -0.364970 0.586085 0.168407
v 0.081463 1.713143 -0.100833
v 0.110410 1.713091 -0.061757
v -0.331524 0.212381 0.243014
v -0.118126 1.731755 0.036191
v -0.016897 1.708447 0.098514
v -0.124081 1.727815 0.039012
v 0.040922 1.723207 -0.123095
v 0.108119 1.708977 -0.047136
v 0.156610 1.699538 -0.205403
v 0.262458 1.480108 -0.074099
v 0.270423 1.480124 -0.020787
v -0.037428 1.694759 0.265961
v 0.246819 1.478226 -0.116476
v 0.268542 1.483572 -0.064876
v 0.269830 1.480739 0.021321
v 0.266821 1.481646 0.042385
v 0.016633 1.708755 0.106846
v -0.122679 1.727817 -0.032559
v 0.161610 1.665219 -0.227964
v 0.227127 1.591568 -0.145009
v 0.035466 1.712688 -0.122725
v 0.041605 1.699286 0.261614
v 0.088559 1.708134 -0.076753
v 0.063680 1.693177 -0.263451
v 0.217071 1.595221 -0.164449
v 0.151927 1.681043 0.227006
v -0.078225 1.690786 0.261224
v -0.053592 1.700331 0.254356
v -0.115188 1.684399 0.251278
v -0.149607 1.697908 0.219357
v -0.125444 1.699562 0.234428
v -0.094456 1.725369 -0.088824
v -0.029179 1.724164 -0.123517
v 0.053654 1.700153 -0.251195
v 0.237817 1.471737 0.135541
v 0.169949 1.490043 0.224276
v 0.070134 1.666371 0.266684
v 0.022775 1.670838 0.279926
v -0.024709 1.681064 0.273301
v -0.124894 1.717067 0.032695
v -0.124348 1.716378 -0.027057
v 0.228057 1.489956 -0.157130
v -0.363345 0.106593 -0.100465
v -0.020729 1.713654 -0.124487
v 0.227572 1.480640 -0.149776
v 0.123878 1.617551 0.255010
v -0.339949 0.607882 -0.211725
v -0.155387 1.668184 0.227575
v -0.101530 1.708974 0.034671
v -0.064851 1.713965 -0.109511
v 0.070033 1.663008 -0.269237
v -0.168753 1.688344 0.212138
v -0.064788 1.710196 0.079854
v 0.052507 1.708391 -0.103766
v 0.173169 1.487096 0.215478
v -0.354249 0.071059 -0.003822
v 0.134471 1.570796 0.243498
v -0.073832 1.674285 0.267880
v -0.184430 1.697122 0.189821
v -0.104699 1.715051 -0.077208
v 0.265278 1.451531 -0.045718
v 0.266530 1.451578 0.020164
v -0.074473 1.706990 0.071514
v 0.010546 1.708146 -0.115314
v 0.151706 1.658406 -0.228111
v 0.193333 1.488218 -0.198670
v 0.124512 1.491044 0.256011
v 0.063510 1.560075 0.276479
v 0.183590 1.480421 -0.203209
v -0.037358 1.685233 0.274052
v -0.132825 1.680867 0.242442
v 0.134625 1.594131 -0.241023
v -0.332232 0.129563 -0.199778
v 0.260662 1.462297 0.077014
v 0.216257 1.479023 0.171866
v 0.197920 1.489579 0.198105
v 0.093222 1.490729 0.266411
v 0.026310 1.691353 0.270542
v -0.083098 1.601036 0.263882
v -0.198939 1.682129 0.194839
v 0.223458 1.489561 0.166884
v -0.035109 1.626387 0.279867
v -0.074277 1.606228 0.270870
v -0.200875 1.690181 0.181348
v -0.069863 1.708702 -0.086182
v -0.022830 1.709069 -0.103590
v 0.041957 1.691862 -0.266008
v 0.115443 1.609290 -0.249959
v -0.101036 1.708793 -0.033678
v -0.073078 1.699161 -0.252947
v -0.116298 1.696974 -0.237504
v -0.106881 1.689986 -0.249914
v -0.111966 1.669011 -0.254916
v 0.069017 1.574814 -0.270840
v 0.253701 1.451514 -0.098056
v 0.153116 1.481220 0.231698
v 0.009519 1.654716 0.275115
v -0.027689 1.561193 0.278055
v -0.201737 1.615600 0.197092
v -0.091035 1.709007 -0.061400
v 0.159774 1.486017 -0.228667
v 0.168915 1.479921 -0.217764
v -0.275009 0.548068 0.302911
v 0.153227 1.578785 0.230376
v -0.327992 0.157276 0.233446
v -0.118589 1.596272 0.253283
v -0.190368 1.672750 0.197472
v 0.082983 1.494897 -0.269552
v 0.027117 1.574965 0.276463
v -0.162371 1.668037 0.228082
v -0.045108 1.708382 -0.095846
v -0.065784 1.681936 -0.265321
v -0.330108 0.087001 -0.151170
v -0.041646 1.681539 -0.269054
v 0.085647 1.590184 -0.260516
v -0.124432 1.674579 0.253830
v -0.301157 0.634410 -0.262127
v -0.026278 1.695016 -0.263324
v 0.046679 1.604297 -0.271050
v 0.238641 1.459432 0.139617
v 0.113539 1.569516 0.254204
v -0.119121 1.672132 -0.247192
v -0.085909 1.667015 -0.257158
v 0.255311 1.451023 -0.040420
v 0.052738 1.652289 0.271635
v 0.223838 1.453011 -0.154094
v 0.006784 1.484800 0.281174
v -0.078724 1.664833 -0.266681
v 0.038594 1.680713 -0.274455
v 0.255671 1.451111 0.038999
v -0.254525 1.696370 0.069519
v -0.265865 1.686225 0.034934
v -0.262341 1.665699 0.073766
v -0.263317 1.693854 0.012257
v -0.259798 1.683051 0.089753
v -0.157333 1.680901 -0.228662
v -0.140672 1.680233 -0.238223
v 0.129644 1.491048 -0.250859
v 0.026086 1.483507 0.280148
v -0.135222 1.589358 0.244242
v -0.157747 1.484711 0.230524
v -0.245218 1.696879 0.100144
v -0.273816 1.664507 0.029715
v 0.244220 1.451841 0.118866
v 0.063187 1.491803 0.277371
v -0.172305 1.608882 0.214604
v 0.043658 1.587008 -0.275888
v 0.245509 1.428916 -0.020988
v -0.023764 1.482760 0.280594
v -0.169063 1.495040 0.228657
v -0.162205 1.564517 0.229824
v -0.162205 1.566462 0.229824
v -0.162205 1.564402 0.229824
v -0.162205 1.566347 0.229824
v -0.162205 1.567606 0.229824
v -0.162205 1.567720 0.229824
v -0.138501 1.633305 -0.244004
v -0.045601 1.609591 -0.269496
v 0.113905 1.481189 -0.250728
v 0.245333 1.450944 0.077995
v -0.222888 1.674527 0.161997
v -0.268035 1.677724 0.068534
v -0.086486 1.570486 -0.259621
v 0.133252 1.476865 -0.244708
v 0.243381 1.451715 -0.088065
v 0.243204 1.427865 0.042268
v 0.238449 1.451463 0.105854
v 0.193365 1.473725 0.195086
v -0.263073 1.556990 0.077631
v -0.245314 1.695092 -0.105795
v -0.158098 1.698031 -0.209276
v 0.028359 1.674345 -0.271650
v 0.032264 1.606674 -0.276571
v 0.116608 1.470303 0.254608
v -0.069437 1.536389 0.272189
v -0.259247 1.668811 0.101465
v -0.186069 1.690532 -0.194641
v -0.113839 1.565599 -0.256602
v -0.040862 1.599743 -0.276103
v 0.194668 1.452478 -0.189871
v 0.246867 1.446846 -0.044479
v 0.055255 1.472053 0.275426
v -0.269725 1.565854 0.036426
v -0.024531 1.679878 -0.270013
v 0.225054 1.439935 -0.115062
v 0.203249 1.450996 0.189312
v -0.276171 0.167064 -0.290492
v -0.084352 1.472763 0.269210
v -0.126165 1.491518 0.257577
v -0.232778 1.647418 0.154029
v -0.263525 1.609524 0.092009
v -0.269699 1.679553 -0.024806
v -0.214683 1.696896 -0.153521
v -0.186505 1.696627 -0.186147
v 0.204770 1.450973 -0.157021
v 0.229720 1.451635 -0.127134
v -0.040134 1.492690 0.281233
v -0.204772 1.580091 0.184980
v -0.223225 1.545065 0.165756
v -0.255598 1.690630 -0.079950
v -0.263305 1.675204 -0.066336
v -0.163839 1.660416 -0.218625
v 0.162269 1.452938 -0.224174
v -0.044767 1.484276 0.276709
v -0.250814 1.654585 -0.102178
v -0.067483 1.584584 -0.268695
v -0.029061 1.608419 -0.275358
v 0.234229 1.428689 -0.081386
v 0.155124 1.469831 0.232897
v -0.264441 1.631993 -0.080562
v -0.123484 1.570986 -0.246799
v 0.190857 1.451238 0.178880
v -0.251778 1.678273 0.104921
v 0.028456 1.490092 -0.275915
v 0.087921 1.470473 -0.260940
v 0.156405 1.469484 -0.228750
v 0.229052 1.425998 0.102802
v -0.203758 1.489457 0.196313
v -0.270948 1.605098 0.009915
v -0.160125 1.595179 -0.229406
v -0.028835 1.492268 -0.276961
v -0.121979 1.472080 0.254509
v -0.223176 1.484074 0.166069
v -0.265016 0.205073 0.315807
v 0.250175 1.406400 0.027869
v 0.019469 1.469268 0.280328
v -0.294209 0.026453 -0.037867
v 0.225962 1.422307 -0.109685
v 0.244745 1.425256 -0.040366
v -0.317997 0.060146 -0.120176
v 0.238079 1.424714 0.079075
v 0.089621 1.468375 0.264089
v -0.232621 1.614968 0.145239
v -0.290268 0.089224 -0.222080
v -0.224376 1.684437 -0.148905
v 0.169482 1.451042 0.219496
v -0.029404 1.469368 0.279229
v -0.232706 1.475585 0.156578
v 0.186152 1.449602 -0.170404
v -0.386196 0.902615 -0.106574
v 0.202329 1.423059 0.153052
v 0.104785 1.452098 0.261570
v -0.067925 1.469601 0.272430
v -0.263693 1.686620 -0.043987
v -0.265950 1.562736 -0.067303
v 0.114804 1.465193 -0.249676
v 0.196085 1.434552 -0.148115
v -0.253838 1.563386 0.106799
v -0.294049 0.043006 0.138374
v 0.167950 1.448380 -0.187522
v -0.187419 1.631729 -0.203487
v 0.065820 1.482641 -0.270873
v 0.153090 1.451555 -0.208958
v 0.152132 1.449911 -0.202611
v 0.211788 1.433553 -0.130814
v 0.147920 1.451428 0.238399
v -0.174527 1.483866 0.216465
v -0.274006 1.577414 -0.026185
v -0.252245 1.560649 -0.105550
v -0.220196 1.613596 -0.164345
v 0.123501 1.451964 -0.242997
v -0.198023 1.481174 0.196375
v -0.274714 1.641241 0.018398
v 0.241443 1.406535 -0.069799
v 0.238394 1.404770 0.054825
v 0.030297 1.452703 0.281027
v -0.273330 1.474771 0.033899
v -0.251780 1.611421 -0.103425
v -0.251780 1.609476 -0.103425
v -0.245832 1.658583 -0.118918
v -0.044559 1.480308 -0.272843
v 0.170940 1.426247 -0.176494
v -0.130255 1.468295 0.246062
v -0.251780 1.609591 -0.103425
v -0.251780 1.608561 -0.103425
v -0.251780 1.608447 -0.103425
v 0.134027 1.451072 -0.218345
v 0.190741 1.424403 -0.158850
v 0.243932 1.403075 -0.000871
v 0.243064 1.403177 0.024482
v 0.226603 1.407680 0.117752
v -0.266579 1.468679 0.074500
v -0.228050 1.558373 -0.147336
v -0.194672 1.583402 -0.189636
v -0.112207 1.488631 -0.257419
v -0.067600 1.487924 -0.269591
v 0.134399 1.446327 -0.211783
v 0.243574 1.403212 0.008802
v -0.242803 1.473234 0.136081
v -0.264462 1.493421 0.095853
v -0.144793 1.495228 -0.235486
v 0.243574 1.403212 0.007773
v 0.243574 1.403212 0.008688
v -0.389667 0.828461 0.086296
v -0.258059 1.604074 -0.084467
v -0.084089 1.479638 -0.262510
v 0.244146 1.402640 0.006972
v 0.152037 1.423014 0.202886
v 0.161092 1.451375 0.206029
v 0.160176 1.451832 0.206715
v 0.160634 1.451718 0.207287
v 0.154685 1.451718 0.213236
v 0.129521 1.452832 0.228132
v -0.175057 1.469799 0.216116
v -0.272465 1.660553 -0.040011
v -0.228411 1.600697 -0.156421
v 0.047174 1.475860 -0.273180
v 0.121797 1.448881 -0.224562
v 0.159261 1.451375 0.207631
v 0.154891 1.451217 0.211032
v 0.155028 1.451832 0.211520
v 0.153999 1.451832 0.212435
v 0.102227 1.452111 0.238430
v -0.130693 1.452204 0.248957
v -0.266488 1.490803 -0.079201
v -0.014605 1.471455 -0.275234
v 0.254093 1.391406 0.023935
v 0.153541 1.451375 0.212092
v 0.069361 1.452659 0.252515
v -0.052061 1.452465 0.277332
v -0.273332 1.497535 0.067842
v -0.138051 1.492453 -0.244334
v -0.237008 0.224429 -0.329979
v 0.224539 1.403489 0.103384
v 0.120633 1.443660 0.224558
v -0.254223 1.490517 -0.114172
v -0.246186 1.476660 -0.120704
v 0.104000 1.451075 -0.235582
v 0.237549 1.402421 -0.060455
v -0.169904 1.453284 0.221311
v -0.207782 1.471675 0.185120
v -0.259012 1.472876 0.100878
v -0.270654 1.480557 -0.044451
v -0.223948 1.484373 -0.162015
v 0.034952 1.453055 -0.274280
v 0.222964 1.403793 -0.108798
v 0.192278 1.408422 0.168180
v 0.075740 1.429352 0.240095
v -0.068101 1.454038 0.253153
v -0.274234 1.478066 -0.025914
v 0.148642 1.423671 -0.197927
v 0.022140 1.452143 0.260204
v -0.159759 1.491026 -0.230388
v 0.193954 1.419599 -0.159669
v 0.176185 1.406177 -0.170633
v 0.206390 1.404701 -0.137076
v 0.203867 1.406195 0.139034
v -0.002609 1.433369 0.250368
v -0.015216 1.426584 0.251856
v -0.273676 0.059937 -0.200186
v -0.187595 1.489031 -0.203020
v -0.117768 1.469649 -0.249504
v -0.062303 1.471664 -0.269520
v 0.073789 1.451185 -0.245606
v 0.125805 1.425802 -0.210666
v 0.290784 1.361732 0.066103
v 0.100152 1.428855 0.230271
v -0.027447 1.452268 0.260590
v 0.097539 1.431559 -0.224967
v 0.139456 1.410638 0.215765
v 0.022723 1.428149 0.249719
v -0.088991 1.439207 0.241200
v 0.345322 1.312497 -0.038229
v -0.126397 1.453548 0.226507
v -0.071515 1.439995 0.239453
v 0.339996 1.299811 0.109159
v -0.131660 1.428506 0.212659
v -0.219497 1.454658 0.165355
v 0.100555 1.425268 -0.223979
v 0.173571 1.406176 0.174754
v 0.117652 1.425850 0.224322
v -0.050590 1.452547 0.254669
v -0.273270 1.471204 0.010624
v -0.112226 1.453024 -0.250619
v 0.219346 1.388089 -0.147770
v -0.223173 1.452584 -0.157220
v -0.045066 1.427192 0.247073
v -0.063877 1.424855 0.245751
v -0.135324 1.453083 0.217579
v 0.066684 1.427917 0.241123
v 0.073078 1.426775 -0.231581
v 0.262022 1.354248 0.160732
v 0.043809 1.428363 0.245662
v -0.170897 1.452537 0.186719
v -0.206593 1.454398 0.149783
v -0.165393 1.468477 -0.220514
v 0.045338 1.432322 -0.238217
v 0.010655 1.426664 0.250416
v -0.116502 1.429186 0.221921
v -0.177406 1.453429 0.187527
v 0.136989 1.406872 0.208247
v 0.012600 1.426664 0.250416
v 0.010540 1.426664 0.250416
v 0.009511 1.426664 0.250416
v -0.103838 1.428080 0.228796
v -0.155639 1.454005 0.203309
v -0.261976 1.458275 -0.081748
v -0.050486 1.453043 -0.270746
v 0.175490 1.388824 0.191951
v 0.033601 1.423761 0.251586
v 0.008596 1.426207 0.250988
v -0.190140 1.453390 0.172135
v -0.216841 1.454348 0.135405
v -0.228058 1.454190 0.120992
v -0.270131 1.452201 -0.030864
v -0.184308 0.227156 -0.363111
v -0.180542 0.562385 -0.359251
v -0.174289 1.452985 -0.211656
v -0.003856 1.451467 -0.256436
v 0.024729 1.432248 -0.241874
v 0.049021 1.426556 -0.239258
v 0.087549 1.412783 0.240332
v -0.070665 1.451582 -0.243885
v 0.097285 1.406949 -0.224961
v 0.352595 1.274438 -0.131574
v 0.308946 1.282375 0.202642
v -0.194448 1.453777 0.169074
v -0.269352 1.452033 0.025648
v -0.184737 1.450559 0.161759
v -0.314577 0.097093 0.208366
v -0.120961 1.451379 -0.225244
v 0.164647 1.387781 -0.204129
v -0.307646 0.034199 0.046803
v -0.021254 1.408651 0.252921
v -0.202914 1.430097 0.144763
v -0.248452 1.450990 0.074044
v 0.379945 1.251304 -0.085379
v 0.401767 1.191556 -0.013449
v 0.354793 1.235347 0.167526
v -0.150528 1.428822 0.197925
v -0.021855 1.430793 -0.242232
v 0.180473 1.362739 -0.234775
v 0.284704 1.340916 -0.146147
v -0.114167 1.415835 0.230396
v -0.239731 1.451982 0.095579
v -0.229543 1.452360 -0.115183
v -0.136080 1.452267 -0.214101
v -0.102052 1.433490 -0.221042
v -0.099489 1.451985 -0.236188
v -0.063520 1.441625 -0.224790
v 0.107770 1.386955 -0.240903
v 0.320103 1.275842 -0.192654
v -0.248991 1.452469 -0.112398
v -0.045016 1.432425 -0.239328
v 0.046635 1.406632 -0.239340
v 0.136459 1.406543 -0.202618
v 0.393307 1.177671 -0.108676
v -0.171818 1.427021 0.181062
v -0.187048 1.425838 0.164752
v -0.212533 1.429145 0.132887
v -0.242312 1.451478 -0.087398
v -0.215719 1.451711 -0.137906
v 0.277946 1.263021 0.259898
v -0.222271 1.428799 0.118634
v -0.237968 1.435732 0.073649
v -0.199284 1.451940 -0.153601
v -0.150451 1.451209 -0.202808
v 0.248409 1.309905 -0.242819
v 0.214440 1.350045 0.225815
v 0.088042 1.405810 0.235653
v 0.027811 1.407810 0.251401
v -0.283934 0.133523 0.275821
v -0.179362 1.452297 -0.181255
v -0.101761 1.427197 -0.224080
v -0.068059 1.426146 -0.235263
v 0.002292 1.430526 -0.242726
v 0.357630 1.226336 -0.169286
v -0.255989 1.451867 0.013557
v -0.251306 1.450616 -0.064963
v 0.052761 1.380420 0.256606
v -0.050171 1.391806 0.253230
v -0.237424 1.425790 0.086337
v -0.241616 1.429788 0.057306
v -0.252611 1.451705 0.040607
v -0.251503 1.451443 0.033001
v -0.251704 1.451171 -0.041982
v -0.245512 1.429231 -0.041901
v -0.211128 1.428179 -0.131533
v -0.183425 1.450884 -0.173172
v 0.306439 1.238789 0.244873
v -0.093792 1.407699 0.233913
v -0.246114 1.445796 0.055533
v -0.256489 1.451657 0.006156
v -0.234899 1.430170 -0.084061
v -0.221882 1.428830 -0.110970
v -0.162373 1.429947 -0.184973
v -0.127995 1.427398 -0.209521
v 0.396198 0.835589 -0.091241
v 0.106682 1.386800 0.233759
v -0.240371 1.428653 -0.061008
v -0.192980 1.428769 -0.152670
v 0.393535 1.181401 0.084805
v -0.190730 1.416465 0.167545
v 0.182839 1.293285 -0.312545
v -0.266613 0.052134 0.207441
v 0.214443 1.268012 0.311249
v -0.144716 1.407713 0.205502
v -0.242740 1.444422 0.010742
v -0.148050 1.427390 -0.197292
v 0.401916 0.781114 -0.016635
v 0.396963 0.819384 0.076416
v -0.176899 1.427617 -0.168588
v -0.003638 1.410917 -0.245597
v 0.358039 1.187163 0.180984
v 0.157098 1.333605 0.286019
v -0.004992 1.370845 0.268646
v -0.226449 1.416835 0.117876
v -0.074105 1.426792 -0.232980
v -0.190193 1.407877 0.163594
v -0.242457 1.428238 0.038344
v -0.247937 1.426551 0.009088
v -0.246725 1.427723 -0.018992
v -0.185163 1.378470 0.191090
v -0.172798 1.415696 -0.181397
v 0.315359 1.181298 0.251778
v -0.065280 1.374572 0.256141
v -0.245831 1.431240 0.034886
v -0.246861 1.430211 0.034886
v -0.247433 1.431240 0.034657
v 0.045070 1.341891 0.308262
v -0.247204 1.429639 0.034314
v -0.250546 1.419285 0.031340
v -0.068971 1.407389 -0.234826
v 0.271511 1.181617 0.300173
v -0.125686 1.387587 0.223412
v -0.208659 1.413800 -0.141563
v -0.035656 1.407210 -0.240622
v -0.008908 1.407216 -0.242307
v -0.001129 1.407102 -0.242307
v 0.379966 0.839872 -0.142698
v 0.382163 0.609200 0.122516
v 0.352356 0.732367 0.197057
v 0.139268 1.262814 0.354815
v -0.224212 1.408169 0.116913
v -0.236501 1.412297 -0.089541
v -0.006963 1.407102 -0.242421
v -0.005018 1.407102 -0.242421
v -0.003073 1.407102 -0.242421
v 0.000702 1.406987 -0.242307
v 0.331464 0.801315 -0.226330
v 0.366202 0.107342 0.078850
v 0.195506 1.198562 0.356245
v -0.242470 1.407501 0.063770
v -0.032179 1.379071 -0.272788
v 0.326062 0.145501 -0.210570
v -0.129599 1.407562 -0.209577
v -0.103577 1.407336 -0.222642
v 0.316905 0.154202 0.238306
v -0.174234 0.455871 0.368665
v 0.240889 1.216668 0.318786
v -0.241382 1.406876 -0.057770
v -0.230671 1.407019 -0.093793
v -0.191165 1.406881 -0.155476
v 0.249896 1.260707 -0.288187
v -0.272834 0.022671 0.097681
v 0.300308 1.190751 -0.266416
v 0.377704 0.201527 -0.137960
v 0.365187 0.107479 -0.077415
v -0.269549 0.016150 -0.015069
v -0.212127 1.405129 -0.128741
v 0.221004 1.202950 -0.332098
v 0.333114 0.210160 0.233224
v 0.323143 0.832602 0.244836
v -0.249589 1.406779 -0.003150
v -0.161208 1.408333 -0.186647
v 0.189364 1.239407 -0.342532
v 0.384660 0.509144 -0.127678
v 0.328816 0.068639 -0.098413
v -0.263748 1.379795 0.072453
v -0.075973 1.304083 -0.348721
v -0.363385 0.865665 0.170265
v 0.274356 0.057350 0.194248
v 0.064982 1.275364 0.367032
v 0.249748 0.149329 0.310956
v 0.104316 1.219610 0.387969
v 0.018197 1.282329 -0.371667
v 0.301993 0.121810 -0.231964
v 0.229534 0.077464 -0.270281
v 0.311378 0.081346 -0.163711
v -0.228471 1.386893 0.131339
v 0.268302 0.210262 0.307529
v -0.187877 1.324304 0.265033
v -0.239330 1.380271 -0.146772
v -0.133914 1.316602 0.302082
v 0.320527 0.059214 0.099247
v 0.337018 0.535868 -0.222080
v 0.239783 0.145363 -0.312598
v -0.278286 1.364012 -0.105952
v 0.303143 0.734841 -0.262023
v 0.190274 0.107781 -0.326363
v -0.173485 1.263204 0.332344
v -0.273936 1.382744 -0.048055
v 0.231345 0.876028 -0.327155
v -0.169547 1.278932 -0.330190
v 0.311026 0.212991 -0.260455
v 0.167954 0.047179 -0.281394
v 0.268249 0.029218 0.128680
v -0.040411 1.258201 0.378022
v 0.188265 0.148901 0.354425
v 0.272169 0.802450 0.301327
v 0.121446 1.195837 -0.383116
v 0.110052 0.073265 -0.338534
v 0.273990 0.037458 -0.135596
v 0.176337 0.852322 0.370992
v 0.155935 0.855046 -0.372020
v 0.248465 0.056306 -0.221099
v -0.257001 1.288482 -0.257961
v -0.125628 1.241433 -0.371021
v -0.049608 1.242751 -0.390045
v 0.046575 1.210540 -0.399470
v 0.300666 0.441454 -0.267578
v 0.193220 0.052020 0.272918
v -0.246492 1.267122 0.283594
v 0.333363 0.057214 0.013065
v 0.108197 0.092250 0.354959
v 0.148942 0.061689 0.313563
v 0.026691 1.156149 0.408733
v 0.038814 1.245309 0.388184
v 0.242811 0.218601 -0.328823
v 0.290126 0.026692 0.003053
v -0.234618 0.145558 0.325054
v 0.230248 0.036793 0.211126
v 0.229529 0.462712 -0.333305
v 0.128718 0.130123 -0.370195
v -0.042439 1.175632 0.403885
v -0.341269 1.312019 -0.039997
v -0.047333 1.204438 -0.400787
v 0.183182 0.160743 -0.356326
v -0.130255 0.573050 -0.382051
v 0.089696 0.133357 0.385397
v 0.197682 0.208777 0.362769
v 0.126092 1.178546 0.390303
v -0.247583 0.708014 -0.311445
v -0.328998 1.312493 0.094012
v 0.177307 0.691575 -0.360236
v 0.010714 0.053844 -0.336818
v -0.290285 1.292826 0.213208
v -0.171432 1.240949 -0.350470
v -0.299105 1.256782 0.238164
v -0.345510 1.278492 -0.135121
v 0.074549 0.851600 -0.398060
v 0.093838 0.033262 -0.292999
v -0.251467 1.241075 -0.292843
v 0.243467 0.009878 -0.035895
v -0.014567 0.025052 0.299085
v -0.159118 1.175480 0.370145
v -0.220783 1.219176 0.329679
v 0.151997 0.598182 0.381776
v -0.355114 1.274022 0.102550
v 0.074676 0.016552 -0.264049
v 0.196766 0.015338 0.185883
v -0.077473 0.047371 -0.319825
v 0.221376 0.007023 0.082320
v 0.142866 0.022733 0.253697
v 0.025476 0.733766 -0.407107
v -0.279585 1.226808 0.279193
v -0.374077 1.261303 0.037787
v -0.313865 1.219495 -0.237031
v 0.172783 0.227699 -0.371809
v 0.100051 0.211568 -0.400080
v -0.057109 0.064084 0.344127
v 0.112023 0.211896 0.400296
v -0.248067 1.183933 -0.310865
v -0.065134 0.100846 -0.369064
v -0.261893 1.162369 0.312308
v -0.128455 1.175597 -0.381460
v 0.145001 0.002606 -0.149540
v -0.304401 1.185629 0.265148
v 0.104355 0.467041 -0.396863
v 0.042858 0.116581 -0.383251
v -0.017654 0.112174 0.383643
v 0.104963 0.000000 0.163791
v -0.126053 0.028716 0.276555
v -0.195270 0.778401 0.358562
v -0.340194 1.198205 0.208469
v -0.100868 0.776980 -0.392998
v -0.086689 0.009682 0.240803
v -0.131675 0.059094 0.316868
v -0.087009 0.122257 0.378308
v -0.014179 0.186076 0.411085
v -0.050896 0.861466 0.404791
v -0.147836 0.038351 -0.275742
v -0.158628 0.851730 0.375065
v -0.357440 1.242318 0.145461
v -0.394623 1.200949 0.035966
v 0.047450 0.199561 -0.410408
v -0.024184 0.164271 -0.402795
v -0.014103 0.007748 -0.236209
v 0.081956 0.649327 0.401517
v -0.355844 1.216691 -0.165675
v -0.393109 1.197161 -0.052510
v -0.164092 0.127861 0.355209
v -0.123928 0.142130 -0.374379
v -0.198266 0.025298 -0.205339
v -0.368542 1.180297 0.149397
v -0.232684 0.955095 -0.326901
v -0.142941 0.084462 -0.331731
v -0.051615 0.434651 0.406027
v -0.213039 0.017080 0.182779
v -0.318623 0.969159 -0.242937
v -0.185763 0.004102 0.134006
v -0.192459 0.040424 0.259512
v -0.360829 0.974885 -0.176843
v -0.022494 0.558071 -0.407552
v -0.206514 0.064785 -0.272211
v -0.206367 0.009947 -0.128819
v -0.102005 0.206881 0.397238
v -0.211471 0.096933 -0.301575
v -0.191891 0.083359 0.311068
v -0.258693 0.993500 0.314116
v -0.071252 0.217142 -0.405096
v -0.185383 0.191247 0.364730
v -0.267066 0.037409 -0.153519
v -0.253278 0.089426 0.271843
vn 0.9575 -0.1589 0.2406
vn 0.9588 -0.2838 0.0096
vn 0.9950 -0.0993 0.0070
vn 0.9430 -0.2920 -0.1597
vn 0.8347 -0.4443 0.3255
vn 0.8743 -0.2523 0.4146
vn 0.8536 -0.4790 -0.2048
vn 0.9203 -0.1496 -0.3615
vn 0.8508 -0.4970 0.1710
vn 0.0852 -0.9363 -0.3406
vn 0.1485 -0.9861 -0.0739
vn 0.0262 -0.9974 -0.0670
vn 0.0146 -0.9989 -0.0446
vn 0.0260 -0.9974 -0.0670
vn 0.0141 -0.9998 -0.0123
vn 0.1259 0.1070 -0.9863
vn 0.1231 0.1894 -0.9742
vn 0.1350 0.2326 -0.9632
vn 0.5008 0.5341 0.6811
vn 0.5157 0.5774 0.6330
vn 0.5424 0.5787 0.6091
vn 0.0947 0.6181 0.7804
vn 0.2217 0.6071 0.7631
vn 0.1871 0.5995 0.7782
vn 0.2829 0.6240 0.7284
vn 0.4940 0.6272 0.6021
vn 0.6587 0.4099 0.6310
vn 0.9590 0.2621 -0.1075
vn 0.5547 0.7677 0.3208
vn 0.9824 0.0234 -0.1851
vn 0.9761 0.0185 -0.2166
vn 0.9797 0.0316 -0.1980
vn 0.9918 0.0830 0.0970
vn 0.9788 0.0306 -0.2025
vn 0.9760 0.0137 -0.2171
vn 0.8267 0.0163 0.5624
vn 0.9887 0.0188 -0.1486
vn 0.9887 0.0159 -0.1490
vn 0.9962 0.0238 -0.0836
vn 0.9162 0.0562 -0.3967
vn 0.8693 0.0580 0.4909
vn 0.3038 0.1615 0.9389
vn 0.9964 0.0679 0.0503
vn 0.9982 0.0546 0.0246
vn 0.6167 0.0103 0.7871
vn 0.7064 0.0465 0.7063
vn 0.6980 0.0426 0.7148
vn 0.9766 0.0589 0.2068
vn 0.9679 0.0391 0.2485
vn 0.9803 0.1054 0.1672
vn 0.8466 0.5274 -0.0713
vn 0.7925 0.0071 0.6099
vn 0.7379 0.0215 0.6746
vn 0.7352 0.0222 0.6775
vn 0.9988 0.0419 0.0261
vn 0.9997 0.0163 -0.0171
vn 0.9993 0.0344 0.0112
vn 0.8044 0.4925 0.3323
vn 0.8419 0.4642 0.2752
vn 0.7979 0.4877 0.3544
vn 0.9990 0.0189 -0.0403
vn 0.9418 0.3196 0.1044
vn 0.5975 0.4814 0.6413
vn 0.7831 0.5912 -0.1930
vn 0.3491 0.0190 -0.9369
vn 0.3517 0.0187 -0.9359
vn 0.4791 0.0071 -0.8777
vn 0.8062 0.0009 0.5917
vn 0.6659 0.0153 0.7459
vn 0.6608 0.0158 0.7504
vn 0.9742 0.0388 0.2222
vn 0.9859 0.0174 0.1665
vn 0.7400 0.5033 0.4463
vn 0.9707 0.1396 0.1955
vn 0.9637 0.1271 0.2348
vn 0.9266 0.0542 0.3722
vn 0.8427 0.4552 0.2875
vn 0.7979 0.4876 0.3544
vn 0.7888 0.2121 -0.5769
vn 0.9780 0.0260 0.2072
vn 0.9756 0.0286 0.2175
vn 0.9953 -0.0012 0.0967
vn 0.8883 0.4590 0.0141
vn 0.8576 0.5139 0.0205
vn 0.8924 0.4511 0.0112
vn 0.5986 0.3429 0.7240
vn 0.4045 0.2573 -0.8776
vn 0.9997 0.0011 0.0230
vn 0.9759 0.0094 0.2181
vn 0.6466 0.1240 0.7527
vn 0.6139 0.1409 0.7767
vn 0.7484 0.0480 0.6615
vn 0.5903 0.6835 0.4294
vn 0.8883 0.4591 0.0141
vn 0.8642 0.5013 0.0420
vn 0.9691 0.0271 -0.2451
vn 0.9520 0.0075 -0.3059
vn 0.9661 0.0230 -0.2571
vn 0.8363 0.5483 -0.0002
vn 0.8777 0.4119 -0.2449
vn 0.8581 0.4697 -0.2074
vn 0.8659 0.4484 -0.2215
vn 0.4802 0.0440 -0.8760
vn 0.3601 0.0367 -0.9322
vn 0.3264 0.0287 -0.9448
vn 0.9348 0.3552 -0.0025
vn 0.7136 0.4979 -0.4929
vn 0.9993 0.0049 -0.0363
vn 0.9856 -0.0547 -0.1602
vn 0.3477 0.9350 0.0696
vn 0.9090 0.3191 -0.2681
vn 0.8492 0.2257 -0.4774
vn 0.8369 0.1871 -0.5144
vn 0.8096 0.3105 -0.4981
vn 0.5134 0.0158 -0.8580
vn 0.8430 0.0767 -0.5324
vn 0.8474 0.0735 -0.5259
vn 0.6636 0.0110 0.7480
vn 0.6167 0.0102 0.7871
vn 0.7276 0.0889 0.6802
vn 0.7594 0.0627 0.6476
vn 0.7627 0.0577 0.6442
vn 0.6591 0.2988 0.6902
vn 0.6438 0.5971 -0.4784
vn 0.5050 -0.0192 -0.8629
vn 0.5467 0.0098 -0.8373
vn 0.5743 0.0285 -0.8182
vn 0.8233 0.5671 -0.0231
vn 0.9548 0.0144 -0.2970
vn 0.9852 0.0045 -0.1715
vn 0.6650 0.0111 0.7468
vn 0.7834 0.0339 0.6206
vn 0.8817 0.3979 -0.2535
vn 0.3236 0.0209 0.9460
vn 0.5105 0.0226 0.8596
vn 0.4973 0.0155 0.8674
vn 0.6017 0.6127 0.5123
vn 0.0663 0.9966 0.0483
vn 0.0713 0.9968 0.0355
vn 0.0866 0.9958 0.0286
vn 0.0887 0.9960 0.0052
vn 0.6491 0.0303 -0.7601
vn 0.9910 0.0547 -0.1221
vn 0.7974 0.0746 -0.5988
vn 0.8129 0.0844 -0.5762
vn 0.7272 0.0415 -0.6851
vn 0.9265 0.0542 0.3723
vn 0.9637 0.1271 0.2349
vn 0.9262 0.0198 0.3764
vn 0.5322 0.0345 0.8459
vn 0.6552 0.0152 0.7553
vn 0.1998 0.7401 0.6421
vn 0.1998 0.7402 0.6421
vn 0.2216 0.6072 0.7630
vn 0.1862 0.7639 0.6179
vn 0.0406 0.9985 0.0373
vn 0.4652 0.8852 0.0012
vn 0.5045 0.7227 -0.4724
vn 0.5075 0.7615 -0.4032
vn 0.5018 0.7059 -0.5000
vn 0.9961 -0.0034 0.0878
vn 0.7957 0.0062 0.6057
vn 0.8160 -0.0003 0.5780
vn 0.9715 0.0156 0.2364
vn 0.9531 0.0363 0.3005
vn -0.1565 0.4175 0.8951
vn 0.0689 0.9971 0.0312
vn 0.0663 0.9966 0.0482
vn 0.0407 0.9985 0.0373
vn 0.0571 0.9968 -0.0553
vn 0.1058 0.9906 0.0864
vn 0.1616 0.9838 0.0772
vn 0.1871 0.9496 0.2516
vn 0.1802 0.9530 0.2437
vn 0.0371 0.9750 -0.2191
vn 0.4219 0.9066 -0.0129
vn 0.1694 0.9808 -0.0964
vn -0.0282 0.9971 -0.0710
vn -0.0823 0.9885 -0.1267
vn 0.0353 0.9928 -0.1142
vn -0.0099 0.8553 -0.5180
vn -0.0579 0.8376 -0.5431
vn -0.0043 0.8559 -0.5170
vn -0.0043 0.8560 -0.5170
vn -0.0580 0.8376 -0.5431
vn -0.0830 0.8294 -0.5524
vn -0.1775 0.7952 -0.5798
vn -0.1895 0.7840 -0.5912
vn 0.0341 0.9983 0.0473
vn 0.0958 0.9947 0.0379
vn 0.0030 0.9992 0.0406
vn -0.0146 0.9997 0.0180
vn 0.0493 -0.9142 -0.4022
vn -0.0000 0.9650 -0.2624
vn -0.0000 -1.0000 -0.0000
vn -0.0043 -0.0000 -1.0000
vn -0.0758 -0.0000 0.9971
vn 1.0000 -0.0000 -0.0000
vn -0.1786 0.8166 -0.5489
vn 0.0470 0.9987 0.0181
vn 0.1802 0.9530 0.2436
vn -0.2202 0.9754 -0.0053
vn 0.0941 0.9956 0.0018
vn 0.0941 0.9956 0.0019
vn -0.0014 0.9998 0.0209
vn 0.0168 0.9733 0.2288
vn -0.0000 0.9967 0.0809
vn -0.0000 0.9970 0.0773
vn 0.0957 0.9947 0.0380
vn -0.0009 0.9998 0.0204
vn 0.0394 0.9834 -0.1771
vn -0.0516 0.9902 -0.1298
vn 0.3106 0.8909 0.3314
vn -0.1049 0.9924 -0.0650
vn -0.0608 0.9979 -0.0220
vn 0.0066 1.0000 -0.0000
vn 0.0144 0.9903 -0.1380
vn 0.0197 0.9931 -0.1159
vn -0.0370 0.9993 -0.0113
vn -0.0612 0.9894 0.1316
vn -0.2747 0.5634 0.7792
vn -0.2153 0.9480 0.2345
vn -0.3435 0.9325 0.1113
vn -0.3275 0.9394 0.1015
vn 0.5580 0.4076 0.7229
vn 0.0338 0.9644 0.2624
vn -0.4433 0.8944 0.0597
vn -0.2602 0.9644 0.0482
vn -0.2156 0.9760 -0.0299
vn -0.2596 0.9645 0.0482
vn -0.1954 0.9807 -0.0000
vn -0.2151 0.9761 -0.0299
vn 0.0189 0.9930 -0.1162
vn 0.0137 0.9903 -0.1381
vn -0.2161 0.9759 -0.0299
vn 0.0028 0.9885 -0.1514
vn -0.4352 0.8958 0.0906
vn -0.4234 0.9005 0.0987
vn -0.3276 0.9394 0.1015
vn -0.0343 0.9994 0.0107
vn 0.2938 0.9537 -0.0640
vn 0.2964 0.9541 0.0429
vn 0.2995 0.9524 -0.0561
vn -0.0303 0.8987 0.4374
vn -0.0593 0.8563 0.5130
vn -0.0346 0.8929 0.4489
vn 0.0036 0.9997 -0.0247
vn 0.5824 0.8045 0.1165
vn -0.0374 0.9988 0.0308
vn 0.2556 0.9594 -0.1190
vn 0.2185 0.6334 0.7423
vn -0.0773 0.8260 0.5583
vn -0.0210 0.9997 -0.0138
vn -0.0146 0.9997 0.0179
vn -0.9020 -0.3164 0.2937
vn -0.0039 0.9973 -0.0737
vn 0.3679 0.9126 -0.1784
vn -0.0651 0.9975 -0.0275
vn 0.0978 0.9912 0.0894
vn 0.4025 0.8937 -0.1980
vn 0.3679 0.9126 -0.1785
vn -0.0172 0.9998 -0.0070
vn -0.0036 0.9961 -0.0878
vn 0.0037 0.9995 -0.0329
vn 0.7198 0.6379 -0.2738
vn 0.1449 0.9208 -0.3621
vn 0.8903 0.1684 0.4231
vn 0.8342 0.1692 0.5249
vn 0.8862 0.1341 0.4434
vn 0.5357 0.1462 0.8317
vn 0.7829 0.0880 0.6159
vn 0.2245 0.9421 0.2491
vn 0.1187 0.9919 0.0445
vn 0.2656 0.0913 0.9597
vn 0.5356 0.1462 0.8317
vn 0.0822 0.1243 0.9888
vn -0.0016 0.9953 -0.0971
vn 0.4680 0.7531 -0.4624
vn -0.4172 0.8359 0.3566
vn -0.5797 0.1806 0.7946
vn -0.6150 0.1395 0.7761
vn -0.6010 0.2483 0.7597
vn -0.0002 1.0000 -0.0003
vn 0.4066 0.9115 -0.0628
vn 0.1754 0.7744 -0.6079
vn 0.9909 0.1271 -0.0435
vn 0.9846 0.1748 0.0099
vn 0.9958 0.0901 -0.0162
vn -0.5702 0.1839 0.8007
vn -0.2190 0.7383 -0.6379
vn -0.1731 0.6342 -0.7535
vn -0.2114 0.7216 -0.6593
vn -0.8979 0.2475 0.3642
vn -0.8382 0.4782 0.2621
vn -0.9488 0.2474 0.1963
vn -0.5765 0.5157 -0.6338
vn -0.5455 0.5081 -0.6665
vn -0.4975 0.4499 -0.7417
vn 0.9925 0.1039 -0.0648
vn 0.8516 0.0334 0.5232
vn 0.5028 0.0837 0.8603
vn -0.3636 0.9316 -0.0001
vn -0.7647 0.6212 -0.1713
vn -0.5031 0.7401 -0.4463
vn -0.5259 0.7085 -0.4706
vn 0.0821 0.1243 0.9888
vn -0.1535 0.1197 0.9809
vn -0.1039 0.0956 0.9900
vn -0.1593 0.6018 -0.7826
vn 0.8516 0.0333 0.5232
vn 0.7978 -0.0442 0.6013
vn 0.8623 0.0790 -0.5002
vn 0.8876 0.1664 -0.4295
vn 0.8468 0.0896 -0.5243
vn -0.5554 0.1360 0.8204
vn 0.6627 0.5913 0.4596
vn 0.2656 0.0913 0.9598
vn 0.3323 0.1213 -0.9353
vn 0.3270 0.1188 -0.9375
vn 0.3472 0.1284 -0.9290
vn 0.9988 0.0480 -0.0020
vn 0.6934 0.0898 -0.7149
vn 0.6796 0.0979 -0.7270
vn 0.6839 0.0954 -0.7233
vn 0.9988 0.0480 -0.0019
vn 0.9984 0.0018 0.0557
vn -0.2816 0.0937 0.9550
vn -0.8979 0.2474 0.3642
vn -0.9488 0.2473 0.1963
vn -0.9497 0.1657 0.2657
vn 0.2871 0.7260 0.6249
vn -0.5596 0.1331 0.8180
vn -0.8738 0.1378 0.4664
vn -0.9415 0.2652 -0.2080
vn -0.9413 0.2399 -0.2374
vn -0.9788 0.1743 -0.1072
vn 0.6981 0.0870 -0.7107
vn 0.6128 0.0363 0.7894
vn 0.0856 0.6126 0.7857
vn 0.0857 0.6120 0.7862
vn 0.0871 0.6063 0.7904
vn 0.0857 0.6121 0.7861
vn 0.0873 0.6054 0.7911
vn 0.0871 0.6063 0.7905
vn 0.6641 0.7470 0.0308
vn 0.8130 -0.3884 0.4338
vn 0.4897 -0.8260 0.2791
vn 0.4939 -0.8231 0.2804
vn 0.2710 -0.9262 0.2620
vn -0.9788 0.1743 -0.1071
vn -0.8939 0.1488 -0.4228
vn -0.8938 0.1488 -0.4230
vn -0.8021 0.1872 -0.5670
vn -0.6797 0.1562 -0.7167
vn 0.3543 0.1317 -0.9258
vn -0.2088 0.6599 0.7218
vn -0.2099 0.6579 0.7233
vn -0.2028 0.6704 0.7138
vn 0.8946 0.1273 -0.4282
vn 0.8876 0.1665 -0.4295
vn 0.3687 -0.8955 0.2495
vn -0.2018 0.6722 0.7123
vn -0.8749 0.0730 0.4787
vn -0.8370 0.1047 0.5371
vn -0.6330 0.1685 -0.7556
vn -0.5169 0.1294 -0.8462
vn 0.2606 -0.8970 0.3569
vn 0.1793 -0.9300 0.3208
vn -0.0363 0.1019 -0.9941
vn -0.1035 0.1103 -0.9885
vn 0.0792 0.0918 -0.9926
vn -0.4866 0.6937 0.5310
vn 0.9633 -0.2437 -0.1129
vn 0.3085 -0.9509 0.0248
vn -0.7544 0.1861 -0.6295
vn -0.1406 0.1127 -0.9836
vn 0.1595 -0.9378 0.3083
vn 0.0269 -0.8061 0.5912
vn 0.8677 0.2710 -0.4166
vn 0.6246 -0.7794 -0.0493
vn 0.4345 0.8812 0.1862
vn 0.3098 0.9004 0.3055
vn -0.0701 -0.9186 0.3889
vn -0.1686 -0.8779 0.4482
vn -0.0568 -0.9272 0.3701
vn 0.8313 0.3713 -0.4135
vn 0.7817 0.6235 0.0157
vn 0.6090 0.6525 0.4509
vn -0.0701 -0.9186 0.3890
vn -0.2334 -0.9085 0.3467
vn -0.1687 -0.8778 0.4483
vn -0.9880 0.0995 0.1180
vn 0.5268 0.5850 -0.6166
vn 0.3613 0.7776 -0.5146
vn 0.2754 0.7633 0.5844
vn 0.2547 0.8181 0.5155
vn 0.2698 0.7795 0.5654
vn -0.0186 0.8282 0.5601
vn -0.0180 0.8299 0.5576
vn -0.0236 0.8126 0.5824
vn -0.2334 -0.9085 0.3466
vn -0.2526 -0.9220 0.2936
vn -0.1687 -0.8779 0.4482
vn -0.9737 0.0858 -0.2108
vn -0.4721 0.1101 -0.8746
vn 0.2599 0.5061 -0.8224
vn 0.1982 -0.9588 -0.2034
vn 0.2717 -0.9511 -0.1468
vn 0.2260 -0.9551 -0.1915
vn 0.3498 0.9360 0.0378
vn 0.2530 0.8221 0.5100
vn -0.1523 0.1094 -0.9823
vn 0.2703 -0.9517 -0.1455
vn 0.7793 0.1496 0.6085
vn 0.8107 -0.0520 0.5832
vn 0.8057 0.0016 0.5924
vn -0.0237 0.8125 0.5824
vn -0.0241 0.8113 0.5841
vn -0.3814 -0.7225 0.5766
vn 0.9191 -0.2737 0.2834
vn 0.8056 0.0016 0.5924
vn 0.7743 0.1694 0.6097
vn 0.7793 0.1496 0.6086
vn 0.4289 0.2818 0.8583
vn 0.8861 0.4500 0.1108
vn 0.5562 -0.0631 0.8286
vn -0.3426 -0.8932 0.2911
vn -0.3507 -0.8897 0.2925
vn -0.3844 -0.8762 0.2906
vn -0.8513 0.0197 0.5244
vn 0.3392 -0.9112 0.2338
vn 0.1884 -0.9474 0.2586
vn 0.3130 -0.9114 0.2673
vn -0.0506 0.3514 0.9349
vn -0.9737 0.0858 -0.2110
vn -0.4046 0.4630 -0.7886
vn 0.1414 -0.9664 -0.2148
vn 0.3134 0.8694 -0.3821
vn 0.3311 0.9170 -0.2225
vn 0.3271 0.9012 -0.2844
vn 0.6345 0.7107 -0.3036
vn 0.4280 -0.9036 -0.0169
vn 0.4041 -0.9137 0.0437
vn 0.3655 -0.9245 0.1084
vn 0.3352 -0.9143 0.2275
vn 0.3391 -0.9112 0.2338
vn -0.3565 0.7719 0.5263
vn -0.4534 0.6516 0.6082
vn -0.3716 0.7556 0.5395
vn -0.6757 0.2665 -0.6874
vn 0.1353 -0.9713 -0.1955
vn 0.7037 -0.6982 0.1313
vn 0.0745 -0.2325 0.9697
vn -0.4535 0.6515 0.6082
vn -0.4603 0.6415 0.6137
vn -0.3845 -0.8762 0.2906
vn -0.3525 -0.9041 0.2415
vn -0.7254 0.6722 0.1482
vn -0.2375 -0.4104 -0.8804
vn -0.6949 0.6759 -0.2454
vn -0.6784 0.2212 -0.7006
vn -0.3520 0.8938 0.2780
vn 0.0881 -0.8751 -0.4759
vn 0.1311 -0.8642 -0.4858
vn 0.0959 -0.8835 -0.4585
vn 0.0609 -0.9550 0.2902
vn -0.5808 0.2718 0.7674
vn 0.1342 -0.9411 0.3104
vn -0.4953 -0.2472 0.8328
vn 0.2416 0.8912 -0.3840
vn 0.3134 0.8693 -0.3821
vn 0.2470 0.8873 -0.3894
vn 0.8709 0.2776 -0.4055
vn 0.8913 -0.3972 -0.2187
vn -0.3448 -0.9096 0.2319
vn -0.6606 -0.7452 0.0903
vn -0.5675 -0.8232 0.0165
vn -0.4901 -0.8716 -0.0080
vn -0.3975 -0.8917 -0.2166
vn -0.3889 -0.8667 -0.3124
vn -0.3938 -0.8805 -0.2639
vn -0.1007 -0.9775 -0.1855
vn -0.0169 -0.9514 -0.3074
vn -0.0845 -0.9330 -0.3498
vn 0.2471 0.8873 -0.3894
vn 0.7876 -0.1974 -0.5837
vn -0.6903 -0.7147 0.1128
vn -0.5676 -0.8232 0.0166
vn -0.6607 -0.7452 0.0903
vn -0.4847 -0.8746 -0.0089
vn -0.0937 -0.9796 -0.1780
vn -0.1093 -0.9813 -0.1582
vn 0.5806 -0.8029 -0.1349
vn 0.5729 -0.8090 -0.1316
vn 0.4281 -0.9036 -0.0169
vn -0.0751 -0.9749 0.2095
vn -0.0108 -0.9650 0.2619
vn -0.0735 -0.9783 0.1935
vn -0.4001 -0.9004 -0.1709
vn -0.3938 -0.8805 -0.2638
vn 0.0557 0.9974 0.0464
vn -0.6008 0.7372 0.3093
vn -0.5182 0.8514 0.0811
vn -0.5242 0.8441 0.1126
vn -0.6275 -0.7525 -0.2001
vn 0.5135 0.4425 -0.7352
vn 0.5116 0.7803 -0.3598
vn 0.9962 0.0217 0.0838
vn 0.9983 0.0350 0.0460
vn 0.9981 0.0340 0.0518
vn 0.4833 0.0067 -0.8754
vn 0.8362 -0.0087 -0.5483
vn 0.9889 -0.0035 0.1486
vn 0.7463 0.0040 0.6656
vn 0.5423 0.5787 0.6091
vn 0.5165 0.5179 0.6819
vn -0.6008 0.7371 0.3093
vn -0.6089 0.7269 0.3174
vn 0.0878 0.9961 -0.0111
vn 0.4622 0.7675 -0.4443
vn 0.9976 0.0070 0.0688
vn 0.5937 0.0082 -0.8047
vn 0.5941 0.0082 -0.8043
vn 0.6131 0.0060 -0.7900
vn 0.9958 -0.0913 -0.0103
vn 0.9969 -0.0787 -0.0074
vn 0.9744 0.0149 0.2243
vn 0.5357 0.0175 0.8442
vn 0.9752 0.0214 0.2202
vn 0.9767 0.0319 0.2122
vn 0.9763 0.0256 0.2151
vn 0.8530 0.0720 0.5170
vn -0.3929 0.9091 -0.1385
vn -0.4044 0.9071 -0.1168
vn -0.2840 0.7773 -0.5613
vn -0.2774 0.7847 -0.5543
vn -0.1354 0.8318 -0.5384
vn -0.0770 0.8240 -0.5614
vn 0.0139 0.7602 -0.6495
vn 0.0143 0.7581 -0.6520
vn 0.3540 -0.8926 -0.2791
vn 0.3563 -0.9083 -0.2190
vn 0.3471 -0.9155 -0.2032
vn 0.9485 0.2201 -0.2281
vn 0.5943 0.0081 -0.8042
vn 0.6157 0.0057 -0.7880
vn -0.1245 0.0127 0.9921
vn -0.0078 0.0344 0.9994
vn -0.0228 0.0318 0.9992
vn -0.0482 0.8658 0.4980
vn -0.0108 0.7840 0.6207
vn -0.1273 0.8197 0.5584
vn -0.1773 -0.9666 0.1850
vn -0.1467 -0.9722 0.1825
vn -0.8720 -0.0240 0.4890
vn -0.8679 -0.1884 0.4596
vn -0.8730 -0.0540 0.4846
vn -0.2647 0.9402 -0.2145
vn -0.1858 0.9542 -0.2343
vn -0.2242 0.9476 -0.2275
vn 0.4184 -0.2477 -0.8738
vn 0.2159 -0.9364 -0.2766
vn 0.4560 0.7760 -0.4357
vn 0.4621 0.7675 -0.4443
vn 0.2176 0.8786 -0.4251
vn 0.1881 0.8944 -0.4057
vn 0.2041 0.8861 -0.4162
vn 0.7974 0.0746 -0.5989
vn 0.7272 0.0415 -0.6852
vn 0.6710 0.0782 -0.7373
vn 0.9977 0.0017 0.0671
vn 0.9977 0.0017 0.0680
vn 0.9436 0.0251 0.3301
vn -0.0070 0.7535 0.6575
vn -0.0108 0.7839 0.6207
vn 0.1848 0.8961 -0.4035
vn 0.3026 0.3086 -0.9018
vn 0.2952 0.2992 -0.9074
vn 0.3482 0.3667 -0.8627
vn 0.9976 -0.0181 0.0673
vn 0.9994 -0.0015 0.0343
vn -0.4392 0.5353 0.7215
vn -0.3431 0.5847 0.7351
vn -0.3025 0.6096 0.7327
vn -0.4555 0.5345 0.7120
vn 0.0191 0.9978 0.0629
vn 0.0679 0.8902 -0.4504
vn 0.1964 0.9125 -0.3588
vn 0.1276 0.9032 -0.4097
vn 0.9918 0.0319 -0.1235
vn 0.3980 0.0135 0.9173
vn 0.8898 0.1969 0.4118
vn 0.8811 0.1136 0.4592
vn 0.8717 0.0717 0.4848
vn 0.1541 0.5172 0.8419
vn -0.0408 0.4423 0.8959
vn -0.4043 0.9071 -0.1169
vn 0.1694 -0.9246 -0.3412
vn 0.8106 0.0259 -0.5850
vn 0.8369 0.1870 -0.5144
vn 0.8430 0.0766 -0.5324
vn 0.9734 0.0411 -0.2256
vn 0.7364 -0.0083 0.6765
vn -0.5538 0.4570 0.6960
vn 0.0066 0.9983 0.0575
vn -0.0031 0.9990 -0.0439
vn -0.0174 0.9991 0.0399
vn -0.3115 -0.9438 0.1107
vn -0.9960 0.0868 -0.0195
vn -0.9912 0.1317 -0.0120
vn -0.9957 0.0912 -0.0188
vn -0.9902 0.1393 -0.0107
vn -0.4297 0.3747 -0.8215
vn 0.0091 0.0865 -0.9962
vn 0.0073 0.0977 -0.9952
vn 0.0270 -0.0284 -0.9992
vn 0.0304 -0.0509 -0.9982
vn 0.1521 0.9871 -0.0503
vn 0.0636 0.9976 -0.0271
vn 0.4213 0.0048 -0.9069
vn 0.9797 0.0523 -0.1935
vn 0.9126 0.0070 0.4089
vn 0.9415 0.0256 0.3360
vn 0.8634 0.0296 0.5036
vn 0.8161 0.0407 0.5764
vn 0.8569 0.0321 0.5145
vn -0.5777 0.3972 0.7131
vn -0.6398 0.3179 0.6998
vn -0.1622 0.8169 0.5535
vn -0.1594 0.8137 0.5591
vn -0.0027 0.9984 0.0557
vn -0.8664 -0.2027 0.4564
vn 0.0910 -0.9368 -0.3377
vn 0.0836 0.9948 -0.0580
vn 0.1016 0.9947 0.0149
vn 0.9083 0.0149 -0.4181
vn 0.9108 0.0078 0.4128
vn 0.7883 -0.1601 0.5941
vn 0.0261 0.0333 0.9991
vn 0.2507 0.6278 0.7369
vn -0.5123 0.4965 0.7007
vn -0.5265 0.5974 0.6048
vn -0.5185 0.5337 0.6681
vn -0.0336 0.9985 0.0441
vn -0.6160 -0.2350 -0.7519
vn -0.1780 0.2791 -0.9436
vn 0.9905 -0.1248 0.0580
vn 0.6684 0.0182 0.7436
vn -0.1149 0.0073 0.9933
vn 0.2865 0.1091 0.9518
vn 0.2176 0.2508 0.9433
vn 0.2671 0.1224 0.9559
vn -0.3392 0.0881 0.9366
vn -0.3683 0.1096 0.9232
vn -0.2809 0.0450 0.9587
vn -0.6968 0.3942 0.5992
vn 0.0685 0.1450 0.9871
vn 0.0646 0.2542 0.9650
vn 0.0702 0.1159 0.9908
vn -0.4992 0.4326 0.7508
vn -0.3293 -0.9413 0.0743
vn -0.3178 -0.1695 -0.9329
vn 0.0177 -0.8779 -0.4785
vn 0.0627 0.9965 -0.0553
vn 0.2951 0.2992 -0.9074
vn 0.2414 0.2316 -0.9424
vn 0.5753 0.0733 -0.8146
vn 0.6028 0.1098 -0.7903
vn 0.5585 0.0523 -0.8279
vn 0.8383 -0.0126 -0.5451
vn 0.9804 -0.1713 -0.0970
vn 0.8249 -0.5474 0.1414
vn 0.9360 -0.3328 0.1145
vn 0.9897 -0.0121 -0.1427
vn 0.3182 0.0112 0.9480
vn 0.3141 0.0117 0.9493
vn 0.3128 0.0124 0.9497
vn -0.9307 -0.0391 -0.3636
vn -0.8344 0.3404 -0.4334
vn -0.0162 0.9986 0.0498
vn 0.0158 0.9985 -0.0523
vn 0.4683 0.0377 -0.8828
vn -0.0988 0.0321 -0.9946
vn 0.8500 0.0200 -0.5265
vn 0.8840 0.0623 -0.4633
vn 0.8916 0.0726 -0.4470
vn 0.5288 -0.0038 -0.8487
vn 0.5662 0.0247 0.8239
vn 0.5651 0.0343 0.8243
vn 0.5648 0.0343 0.8245
vn -0.2592 -0.7617 0.5938
vn 0.8946 0.0107 -0.4467
vn 0.7753 -0.0042 -0.6316
vn 0.8839 0.0091 -0.4675
vn 0.4192 0.0046 -0.9079
vn 0.8645 -0.4023 -0.3012
vn 0.7044 -0.1955 0.6824
vn 0.8810 0.1136 0.4592
vn 0.7608 0.0119 0.6489
vn 0.3731 0.2772 0.8854
vn -0.6885 0.3646 0.6270
vn 0.0016 -0.8549 -0.5187
vn -0.1033 0.0154 -0.9945
vn 0.6914 0.0080 -0.7224
vn 0.8873 -0.0377 -0.4597
vn 0.8884 -0.4531 -0.0734
vn 0.9664 0.0264 0.2555
vn 0.9876 -0.0450 0.1505
vn 0.9557 0.0485 0.2903
vn 0.0922 0.1014 0.9906
vn -0.0945 -0.9704 -0.2224
vn -0.1052 -0.9691 -0.2232
vn -0.0887 -0.9685 -0.2326
vn 0.0340 0.9979 -0.0555
vn 0.9969 -0.0787 -0.0073
vn 0.5728 0.0227 0.8194
vn 0.5601 0.0183 0.8282
vn 0.6657 0.0338 0.7454
vn 0.4652 0.0172 0.8851
vn 0.3436 -0.0339 0.9385
vn -0.0006 0.0660 0.9978
vn 0.0316 0.1095 0.9935
vn 0.0037 0.0734 0.9973
vn -0.1410 0.3378 0.9306
vn -0.7577 0.0604 0.6498
vn -0.6390 0.0390 0.7683
vn -0.7513 0.0592 0.6573
vn -0.8283 0.1611 0.5367
vn 0.0274 0.2933 0.9556
vn -0.0477 0.9973 0.0554
vn -0.1987 -0.9498 -0.2417
vn -0.2616 -0.9512 -0.1634
vn -0.1300 -0.9591 -0.2513
vn -0.6157 0.0214 -0.7877
vn 0.8881 0.0187 -0.4593
vn 0.8425 0.0275 -0.5380
vn 0.8441 0.0272 -0.5354
vn 0.4405 0.0538 -0.8961
vn 0.4706 0.0715 -0.8795
vn 0.3569 0.0104 -0.9341
vn 0.7537 0.2709 -0.5988
vn 0.7625 -0.2603 0.5924
vn 0.7954 -0.2926 0.5308
vn 0.7883 -0.1603 0.5941
vn 0.4034 0.0001 0.9150
vn 0.3937 0.0015 0.9192
vn -0.1685 -0.0009 0.9857
vn 0.9147 0.0269 0.4033
vn -0.0277 0.9996 0.0045
vn 0.0350 0.9858 -0.1643
vn -0.6240 0.6079 0.4910
vn -0.3171 -0.9479 -0.0307
vn -0.3213 -0.9447 -0.0650
vn -0.0819 -0.9585 -0.2732
vn -0.0819 -0.9584 -0.2733
vn -0.0033 0.9984 -0.0570
vn -0.2575 0.7453 -0.6150
vn -0.0775 0.1333 -0.9880
vn -0.1031 0.2123 -0.9718
vn -0.0967 0.1234 -0.9876
vn -0.7029 0.3609 -0.6130
vn -0.1368 0.1821 -0.9737
vn -0.1341 0.5325 -0.8357
vn -0.1365 0.5392 -0.8310
vn -0.0387 0.4320 -0.9011
vn -0.4374 0.3951 -0.8078
vn 0.0160 0.8671 -0.4980
vn 0.8873 -0.0377 -0.4596
vn 0.9381 0.0029 -0.3463
vn 0.9168 -0.0380 -0.3976
vn 0.8824 -0.3370 0.3283
vn 0.7103 0.0070 0.7039
vn -0.6342 0.0381 0.7722
vn -0.2912 0.0434 0.9557
vn -0.2720 0.0354 0.9616
vn -0.2955 0.0395 0.9545
vn -0.2649 0.0322 0.9637
vn -0.7920 0.0317 0.6097
vn -0.6912 0.0277 0.7221
vn -0.6893 0.0275 0.7239
vn -0.2498 0.0433 0.9673
vn -0.0184 -0.0030 0.9998
vn -0.2340 0.0401 0.9714
vn -0.5383 0.6969 0.4739
vn -0.5367 0.7041 0.4650
vn -0.5405 0.6860 0.4871
vn -0.5383 0.6969 0.4738
vn -0.5346 0.7133 0.4532
vn -0.2621 -0.9550 -0.1386
vn -0.3294 0.0593 -0.9423
vn -0.6472 0.3397 -0.6824
vn -0.6421 0.3351 -0.6895
vn -0.6336 0.3275 -0.7009
vn -0.6265 0.3212 -0.7102
vn 0.1020 0.0139 -0.9947
vn 0.1810 0.0158 -0.9834
vn 0.0831 -0.0015 -0.9965
vn 0.3314 0.0046 -0.9435
vn 0.5329 0.0270 -0.8458
vn 0.0122 0.0038 -0.9999
vn 0.9519 -0.2228 -0.2105
vn 0.9719 -0.1855 -0.1447
vn 0.9804 -0.1714 -0.0970
vn 0.9958 -0.0914 -0.0103
vn 0.3126 0.0125 0.9498
vn 0.1173 0.0199 0.9929
vn 0.4373 0.0248 0.8990
vn 0.4276 0.0236 0.9037
vn 0.2540 0.0122 0.9671
vn 0.2561 0.0124 0.9666
vn 0.3082 0.0164 0.9512
vn -0.0581 0.9976 0.0379
vn -0.0370 0.9992 0.0170
vn -0.0621 0.9978 0.0217
vn -0.0934 0.4779 -0.8735
vn 0.7648 -0.0053 -0.6442
vn 0.7010 0.0060 0.7132
vn -0.3062 0.0142 0.9519
vn -0.3033 0.0384 0.9521
vn -0.3728 0.0298 0.9274
vn -0.3693 0.0303 0.9288
vn -0.9997 0.0198 0.0134
vn -0.9951 0.0401 -0.0908
vn -0.9944 0.0414 -0.0974
vn -0.0267 0.9983 -0.0527
vn 0.1129 0.0632 -0.9916
vn 0.1105 0.0637 -0.9918
vn 0.0857 0.0536 -0.9949
vn 0.7198 -0.0221 -0.6939
vn 0.7660 0.0353 -0.6418
vn 0.7521 0.0434 -0.6576
vn 0.0390 0.0494 0.9980
vn 0.0341 0.0510 0.9981
vn 0.0636 0.0411 0.9971
vn -0.3002 0.0388 0.9531
vn -0.3692 0.0303 0.9288
vn -0.7486 0.3887 0.5371
vn -0.0020 0.9255 -0.3788
vn -0.0004 0.9217 -0.3880
vn 0.8198 -0.0306 -0.5718
vn 0.0475 -0.9989 -0.0058
vn 0.0464 -0.9989 0.0020
vn 0.0739 -0.9971 0.0173
vn 0.8999 0.1834 0.3957
vn -0.0662 0.9970 0.0388
vn 0.8680 0.0054 -0.4966
vn 0.8668 0.0057 -0.4986
vn 0.8499 0.0200 -0.5265
vn 0.8848 0.1546 0.4395
vn 0.7043 -0.1956 0.6824
vn 0.6392 0.0318 0.7684
vn -0.1714 -0.0013 0.9852
vn -0.1150 0.0073 0.9933
vn 0.0036 0.0734 0.9973
vn -0.0120 0.9983 -0.0565
vn -0.1311 0.9643 -0.2301
vn -0.7959 0.0202 -0.6051
vn -0.7921 0.0195 -0.6101
vn -0.7046 0.0049 -0.7096
vn 0.0494 -0.9988 -0.0029
vn 0.7047 0.0078 0.7094
vn 0.7079 0.0065 0.7063
vn 0.6698 0.0212 0.7422
vn -0.3074 0.6147 0.7264
vn 0.3103 0.0165 0.9505
vn -0.6374 0.0263 0.7701
vn -0.5858 0.0513 0.8088
vn -0.5977 0.0459 0.8004
vn -0.2319 0.3762 -0.8970
vn 0.8892 0.0739 -0.4516
vn 0.7685 0.0480 -0.6380
vn 0.8857 0.0733 -0.4585
vn 0.5147 0.0218 -0.8571
vn 0.2474 -0.0251 0.9686
vn -0.3088 0.0139 0.9510
vn 0.0060 -0.0315 0.9995
vn -0.8099 0.5787 0.0958
vn -0.8140 0.5723 0.0990
vn -0.8085 0.5808 0.0947
vn -0.3680 0.2189 0.9037
vn -0.8155 0.5700 0.1002
vn -0.3988 0.6793 -0.6160
vn -0.3941 0.6473 -0.6524
vn -0.3958 0.6580 -0.6406
vn 0.0605 0.0335 -0.9976
vn -0.0915 0.0361 -0.9952
vn -0.0498 0.0125 -0.9987
vn 0.6690 -0.5108 -0.5399
vn 0.6791 -0.4789 -0.5563
vn 0.6801 -0.4758 -0.5578
vn 0.7938 0.0434 0.6066
vn 0.5614 -0.7007 0.4402
vn -0.6438 0.0393 0.7642
vn -0.5581 0.0205 0.8295
vn -0.9675 0.2329 -0.0988
vn -0.0372 0.9977 -0.0564
vn -0.3841 0.5897 -0.7105
vn -0.0916 0.0358 -0.9952
vn -0.1381 0.0331 -0.9899
vn -0.0499 0.0124 -0.9987
vn 0.6657 -0.5205 -0.5347
vn 0.0457 -0.9989 -0.0098
vn 0.0400 -0.9991 0.0138
vn 0.8197 -0.5416 0.1867
vn 0.6465 -0.3011 0.7010
vn 0.6351 -0.1845 0.7500
vn 0.4080 -0.0593 0.9111
vn -0.6641 0.0403 0.7466
vn 0.1140 0.0161 0.9933
vn -0.7488 0.6263 0.2171
vn -0.1872 0.9800 -0.0679
vn 0.8203 0.0167 -0.5717
vn 0.5714 -0.4122 -0.7096
vn 0.7558 -0.0100 -0.6547
vn 0.9183 -0.3958 0.0130
vn 0.8960 -0.4247 0.1294
vn 0.9226 -0.3857 0.0028
vn 0.4275 0.0236 0.9037
vn 0.0733 0.0329 0.9968
vn -0.7295 0.0344 0.6831
vn -0.7509 0.0364 0.6595
vn -0.7311 0.0346 0.6814
vn -0.7512 0.0364 0.6591
vn -0.1796 0.0444 0.9827
vn -0.1373 0.0201 0.9903
vn -0.1615 0.0358 0.9862
vn -0.1632 -0.0005 0.9866
vn -0.1554 -0.0000 0.9878
vn -0.1550 -0.0000 0.9879
vn 0.1676 -0.0000 -0.9859
vn -0.0000 -0.0000 -0.0000
vn -0.0000 -0.0000 -1.0000
vn -0.9996 0.0181 0.0219
vn -0.9891 0.0372 0.1421
vn -0.9844 0.0471 0.1694
vn -0.9856 0.0458 0.1630
vn 0.1782 0.9815 -0.0705
vn -0.0884 0.9958 -0.0231
vn -0.3506 0.0985 -0.9313
vn -0.3106 0.0772 -0.9474
vn -0.2010 0.0195 -0.9794
vn -0.0516 0.0097 -0.9986
vn 0.0028 0.4045 -0.9145
vn 0.5121 0.0210 -0.8587
vn 0.9388 -0.3444 -0.0042
vn 0.9293 -0.1871 0.3183
vn 0.6485 -0.1567 0.7449
vn 0.0804 -0.0253 0.9964
vn 0.6664 0.0225 0.7453
vn 0.0829 -0.0320 0.9960
vn 0.0498 -0.0483 0.9976
vn -0.3175 0.0154 0.9481
vn -0.9956 -0.0000 0.0941
vn -0.9957 -0.0000 0.0928
vn -0.9955 -0.0000 0.0947
vn 0.1694 0.0174 0.9854
vn -0.9807 0.0174 0.1946
vn -0.9397 0.3418 0.0094
vn -0.0622 0.9978 0.0217
vn -0.1160 0.0163 -0.9931
vn -0.7839 0.0385 -0.6196
vn -0.7775 0.0466 -0.6271
vn -0.8007 0.0165 -0.5989
vn -0.5377 0.6062 -0.5860
vn 0.0735 -0.9954 -0.0613
vn -0.0340 -0.9990 -0.0283
vn -0.0824 -0.9945 -0.0650
vn 0.1032 -0.9944 0.0246
vn 0.0196 -0.9996 0.0181
vn 0.7050 -0.5835 0.4030
vn 0.7178 0.0773 0.6919
vn 0.5684 -0.2692 0.7775
vn -0.6343 0.0383 0.7722
vn -0.6464 0.7523 -0.1273
vn -0.0223 0.3222 -0.9464
vn -0.0175 0.3334 -0.9426
vn -0.0164 0.0056 -0.9998
vn -0.0121 0.0062 -0.9999
vn 0.1139 -0.9905 -0.0768
vn -0.0390 -0.0244 0.9989
vn -0.6378 0.0272 0.7697
vn -0.8051 0.3973 0.4405
vn -0.7525 0.4007 0.5226
vn -0.7518 0.4004 0.5239
vn -0.9894 0.0118 0.1446
vn -0.3229 0.9458 0.0339
vn -0.0673 0.9972 -0.0336
vn -0.0118 0.9999 0.0083
vn -0.1119 0.0127 -0.9936
vn 0.0862 0.0154 -0.9962
vn 0.0948 0.0203 -0.9953
vn 0.0596 -0.0038 -0.9982
vn 0.3526 0.0219 -0.9355
vn 0.3400 0.0693 -0.9379
vn -0.0824 -0.9945 -0.0651
vn -0.1171 -0.9880 -0.1010
vn 0.4510 -0.8923 -0.0202
vn 0.9295 -0.3436 0.1339
vn 0.9222 -0.3175 0.2208
vn -0.1747 -0.0072 0.9846
vn -0.1885 0.0048 0.9821
vn -0.1943 -0.0004 0.9809
vn -0.6476 0.0111 0.7619
vn -0.9448 0.1721 -0.2788
vn -0.9012 0.4189 -0.1110
vn -0.8654 0.4965 -0.0668
vn -0.8658 0.4823 -0.1333
vn -0.5393 0.6708 -0.5091
vn -0.4674 0.7067 -0.5312
vn -0.4968 0.6928 -0.5227
vn -0.1753 0.0019 -0.9845
vn -0.0192 0.0592 -0.9981
vn 0.0352 0.0334 -0.9988
vn -0.0475 0.0853 -0.9952
vn 0.6816 0.1029 0.7244
vn -0.3509 0.0235 0.9361
vn 0.5686 -0.0074 0.8226
vn -0.0180 -0.0058 0.9998
vn -0.0328 0.9995 -0.0049
vn -0.1833 0.9689 -0.1663
vn -0.2942 0.0524 -0.9543
vn 0.1214 -0.9893 -0.0815
vn 0.5058 -0.2092 -0.8369
vn 0.8773 -0.3331 0.3457
vn 0.8721 -0.3315 0.3599
vn 0.3152 -0.1482 0.9374
vn -0.9141 0.0047 0.4054
vn -0.7056 -0.0383 0.7076
vn -0.7792 0.3989 0.4835
vn -0.9806 0.0438 -0.1910
vn -0.9986 0.0116 -0.0509
vn -0.9832 0.0403 -0.1780
vn -0.9980 0.0310 -0.0556
vn -0.9979 0.0313 -0.0565
vn -0.9984 0.0313 -0.0476
vn -0.5067 0.3704 -0.7785
vn -0.4695 0.3158 -0.8245
vn -0.4774 0.3273 -0.8154
vn -0.9564 0.1991 -0.2136
vn 0.0651 0.0575 -0.9962
vn 0.6141 -0.0392 -0.7883
vn 0.7679 -0.5821 -0.2673
vn 0.7392 -0.6034 -0.2991
vn 0.7134 -0.5877 -0.3817
vn -0.0085 -0.9999 -0.0094
vn 0.5854 0.1863 0.7891
vn 0.6052 0.0998 0.7898
vn 0.2827 -0.1150 0.9523
vn -0.9024 0.2204 0.3703
vn -0.8246 0.5519 -0.1241
vn -0.1064 0.9938 -0.0307
vn 0.8891 0.0185 -0.4573
vn 0.5691 0.0303 -0.8217
vn 0.9247 -0.3791 0.0352
vn 0.4382 0.0786 0.8954
vn 0.1126 -0.1199 0.9864
vn 0.0804 -0.0254 0.9964
vn -0.7367 0.0217 0.6759
vn -0.6786 0.0482 0.7329
vn -0.6835 0.0407 0.7289
vn -0.7658 0.0264 0.6426
vn -0.6618 0.0169 0.7495
vn -0.7010 0.0040 0.7132
vn -0.6575 0.0164 0.7533
vn -0.7361 0.0810 -0.6720
vn -0.8730 0.4864 -0.0374
vn -0.8731 0.1597 0.4607
vn -0.7275 0.0287 -0.6855
vn -0.7259 0.0284 -0.6872
vn -0.7099 0.0134 -0.7041
vn -0.7116 0.0044 -0.7026
vn 0.2080 -0.3442 -0.9156
vn 0.5905 0.1305 -0.7964
vn 0.6914 0.0081 -0.7224
vn 0.5692 0.0304 -0.8217
vn 0.1244 -0.9865 -0.1067
vn 0.9375 -0.2494 0.2427
vn -0.0137 -0.9998 -0.0119
vn 0.4124 -0.2518 0.8755
vn -0.0194 -0.0059 0.9998
vn -0.7276 0.0084 0.6859
vn -0.6688 0.0227 0.7431
vn -0.8320 0.3937 0.3909
vn -0.7591 0.0128 0.6509
vn -0.6030 0.0292 0.7972
vn -0.6069 0.0289 0.7943
vn -0.4438 0.2793 -0.8515
vn 0.9891 -0.1147 -0.0919
vn -0.2452 0.0059 0.9694
vn -0.3641 0.0191 0.9311
vn -0.9557 0.0726 -0.2852
vn -0.9923 0.0537 0.1120
vn -0.9525 0.0203 0.3037
vn -0.9910 0.0518 0.1233
vn -0.9352 0.2279 -0.2712
vn -0.9219 0.1428 -0.3601
vn -0.9348 0.2233 -0.2762
vn -0.9408 0.0785 -0.3298
vn -0.9305 0.0947 -0.3539
vn -0.9542 0.0513 -0.2949
vn -0.0007 -0.1686 -0.9857
vn -0.6551 0.0171 -0.7554
vn 0.0786 -0.0985 -0.9920
vn 0.0543 -0.0723 -0.9959
vn 0.8275 0.0125 -0.5614
vn 0.1387 -0.9867 -0.0851
vn 0.9754 0.2185 0.0297
vn 0.9498 0.2883 0.1213
vn 0.9705 0.2307 0.0700
vn 0.8320 -0.1946 0.5196
vn 0.8276 -0.1570 0.5389
vn 0.0183 -0.0245 0.9995
vn -0.7253 0.0401 0.6872
vn -0.9969 0.0373 0.0694
vn -0.9870 0.0812 0.1386
vn -0.9905 0.0640 0.1218
vn -0.9392 0.2873 -0.1882
vn -0.9338 0.3117 -0.1754
vn -0.5074 0.0044 -0.8617
vn -0.3416 0.0531 -0.9383
vn -0.3223 0.0585 -0.9448
vn -0.8677 0.0326 -0.4960
vn -0.9184 0.0122 -0.3955
vn -0.8716 0.0312 -0.4892
vn 0.0974 0.0096 -0.9952
vn 0.8839 -0.4143 -0.2171
vn 0.8845 -0.4140 -0.2151
vn 0.8697 -0.4206 -0.2582
vn 0.9939 0.0988 -0.0494
vn -0.1947 -0.3791 0.9046
vn -0.9791 0.0144 0.2030
vn -0.6701 0.1255 -0.7316
vn -0.3993 -0.0021 -0.9168
vn -0.4969 0.0237 -0.8675
vn -0.4832 0.0198 -0.8753
vn 0.6498 -0.5803 -0.4909
vn 0.6110 -0.5740 -0.5451
vn 0.8504 -0.1271 -0.5106
vn 0.8168 -0.1294 -0.5622
vn 0.8446 -0.1159 -0.5228
vn 0.6848 0.0270 0.7282
vn -0.0865 -0.0425 0.9953
vn 0.3195 0.1209 -0.9398
vn -0.8809 0.0395 0.4717
vn -0.8365 0.0911 0.5404
vn -0.8539 0.0701 0.5158
vn -0.9525 0.0262 -0.3035
vn -0.7357 0.4028 -0.5445
vn -0.7304 0.4056 -0.5496
vn -0.7547 0.3924 -0.5258
vn 0.3630 -0.2122 -0.9073
vn 0.4352 -0.3316 -0.8370
vn 0.4485 -0.3609 -0.8177
vn 0.9964 -0.0155 -0.0836
vn 0.5517 0.0258 0.8336
vn -0.7383 0.0394 0.6733
vn -0.9967 0.0199 -0.0785
vn -0.9989 0.0320 -0.0331
vn -0.9997 0.0228 0.0055
vn -0.8460 0.0654 -0.5291
vn -0.7961 0.0587 -0.6024
vn -0.7301 0.0480 -0.6817
vn -0.1597 0.0236 -0.9869
vn -0.0285 0.0231 -0.9993
vn 0.8977 -0.4063 -0.1706
vn -0.4433 0.0226 0.8961
vn -0.7169 0.0286 -0.6966
vn -0.8460 0.0654 -0.5292
vn -0.7989 -0.0007 -0.6015
vn -0.8955 0.0134 -0.4448
vn -0.8933 0.0130 -0.4493
vn 0.1168 0.0169 -0.9930
vn 0.3030 -0.2621 -0.9163
vn 0.0519 -0.9969 -0.0595
vn 0.0744 -0.9911 -0.1103
vn 0.1323 -0.9726 -0.1914
vn 0.8843 -0.4670 0.0013
vn -0.5957 -0.2197 0.7726
vn -0.5985 -0.2491 0.7614
vn -0.5945 -0.1091 0.7966
vn -0.1686 -0.1241 -0.9778
vn -0.9999 -0.0006 -0.0155
vn -0.1238 0.0232 -0.9920
vn -0.2397 -0.0191 -0.9707
vn 0.2434 -0.3086 -0.9195
vn 0.2657 -0.2724 -0.9248
vn 0.2685 0.1125 0.9567
vn 0.3497 0.0983 0.9317
vn -0.5497 -0.4784 0.6848
vn -0.9984 0.0344 0.0440
vn -0.9999 0.0090 -0.0064
vn -0.9933 0.0369 0.1091
vn -0.9714 0.0063 0.2373
vn -0.9727 0.0060 0.2320
vn -0.9806 0.0039 0.1958
vn -0.3647 0.3195 -0.8746
vn -0.7357 0.4028 -0.5446
vn -0.7165 0.4127 -0.5625
vn -0.5704 0.6531 -0.4980
vn -0.3317 0.0065 -0.9434
vn -0.8063 0.0088 -0.5915
vn 0.4020 -0.1881 -0.8961
vn 0.6498 -0.5803 -0.4910
vn 0.5726 -0.6037 -0.5546
vn -0.0332 -0.9992 -0.0223
vn 0.1493 -0.7140 0.6841
vn -0.2647 -0.7026 0.6605
vn -0.2623 -0.7070 0.6567
vn -0.2164 -0.7849 0.5806
vn -0.9487 0.0181 0.3157
vn -0.9988 0.0381 -0.0318
vn 0.6248 -0.2442 -0.7416
vn 0.5771 -0.2512 -0.7771
vn 0.6120 -0.2348 -0.7552
vn 0.8303 -0.0007 -0.5573
vn 0.9954 -0.0356 -0.0890
vn -0.8948 0.0314 0.4453
vn -0.9879 -0.1399 0.0675
vn -0.9967 -0.0008 0.0807
vn -0.9971 -0.0012 0.0765
vn -0.7002 0.0363 -0.7130
vn -0.9770 -0.0000 0.2135
vn -0.0517 0.0098 -0.9986
vn -0.1317 0.0246 -0.9910
vn 0.9404 0.1454 -0.3075
vn 0.9461 0.1611 -0.2811
vn 0.9510 0.1772 -0.2533
vn 0.9545 0.1912 -0.2287
vn 0.3914 -0.9187 0.0524
vn 0.3832 -0.9206 0.0757
vn 0.3959 -0.9110 0.1157
vn 0.9644 -0.0731 0.2540
vn 0.9623 -0.0366 0.2694
vn 0.8873 0.1982 0.4164
vn -0.2623 -0.7071 0.6567
vn -0.2041 -0.8031 0.5598
vn -0.2164 -0.7850 0.5805
vn -0.5945 -0.1090 0.7967
vn -0.6476 0.0110 0.7619
vn -0.6411 0.0058 0.7675
vn -0.7129 -0.0015 0.7013
vn -0.7138 -0.0012 0.7004
vn -0.6943 -0.0072 0.7196
vn -0.7902 -0.0000 0.6128
vn -0.0000 -0.0000 1.0000
vn -0.9769 -0.0000 0.2136
vn -0.9583 0.0639 -0.2787
vn -0.9527 0.0574 -0.2984
vn -0.8021 0.0111 -0.5971
vn -0.1698 0.0268 -0.9851
vn -0.2711 -0.0138 -0.9624
vn -0.2784 -0.0125 -0.9604
vn -0.3834 0.0062 -0.9235
vn -0.2785 -0.0125 -0.9604
vn -0.3984 0.0090 -0.9172
vn -0.3835 0.0062 -0.9235
vn 0.1328 -0.9868 -0.0924
vn 0.0520 -0.9969 -0.0595
vn 0.0972 -0.9923 -0.0772
vn 0.6591 -0.2622 -0.7048
vn 0.6616 -0.2376 -0.7112
vn 0.5276 -0.8364 -0.1488
vn 0.6741 -0.7361 -0.0613
vn 0.6734 -0.7367 -0.0613
vn 0.9058 0.1885 0.3794
vn 0.2274 0.1746 0.9580
vn 0.2238 0.1867 0.9566
vn -0.4809 0.1602 0.8620
vn -0.4718 0.1508 0.8687
vn -0.5957 -0.2196 0.7726
vn -0.8981 0.0362 0.4383
vn -0.8815 -0.1063 0.4601
vn -0.6930 -0.0075 0.7209
vn -0.6971 0.0023 0.7170
vn -0.4552 0.0174 -0.8902
vn -0.9913 -0.0386 -0.1262
vn -0.9506 0.0169 -0.3099
vn -0.9493 -0.0000 -0.3145
vn -0.9499 0.0101 -0.3124
vn -0.9563 0.0237 -0.2915
vn -0.9809 0.0038 0.1944
vn -0.9807 0.0039 0.1957
vn -0.1760 0.0017 -0.9844
vn 0.3001 -0.7649 -0.5701
vn 0.1266 -0.9648 -0.2307
vn 0.6165 -0.7825 -0.0875
vn 0.4057 -0.9138 0.0175
vn -0.9646 -0.2616 -0.0320
vn 0.9058 0.1886 0.3795
vn 0.8445 0.2663 0.4647
vn 0.8873 0.1983 0.4165
vn -0.0449 0.0128 0.9989
vn -0.1878 0.0441 0.9812
vn -0.7591 0.0128 0.6508
vn -0.6069 0.0289 0.7942
vn -0.7633 0.0123 0.6459
vn -0.6914 0.0141 -0.7223
vn -0.6504 -0.0177 -0.7594
vn -0.6931 0.0143 -0.7207
vn -0.9826 0.0309 0.1830
vn -0.7045 0.0049 -0.7096
vn -0.7004 0.0042 -0.7137
vn 0.2666 -0.1479 -0.9524
vn 0.5628 0.4898 -0.6658
vn 0.6790 0.3858 -0.6246
vn 0.6015 0.4594 -0.6535
vn 0.8423 -0.0498 -0.5367
vn -0.3568 -0.9342 -0.0000
vn -1.0000 -0.0000 -0.0000
vn 0.0637 -0.9980 -0.0000
vn 0.5588 -0.8170 0.1425
vn -0.0464 -0.9986 -0.0235
vn -0.0403 -0.9981 -0.0456
vn -0.0269 -0.9961 -0.0836
vn -0.8280 0.2000 -0.5239
vn -0.7956 -0.0011 -0.6058
vn -0.7099 0.0134 -0.7042
vn -0.7149 -0.0077 -0.6992
vn 0.6016 0.4594 -0.6535
vn 0.6976 0.3731 -0.6116
vn 0.8255 0.5594 -0.0754
vn 0.7199 0.6938 0.0188
vn 0.7276 0.6857 0.0207
vn 0.7332 0.6797 0.0192
vn 0.7495 0.6614 0.0278
vn 0.7424 0.6699 0.0065
vn 0.7299 0.6815 0.0527
vn 0.8267 0.0137 0.5625
vn -0.3738 -0.9204 0.1150
vn 0.3206 -0.8778 0.3559
vn -0.0138 -0.9998 -0.0119
vn -0.0331 -0.9992 -0.0223
vn -0.0403 -0.9988 -0.0261
vn -0.0181 -0.9972 -0.0719
vn -0.0250 -0.9961 -0.0846
vn -0.4903 -0.5082 0.7080
vn -0.9906 -0.0567 -0.1246
vn -0.9988 0.0338 -0.0346
vn -0.7976 0.6010 -0.0526
vn -0.8806 0.0034 -0.4738
vn 0.2890 -0.1520 -0.9452
vn 0.2423 -0.9603 -0.1382
vn 0.6615 -0.3423 0.6673
vn 0.6577 -0.3277 0.6783
vn 0.6486 -0.3073 0.6963
vn 0.5733 -0.2688 0.7740
vn 0.4974 -0.2508 0.8305
vn 0.5202 -0.3023 0.7987
vn 0.7453 -0.2903 0.6002
vn 0.6857 -0.2866 0.6691
vn 0.1562 -0.9370 -0.3124
vn 0.1788 -0.9544 -0.2391
vn 0.0964 -0.9861 -0.1355
vn 0.1790 -0.9544 -0.2389
vn 0.0468 -0.9966 -0.0683
vn 0.0965 -0.9861 -0.1354
vn 0.0085 -0.9993 -0.0354
vn -0.0463 -0.9986 -0.0236
vn -0.0183 -0.9973 -0.0717
vn -0.0337 -0.9987 -0.0379
vn 0.4609 -0.6713 0.5804
vn 0.5339 -0.5955 0.6003
vn 0.3957 -0.7216 0.5680
vn -0.0850 -0.9940 -0.0692
vn -0.0269 -0.9961 -0.0837
vn -0.0402 -0.9981 -0.0456
vn -0.0154 -0.9998 -0.0117
vn -0.0149 -0.9999 -0.0016
vn -0.7458 0.0044 0.6661
vn -0.9929 -0.1190 0.0032
vn -0.3244 0.0078 -0.9459
vn -0.0182 -0.3040 -0.9525
vn 0.8728 -0.1634 -0.4599
vn 0.8958 -0.1648 -0.4129
vn 0.7293 0.6798 0.0765
vn 0.5581 -0.2819 0.7804
vn -0.4401 -0.4963 0.7484
vn 0.2855 -0.8211 0.4942
vn 0.3317 -0.7554 0.5651
vn 0.3153 -0.7786 0.5426
vn -0.9238 -0.1483 0.3528
vn -0.6914 0.0141 -0.7224
vn -0.8149 -0.0596 -0.5765
vn -0.1230 -0.0031 -0.9924
vn 0.8420 -0.1168 -0.5266
vn 0.8428 0.5296 -0.0961
vn 0.5892 -0.7945 0.1471
vn 0.3959 -0.9110 0.1158
vn -0.0004 -1.0000 0.0052
vn -0.0071 -0.9994 0.0342
vn -0.5948 0.0761 0.8003
vn -0.8921 0.0131 -0.4517
vn -0.9980 0.0062 -0.0629
vn -0.4446 0.0544 -0.8941
vn 0.0089 -0.9954 -0.0958
vn -0.0036 -0.9912 -0.1326
vn -0.0184 -0.9859 -0.1666
vn -0.5058 -0.0025 -0.8627
vn -0.7165 0.0437 -0.6962
vn -0.7057 0.0153 -0.7084
vn -0.7266 0.0126 -0.6869
vn -0.5759 -0.0927 -0.8122
vn -0.2347 -0.3179 -0.9186
vn 0.9866 -0.1097 0.1205
vn 0.4976 -0.3101 0.8101
vn 0.2999 -0.5844 0.7540
vn 0.0412 -0.9954 0.0860
vn -0.0312 -0.9987 0.0391
vn -0.0004 -1.0000 0.0038
vn -0.0095 -0.9992 -0.0396
vn -0.5053 -0.0025 -0.8629
vn -0.8223 0.0154 -0.5688
vn -0.8199 0.0168 -0.5722
vn -0.8433 0.0143 -0.5373
vn -0.6962 -0.0216 -0.7175
vn 0.0108 0.2945 -0.9556
vn 0.6136 0.3978 -0.6821
vn 0.4899 -0.8546 -0.1720
vn 0.8688 0.4219 0.2590
vn 0.6820 0.2284 0.6948
vn 0.6826 0.2435 0.6891
vn 0.6711 0.1054 0.7338
vn -0.8080 -0.0343 -0.5881
vn 0.2433 -0.3901 -0.8880
vn 0.6896 -0.2151 -0.6915
vn 0.6748 -0.2355 -0.6994
vn -0.7553 -0.4570 0.4697
vn 0.3623 -0.5007 0.7862
vn 0.0175 -0.9976 -0.0663
vn -0.9817 -0.0052 -0.1903
vn -0.8224 0.0154 -0.5688
vn -0.7056 0.0153 -0.7084
vn -0.5759 -0.0927 -0.8123
vn -0.8701 0.0016 -0.4929
vn -0.4237 -0.1482 -0.8936
vn -0.4664 -0.2206 -0.8567
vn -0.3557 -0.2690 -0.8951
vn -0.3166 -0.1042 -0.9428
vn -0.2524 0.1507 -0.9558
vn -0.2556 -0.0099 -0.9667
vn 0.4441 -0.4043 -0.7996
vn 0.4506 -0.4051 -0.7955
vn 0.4716 -0.3933 -0.7892
vn 0.4737 -0.1149 -0.8732
vn 0.4562 -0.2377 -0.8575
vn 0.5511 -0.1938 -0.8116
vn 0.6338 -0.2449 -0.7337
vn 0.6666 -0.3409 -0.6629
vn 0.6775 -0.3849 -0.6268
vn 0.2780 -0.9321 0.2320
vn 0.2716 -0.9358 0.2249
vn 0.2125 -0.9635 0.1628
vn -0.9978 0.0377 0.0553
vn -0.9931 -0.0327 -0.1128
vn -0.3556 -0.2690 -0.8951
vn 0.0184 -0.9959 -0.0881
vn 0.1782 -0.9708 0.1608
vn 0.4002 -0.3413 0.8505
vn 0.3626 -0.3590 0.8600
vn 0.3559 -0.3508 0.8662
vn 0.0049 -0.9998 0.0190
vn -0.5177 -0.7830 0.3449
vn -0.9749 0.0419 -0.2185
vn -0.1184 -0.1351 -0.9837
vn -0.0492 -0.1152 -0.9921
vn 0.8662 -0.3803 -0.3241
vn 0.9858 -0.0306 -0.1651
vn 0.1626 -0.4217 0.8920
vn 0.1564 -0.4270 0.8906
vn 0.1606 -0.4121 0.8969
vn -0.1302 -0.3525 0.9267
vn -0.0486 -0.3423 0.9383
vn -0.1618 -0.3859 0.9082
vn -0.1118 -0.9123 0.3940
vn -0.1416 -0.9679 0.2077
vn -0.1942 -0.9271 0.3205
vn -0.1444 -0.9662 0.2136
vn -0.6558 -0.6554 0.3746
vn -0.5674 -0.5672 0.5969
vn 0.2375 -0.9632 -0.1256
vn 0.0102 -0.9994 -0.0317
vn -0.7504 -0.2109 0.6264
vn -0.8001 -0.1669 0.5762
vn -0.9384 -0.1763 0.2972
vn -0.9291 -0.3090 0.2034
vn -0.9988 0.0403 -0.0271
vn -0.9815 0.0504 -0.1846
vn 0.0309 0.0316 -0.9990
vn 0.0185 -0.0020 -0.9998
vn 0.6142 0.3904 -0.6859
vn 0.8713 0.4218 -0.2509
vn 0.6687 0.0884 0.7382
vn 0.4805 -0.3263 0.8140
vn 0.0863 -0.4299 0.8987
vn 0.1026 -0.3962 0.9124
vn -0.0088 -0.4568 0.8895
vn -0.3951 -0.1710 0.9026
vn -0.4704 -0.2586 0.8437
vn -0.4256 -0.2206 0.8776
vn -0.1281 -0.9755 0.1789
vn 0.0065 -0.9969 -0.0781
vn 0.6217 0.7048 -0.3417
vn 0.5510 0.7357 -0.3939
vn 0.5817 0.7096 -0.3976
vn 0.6592 0.7426 0.1180
vn 0.7644 0.6001 0.2355
vn 0.7589 0.6485 -0.0598
vn 0.6201 0.7844 0.0108
vn 0.5515 0.7930 0.2590
vn 0.4671 -0.3295 0.8205
vn 0.3951 -0.3353 0.8553
vn -0.5572 -0.2514 0.7914
vn -0.5541 -0.2524 0.7932
vn -0.7291 -0.2418 0.6403
vn -0.8919 -0.2515 0.3759
vn -0.7321 -0.5649 -0.3807
vn 0.2659 -0.5271 -0.8072
vn 0.4361 -0.4121 -0.8000
vn 0.4410 -0.4164 -0.7951
vn 0.4506 -0.4052 -0.7955
vn 0.6191 0.7754 -0.1244
vn 0.1919 -0.9566 0.2193
vn -0.4243 0.0590 0.9036
vn -0.0837 -0.5123 0.8547
vn -0.0578 -0.2808 0.9580
vn -0.1295 -0.3114 0.9414
vn -0.1051 -0.2588 0.9602
vn 0.1006 -0.7284 0.6777
vn 0.1018 -0.7073 0.6996
vn 0.0975 -0.7741 0.6256
vn -0.9994 0.0175 0.0296
vn 0.5294 -0.1478 -0.8354
vn 0.5270 0.6652 -0.5289
vn -0.4851 -0.2914 0.8245
vn 0.0348 -0.9994 -0.0071
vn 0.0048 -0.9999 -0.0128
vn -0.1754 -0.0701 -0.9820
vn -0.4068 -0.3289 -0.8523
vn 0.6564 0.7230 -0.2155
vn 0.8644 0.0932 0.4941
vn 0.3112 -0.0647 0.9481
vn -0.9715 -0.1969 0.1320
vn -0.2138 -0.3465 -0.9134
vn 0.6191 0.7754 -0.1245
vn 0.5832 0.7268 0.3628
vn 0.0636 0.2838 0.9568
vn -0.5169 -0.0790 -0.8524
vn 0.0069 -0.9974 -0.0723
vn 0.3647 -0.0240 -0.9308
vn 0.4736 -0.1149 -0.8732
vn 0.8148 0.5761 0.0651
vn 0.5224 0.2997 0.7983
vn 0.4347 0.1712 0.8842
vn 0.5040 0.2589 0.8240
vn -0.8551 -0.2403 0.4594
vn -0.4736 -0.2976 0.8289
vn -0.0651 -0.9976 0.0234
vn -0.8087 -0.1061 -0.5786
vn -0.3953 -0.0750 -0.9155
vn 0.1058 -0.5617 -0.8205
vn 0.1307 -0.5263 -0.8402
vn 0.1429 -0.5481 -0.8241
vn -0.2607 -0.8314 -0.4906
vn 0.3840 -0.0224 -0.9230
vn 0.8502 0.5265 0.0051
vn 0.1723 -0.4158 0.8930
vn 0.0048 -0.9999 -0.0127
vn -0.0401 -0.9992 0.0046
vn -0.9805 -0.1138 -0.1602
vn -0.8451 -0.0912 -0.5268
vn -0.6504 -0.0178 -0.7594
vn -0.6517 -0.1136 -0.7500
vn 0.8232 0.5556 -0.1166
vn 0.0356 0.0878 0.9955
vn -0.0000 0.0072 1.0000
vn 0.0435 0.1058 0.9934
vn -0.0000 1.0000 -0.0000
vn -0.2329 -0.9569 -0.1736
vn 0.9987 -0.0436 -0.0253
vn 0.2968 -0.2392 -0.9245
vn 0.3006 -0.2741 -0.9135
vn 0.2771 -0.0946 -0.9562
vn 0.6239 0.7032 -0.3411
vn 0.7918 0.5282 -0.3068
vn 0.3874 0.8000 0.4582
vn 0.6171 0.5873 0.5237
vn 0.5882 0.6012 0.5410
vn 0.5618 0.6129 0.5557
vn 0.2570 -0.8973 0.3588
vn 0.2518 -0.8959 0.3661
vn 0.3550 0.3566 0.8642
vn 0.2771 0.2128 0.9370
vn -0.1720 0.9724 -0.1577
vn 0.0505 0.1216 0.9913
vn 0.0044 0.4007 0.9162
vn 0.0004 0.3762 0.9265
vn 0.0041 0.3988 0.9170
vn -0.0000 0.3737 0.9276
vn 0.0041 0.3990 0.9170
vn 0.0557 0.7343 0.6765
vn 0.2699 0.4937 0.8267
vn -0.0985 -0.3052 0.9472
vn -0.0374 -0.9993 -0.0008
vn -0.0185 -0.9998 0.0002
vn -0.0375 -0.9993 -0.0008
vn -0.0238 -0.9968 -0.0760
vn -0.0187 -0.9998 0.0012
vn -0.0067 -0.9984 0.0563
vn 0.0339 -0.9992 0.0190
vn -0.9929 -0.0842 -0.0835
vn -0.0037 -0.9960 -0.0888
vn 0.4181 0.7486 -0.5146
vn 0.1641 0.6218 0.7658
vn 0.1598 0.6270 0.7625
vn 0.1402 0.6502 0.7467
vn 0.1364 0.6546 0.7436
vn 0.0182 -0.0580 -0.9982
vn 0.1124 -0.0319 0.9932
vn 0.0162 0.1854 0.9825
vn -0.0362 0.0918 0.9951
vn 0.0957 -0.7952 0.5987
vn -0.9207 -0.1435 -0.3629
vn -0.0146 -0.9974 -0.0700
vn 0.4082 0.6785 -0.6107
vn 0.6999 0.5543 0.4505
vn 0.2361 0.1820 0.9545
vn 0.3375 0.2248 0.9141
vn -0.6085 -0.2444 0.7550
vn -0.5808 -0.2711 0.7675
vn -0.2002 -0.9667 0.1595
vn -0.0014 -0.9999 0.0102
vn -0.0214 -0.9975 -0.0669
vn 0.1082 -0.5724 -0.8128
vn 0.0201 -0.5530 -0.8329
vn 0.2505 0.3276 -0.9110
vn 0.2019 0.2975 -0.9331
vn 0.2548 0.5232 -0.8132
vn 0.1064 -0.4977 -0.8608
vn 0.2653 -0.0242 -0.9639
vn -0.7964 -0.2528 0.5493
vn -0.7763 -0.2066 0.5956
vn -0.7772 -0.2229 0.5885
vn -0.9722 -0.2232 0.0711
vn -0.0186 -0.9983 -0.0555
vn -0.0362 -0.9974 -0.0620
vn -0.0242 -0.9975 -0.0667
vn 0.8622 0.3209 0.3921
vn 0.3873 0.8000 0.4583
vn 0.4671 0.7224 0.5098
vn 0.5340 0.6242 0.5703
vn -0.3633 0.2363 0.9012
vn -0.3702 0.1913 0.9090
vn -0.3580 0.3851 0.8506
vn -0.0135 -0.9978 0.0652
vn -0.1263 -0.9911 0.0421
vn -0.0346 -0.5210 -0.8528
vn -0.0414 0.0783 0.9961
vn -0.1243 0.5240 0.8426
vn 0.2525 0.5350 -0.8062
vn 0.2738 0.7241 -0.6331
vn 0.4077 0.7478 -0.5240
vn 0.0665 0.0689 0.9954
vn -0.4582 0.3592 0.8131
vn -0.6496 -0.2124 0.7300
vn -0.7248 -0.1241 0.6777
vn 0.0906 -0.2187 0.9716
vn -0.0160 -0.9997 -0.0169
vn -0.0198 -0.9994 -0.0281
vn -0.0323 -0.9994 -0.0139
vn -0.0445 -0.9980 -0.0449
vn -0.0363 -0.9974 -0.0620
vn -0.3638 -0.5595 -0.7447
vn -0.1192 -0.3780 -0.9181
vn -0.1388 -0.4119 -0.9006
vn 0.7218 0.5267 -0.4490
vn 0.1880 -0.0796 0.9789
vn -0.1274 0.1015 0.9866
vn -0.4572 0.4182 0.7849
vn -0.0283 -0.9996 0.0087
vn -0.0557 -0.9982 -0.0236
vn 0.2026 -0.0055 -0.9793
vn 0.1985 -0.0165 -0.9800
vn 0.9295 0.2932 0.2238
vn -0.6495 -0.2124 0.7300
vn -0.7206 -0.2739 0.6369
vn -0.7459 -0.2492 0.6177
vn -0.7098 -0.2840 0.6446
vn -0.8837 0.0260 -0.4673
vn -0.7733 -0.2050 0.5999
vn -0.8328 -0.2243 0.5061
vn -0.0315 -0.9995 -0.0010
vn -0.7461 -0.6364 -0.1956
vn -0.0173 -0.9996 0.0237
vn -0.9314 0.0276 0.3629
vn -0.1067 -0.4982 -0.8604
vn 0.9752 0.2215 -0.0037
vn 0.9718 0.1009 0.2132
vn 0.2857 -0.5200 0.8050
vn 0.2642 -0.5245 0.8094
vn 0.1967 -0.5367 0.8205
vn -0.5765 0.2791 0.7680
vn -0.6257 0.1175 0.7712
vn -0.8133 -0.2932 0.5026
vn -0.7992 -0.2639 0.5400
vn -0.1345 -0.9903 -0.0362
vn -0.0523 -0.9986 0.0056
vn -0.0199 -0.9994 -0.0281
vn -0.0495 -0.9967 -0.0639
vn -0.0523 -0.9951 -0.0834
vn -0.0381 -0.9946 -0.0970
vn 0.2760 0.6835 -0.6758
vn 0.5509 0.6470 -0.5271
vn 0.8593 0.2622 -0.4391
vn 0.9377 0.2632 -0.2269
vn 0.9928 0.1194 -0.0035
vn 0.7488 0.3226 0.5789
vn 0.6164 0.4965 0.6112
vn 0.2293 -0.8983 0.3747
vn 0.3523 -0.5042 0.7884
vn -0.6844 -0.3068 0.6614
vn -0.7206 -0.2740 0.6370
vn 0.6094 0.0389 0.7919
vn -0.8396 -0.2344 0.4900
vn -0.8853 -0.2247 0.4070
vn -0.1360 -0.9621 -0.2365
vn -0.5581 -0.2972 -0.7747
vn -0.5136 -0.3600 -0.7789
vn -0.4965 -0.3431 -0.7973
vn -0.2460 -0.2248 0.9429
vn -0.2461 -0.2307 0.9414
vn -0.2458 -0.2168 0.9448
vn -0.7668 -0.6366 0.0818
vn -0.1262 -0.9911 0.0420
vn -0.0314 -0.9995 -0.0010
vn -0.0133 -0.9999 -0.0071
vn -0.0383 -0.9992 0.0129
vn -0.0374 -0.9993 0.0030
vn -0.0433 -0.9988 0.0208
vn -0.0037 -0.9992 -0.0386
vn 0.9580 0.1046 -0.2669
vn 0.4884 0.3028 0.8184
vn 0.4816 0.3131 0.8185
vn 0.4277 0.3213 0.8449
vn 0.0131 0.1632 0.9865
vn -0.2460 -0.2247 0.9429
vn -0.2458 -0.2167 0.9448
vn -0.2456 -0.2053 0.9474
vn -0.6354 0.0999 0.7657
vn -0.8852 -0.2222 0.4087
vn -0.9605 -0.2748 -0.0442
vn -0.0000 -0.9999 0.0137
vn -0.1344 -0.9903 -0.0363
vn -0.0313 -0.9991 0.0286
vn 0.8190 -0.3224 -0.4746
vn -0.6225 0.1262 0.7724
vn -0.6210 0.1140 0.7755
vn -0.0241 -0.9997 0.0034
vn -0.2667 -0.3815 -0.8851
vn -0.2453 -0.3617 -0.8995
vn -0.2648 -0.3797 -0.8864
vn -0.0770 -0.3271 -0.9418
vn -0.1387 -0.4118 -0.9006
vn 0.0537 -0.2185 -0.9743
vn 0.1669 0.2775 -0.9461
vn 0.3590 0.3118 0.8797
vn 0.2694 0.3621 0.8924
vn 0.2449 0.3916 0.8869
vn -0.0258 0.0626 0.9977
vn -0.7690 -0.5187 -0.3735
vn -0.4798 -0.8755 0.0573
vn -0.9612 -0.2715 -0.0493
vn -0.9617 -0.2711 -0.0395
vn -0.9623 -0.2717 -0.0101
vn -0.7115 -0.2707 -0.6485
vn -0.7147 -0.2211 -0.6636
vn -0.7780 -0.3015 -0.5512
vn -0.5964 -0.2586 -0.7599
vn -0.6007 -0.2569 -0.7571
vn 0.5337 0.3875 -0.7517
vn 0.9821 -0.0021 -0.1884
vn 0.4887 0.5121 0.7063
vn 0.3136 0.7046 0.6365
vn -0.6716 0.4412 0.5952
vn -0.6634 0.4408 0.6047
vn -0.6895 0.4056 0.6001
vn -0.9024 -0.2119 0.3752
vn -0.8852 -0.2222 0.4086
vn -0.8854 -0.2247 0.4070
vn -0.8605 -0.4415 -0.2544
vn -0.8287 -0.4679 -0.3071
vn -0.8545 -0.3850 -0.3487
vn -0.8403 -0.3330 -0.4279
vn -0.8276 -0.3501 -0.4389
vn -0.7666 -0.2931 -0.5713
vn -0.0088 0.0865 -0.9962
vn 0.1331 0.7134 -0.6880
vn 0.7167 0.3902 -0.5780
vn -0.9183 -0.3919 -0.0565
vn -0.9153 -0.3845 -0.1202
vn -0.9156 -0.4000 0.0396
vn -0.8800 -0.3536 -0.3170
vn -0.6288 -0.3187 -0.7092
vn -0.7013 -0.3444 -0.6242
vn -0.9898 0.0221 -0.1405
vn 0.9800 0.0023 0.1991
vn 1.0000 -0.0010 -0.0097
vn -0.3726 -0.6445 0.6676
vn -0.7817 0.1438 0.6068
vn -0.8375 0.2620 0.4795
vn -0.8435 0.2583 0.4710
vn -0.8784 0.2822 0.3858
vn -0.7631 -0.5338 0.3644
vn -0.8578 -0.4661 -0.2167
vn -0.2861 -0.3992 -0.8711
vn 0.0408 0.1327 -0.9903
vn 0.2025 -0.0054 -0.9793
vn 0.1011 0.7271 -0.6791
vn 0.4159 0.5882 -0.6936
vn -0.2352 0.4198 0.8766
vn -0.7722 0.2581 0.5806
vn -0.9229 -0.2247 0.3128
vn -0.3147 0.0037 0.9492
vn -0.7951 -0.2981 -0.5282
vn -0.2500 0.5283 -0.8114
vn -0.2291 0.5907 -0.7737
vn -0.2307 0.5863 -0.7766
vn 0.8427 0.0849 -0.5317
vn 0.8945 0.0957 0.4367
vn 0.1025 0.7752 0.6234
vn 0.0480 0.6569 0.7525
vn -0.0216 0.7242 0.6893
vn -0.6341 -0.3556 0.6867
vn -0.6971 -0.3335 0.6347
vn -0.7171 -0.3278 0.6151
vn -0.9589 -0.2677 -0.0941
vn -0.9556 -0.2846 -0.0761
vn -0.6887 -0.3515 -0.6342
vn 0.9878 -0.0033 0.1554
vn 0.2265 0.7833 0.5789
vn -0.4482 -0.3945 -0.8022
vn -0.2584 0.5010 -0.8260
vn -0.2500 0.5284 -0.8114
vn -0.0944 0.0815 -0.9922
vn 0.2417 0.6751 -0.6970
vn 0.5995 0.2717 0.7529
vn -0.9216 -0.3294 0.2055
vn -0.1355 0.1303 -0.9822
vn -0.9432 -0.3277 -0.0544
vn -0.9504 -0.2994 -0.0840
vn -0.9504 -0.2994 -0.0841
vn -0.7773 0.2589 -0.5735
vn -0.8301 0.2161 -0.5141
vn -0.7094 0.3110 -0.6325
vn 0.5951 0.4240 -0.6826
vn 0.7962 0.0970 0.5972
vn -0.2414 -0.0156 -0.9703
vn -0.1572 -0.0098 -0.9875
vn -0.2525 -0.0090 -0.9675
vn -0.4586 0.2648 0.8483
vn -0.3703 0.1053 0.9229
vn -0.3909 0.1453 0.9089
vn -0.9127 -0.4020 0.0733
vn -0.7721 -0.1593 0.6152
vn -0.1400 0.1400 0.9802
vn -0.1409 0.0861 0.9863
vn -0.1409 0.0851 0.9864
vn -0.1412 0.0526 0.9886
vn 0.9153 -0.0018 -0.4028
vn 0.9489 -0.0035 0.3156
vn -0.4840 0.2801 0.8290
vn -0.4913 0.2718 0.8275
vn -0.4302 0.4303 0.7936
vn -0.6679 -0.2864 0.6869
vn -0.7048 -0.2435 0.6663
vn -0.9652 -0.1788 0.1908
vn -0.5942 -0.0390 0.8034
vn -0.5547 -0.0594 0.8300
vn -0.6065 -0.0324 0.7944
vn -0.9920 -0.0231 -0.1239
vn -0.9100 0.1896 -0.3686
vn -0.9432 0.2165 -0.2520
vn -0.9330 0.1793 -0.3119
vn -0.8717 0.1801 -0.4557
vn -0.3862 -0.0204 -0.9222
vn -0.3902 -0.0262 -0.9204
vn 0.6783 0.0967 0.7284
vn -0.2291 0.3540 0.9067
vn -0.1746 0.3109 0.9343
vn -0.1931 0.3257 0.9256
vn -0.7827 -0.2685 0.5616
vn -0.7838 -0.2648 0.5617
vn -0.6487 -0.0092 0.7610
vn -0.9379 0.2304 -0.2593
vn -0.5006 0.0246 -0.8653
vn -0.5017 0.0430 -0.8640
vn -0.1687 0.1495 -0.9743
vn -0.0490 -0.6238 -0.7801
vn 0.0033 -0.6319 -0.7750
vn -0.0569 -0.6169 -0.7850
vn -0.0565 -0.6093 -0.7910
vn -0.0000 -0.6398 -0.7686
vn 0.0246 -0.6374 -0.7701
vn 0.0429 -0.6362 -0.7704
vn 0.0416 -0.6367 -0.7700
vn 0.4564 0.3239 -0.8287
vn 0.7756 -0.2928 0.5592
vn 0.7412 -0.5527 0.3810
vn 0.3231 0.5093 0.7977
vn 0.0462 0.7325 0.6792
vn -0.2514 0.3713 0.8938
vn -0.9725 0.0602 0.2249
vn -0.9625 -0.0236 0.2702
vn -0.9568 0.2076 0.2037
vn -0.9673 0.2517 -0.0312
vn -0.9746 0.2210 -0.0369
vn -0.9905 0.1276 -0.0505
vn -0.6343 0.4541 -0.6257
vn -0.6660 0.3050 -0.6808
vn -0.6437 0.2936 -0.7067
vn -0.5514 0.0587 -0.8322
vn -0.0627 -0.0703 -0.9956
vn 0.0477 0.7616 -0.6463
vn 0.0484 0.7355 -0.6758
vn 0.2507 0.4574 -0.8532
vn 0.4926 0.1891 0.8495
vn -0.9210 -0.2321 0.3128
vn -0.9665 -0.0510 0.2514
vn -0.3085 0.9140 -0.2636
vn -0.0787 0.7461 -0.6612
vn -0.0130 0.7401 -0.6724
vn -0.0544 0.7280 -0.6834
vn -0.0000 0.7348 -0.6783
vn 0.0288 0.7206 -0.6927
vn 0.0435 0.7129 -0.6999
vn 0.7276 0.1249 -0.6746
vn 0.8773 -0.0008 0.4799
vn -0.9725 0.0601 0.2249
vn -0.7327 0.6801 -0.0231
vn 0.9488 -0.0097 -0.3158
vn 0.8279 -0.3233 -0.4583
vn 0.6716 -0.5079 0.5394
vn 0.8010 -0.0187 0.5983
vn 0.1211 0.5917 0.7970
vn -0.3171 0.6233 0.7149
vn -0.4221 0.5588 0.7138
vn -0.3592 0.5989 0.7158
vn -0.9096 -0.2699 0.3159
vn 0.0679 0.7019 -0.7090
vn -0.6321 0.4688 0.6170
vn -0.5871 0.4970 0.6390
vn -0.6729 0.4514 0.5861
vn -0.9888 -0.0564 -0.1383
vn -0.9958 0.0524 -0.0756
vn -0.9859 -0.0661 -0.1536
vn 0.7254 -0.4410 -0.5285
vn 0.8381 -0.0762 0.5401
vn -0.1524 0.7262 0.6704
vn -0.9887 0.0198 -0.1485
vn -0.7384 -0.6367 -0.2221
vn -0.7532 -0.5995 -0.2708
vn -0.7548 -0.5647 -0.3339
vn 0.8251 0.0023 -0.5650
vn 0.9859 0.0013 -0.1672
vn 0.6218 -0.3152 0.7169
vn -0.4667 0.5275 0.7099
vn -0.8258 -0.3377 -0.4517
vn -0.8233 -0.3482 -0.4483
vn -0.2225 0.6658 -0.7122
vn -0.1649 0.6324 -0.7569
vn 0.5621 0.1271 -0.8172
vn -0.7000 0.6884 0.1900
vn -0.7310 0.6376 0.2431
vn -0.7594 0.6319 0.1552
vn -0.5701 -0.3769 -0.7301
vn -0.6049 -0.4883 -0.6290
vn -0.5580 -0.3381 -0.7578
vn -0.2482 0.7260 -0.6413
vn 0.7138 -0.5964 -0.3671
vn 0.6890 -0.6940 -0.2088
vn 0.6577 -0.7289 0.1901
vn -0.7536 0.4655 0.4640
vn -0.7400 0.4606 0.4902
vn -0.9294 -0.3544 0.1027
vn -0.6440 -0.5415 -0.5404
vn -0.6471 -0.5255 -0.5523
vn -0.6537 -0.4549 -0.6048
vn 0.6885 -0.0790 0.7209
vn 0.6776 -0.0115 0.7353
vn 0.2297 0.3037 0.9247
vn 0.6837 -0.7297 0.0099
vn 0.7937 -0.6084 -0.0041
vn 0.5827 -0.7189 0.3790
vn -0.1111 0.6649 0.7386
vn -0.2523 0.6912 0.6772
vn -0.2703 0.7613 0.5894
vn 0.8385 -0.0000 -0.5448
vn 0.5319 -0.7335 -0.4232
vn 0.5356 -0.6163 -0.5773
vn 0.4621 -0.0048 0.8868
vn -0.4384 0.7424 0.5067
vn -0.3954 0.7071 0.5862
vn -0.7914 0.4436 0.4206
vn -0.5989 0.7628 -0.2439
vn -0.5089 0.7955 -0.3289
vn -0.5634 0.7251 -0.3960
vn 0.5308 -0.5976 0.6010
vn -0.6810 0.7260 -0.0958
vn -0.7056 0.7079 0.0321
vn -0.6217 0.7680 -0.1538
vn -0.3477 0.7346 -0.5827
vn -0.3665 0.6946 -0.6190
vn 0.7309 0.0053 -0.6824
vn 0.6159 -0.3353 -0.7129
vn 0.3048 0.1034 0.9468
vn 0.0652 0.5357 0.8419
vn -0.6730 0.6938 -0.2565
vn 0.0325 0.4272 -0.9036
vn -0.1194 0.3786 -0.9178
vn 0.3316 0.1281 -0.9347
vn 0.7866 -0.1070 -0.6082
vn 0.4547 -0.5140 -0.7273
vn -0.2277 0.6216 0.7496
vn -0.5097 0.7319 -0.4522
vn 0.5243 -0.8108 -0.2602
vn -0.4717 0.7128 -0.5190
vn 0.5925 0.0023 -0.8055
vn -0.3662 0.5085 0.7793
vn -0.6397 0.6196 0.4548
vn -0.4162 0.5416 -0.7303
vn 0.1196 0.1935 -0.9738
vn 0.3141 -0.6936 0.6483
vn 0.3924 -0.7611 0.5165
vn 0.4478 -0.3531 0.8215
vn 0.5061 -0.0898 0.8578
vn 0.3353 -0.7874 -0.5172
vn 0.7243 0.0105 -0.6894
vn 0.4591 -0.8674 0.1920
vn 0.4290 -0.8221 0.3745
vn -0.5926 0.5551 -0.5838
vn -0.3188 0.3350 -0.8866
vn -0.5258 0.5433 0.6545
vn -0.5824 0.7203 0.3768
vn 0.4128 0.0070 -0.9108
vn 0.4104 -0.9021 -0.1335
vn 0.0521 0.0895 0.9946
vn -0.4720 0.2842 -0.8345
vn 0.4776 -0.8786 -0.0023
vn 0.0155 0.2431 0.9699
vn -0.7775 0.6263 -0.0574
vn 0.6210 -0.0776 -0.7799
vn 0.2377 -0.6554 -0.7169
vn 0.4614 -0.2543 -0.8500
vn 0.1644 -0.8479 -0.5040
vn -0.1451 0.2990 0.9432
vn -0.1553 0.1488 0.9766
vn -0.7312 0.6490 0.2102
vn 0.5768 0.0135 -0.8168
vn 0.3072 -0.3921 -0.8671
vn 0.1008 -0.6962 0.7108
vn 0.2527 -0.5673 0.7838
vn -0.1216 0.1353 -0.9833
vn 0.3008 -0.9197 -0.2523
vn 0.4102 0.0144 0.9119
vn 0.0117 -0.7595 -0.6504
vn 0.2462 -0.9437 0.2209
vn -0.7274 0.4262 0.5379
vn 0.1531 -0.8149 0.5590
vn 0.1656 0.0037 0.9862
vn -0.4978 0.2871 0.8184
vn -0.2836 0.2876 0.9148
vn -0.6512 0.6522 -0.3880
vn -0.6200 0.3200 -0.7164
vn 0.2301 0.0099 -0.9731
vn 0.2057 -0.9092 0.3620
vn 0.1952 -0.3883 0.9006
vn -0.3749 0.1364 0.9170
vn -0.3692 0.0654 -0.9271
vn 0.4770 0.0029 -0.8789
vn 0.2349 -0.9714 -0.0350
vn -0.8078 0.5078 -0.2994
vn -0.6736 0.3117 0.6701
vn 0.0859 -0.9411 -0.3271
vn 0.2103 -0.9758 0.0607
vn -0.1283 -0.6890 0.7133
vn -0.0164 -0.8851 0.4651
vn -0.7809 0.5716 0.2519
vn 0.4438 -0.0539 -0.8945
vn 0.0903 -0.4703 -0.8779
vn 0.2513 -0.1053 0.9622
vn 0.0761 0.0075 -0.9971
vn -0.0930 0.0122 -0.9956
vn 0.0899 -0.9914 -0.0952
vn -0.1674 0.0034 0.9859
vn -0.8728 0.3543 0.3356
vn -0.8899 0.4479 0.0869
vn -0.8118 0.3482 -0.4688
vn -0.7794 0.2074 -0.5912
vn -0.6254 0.0917 -0.7749
vn 0.2836 -0.1077 -0.9529
vn -0.0648 -0.9006 -0.4298
vn -0.8935 0.4374 -0.1016
vn -0.0303 -0.4819 0.8757
vn -0.6263 0.0742 0.7761
vn -0.1976 -0.8710 0.4497
vn -0.3612 0.0122 0.9324
vn 0.3107 0.0140 -0.9504
vn 0.0994 -0.1435 -0.9846
vn -0.1495 -0.5295 -0.8350
vn -0.2913 -0.8224 -0.4887
vn -0.1167 -0.9494 -0.2914
vn 0.0527 -0.9939 0.0969
vn -0.2538 -0.6949 0.6728
vn -0.7792 0.1232 0.6145
vn -0.8596 0.1659 0.4834
vn -0.1986 -0.6720 -0.7134
vn -0.2291 -0.4247 0.8759
vn -0.0377 -0.1681 0.9850
vn -0.9184 0.3376 -0.2065
vn -0.0210 -0.9788 -0.2038
vn 0.0466 -0.9783 0.2019
vn -0.8584 0.3156 -0.4043
vn -0.3081 0.0058 -0.9513
vn -0.5830 0.0032 -0.8124
vn -0.0765 -0.9710 0.2265
vn -0.9182 0.3407 0.2020
vn -0.9814 0.1633 0.1004
vn -0.0805 -0.2755 -0.9579
vn -0.1424 0.0144 0.9897
vn -0.3458 -0.4064 0.8458
vn -0.9546 0.2935 -0.0514
vn -0.3252 -0.3288 -0.8867
vn -0.3104 -0.8958 -0.3180
vn -0.3444 -0.5920 -0.7286
vn -0.0714 -0.0053 -0.9974
vn -0.9411 0.0885 0.3265
vn -0.1872 -0.9754 -0.1168
vn -0.2902 -0.9243 0.2480
vn -0.1266 -0.9894 0.0712
vn -0.3520 -0.8082 0.4722
vn -0.4951 0.0031 0.8689
vn -0.7779 0.0112 -0.6283
vn -0.4041 -0.6030 0.6878
vn -0.2645 -0.1096 0.9581
vn -0.5607 -0.0016 0.8280
vn -0.8997 0.0386 -0.4348
vn -0.8998 0.0167 -0.4359
vn -0.4377 -0.7182 -0.5410
vn -0.2090 -0.0782 -0.9748
vn -0.9215 0.0043 0.3884
vn -0.4188 0.0093 0.9081
vn -0.4264 -0.1272 0.8956
vn -0.9548 0.0261 -0.2961
vn -0.4838 0.0078 -0.8751
vn -0.3328 0.0016 -0.9430
vn -0.4880 -0.5342 -0.6903
vn -0.8415 0.0136 0.5401
vn -0.9635 0.0029 -0.2675
vn -0.5408 -0.3265 0.7752
vn -0.5235 -0.7490 -0.4061
vn -0.4382 -0.8620 -0.2548
vn -0.9917 0.0150 -0.1279
vn -0.5176 -0.7582 0.3965
vn -0.5428 -0.5900 0.5977
vn -0.4473 -0.0683 -0.8918
vn -0.9788 0.0007 0.2050
vn -0.9992 0.0223 -0.0331
vn -0.6372 -0.0048 -0.7707
vn -0.4695 -0.3337 -0.8174
vn -0.5504 -0.0013 0.8349
vn -0.7397 0.0069 -0.6729
vn -0.3698 -0.9210 0.1225
vn -0.4773 -0.8737 -0.0944
vn -0.2671 -0.9636 -0.0150
vn -0.6780 -0.3522 0.6452
vn -0.5628 -0.7852 0.2583
vn -0.5538 -0.3196 -0.7689
vn -0.5521 -0.3932 -0.7352
vn -0.6327 -0.5948 -0.4959
vn -0.7847 0.0134 0.6197
vn -0.8404 0.0064 -0.5419
vn -0.6059 -0.0606 -0.7933
vn -0.6822 -0.4433 -0.5814
vn -0.6425 -0.0839 0.7617
vn -0.9789 0.0112 -0.2041
vn -0.6350 -0.7368 -0.2320
vn -0.7108 -0.5449 0.4449
vn -0.5346 -0.8423 0.0695
vn -0.9274 0.0120 0.3738
vn -0.9816 0.0163 0.1900
vn -0.7360 -0.5807 -0.3480
vn -0.7951 -0.2519 0.5517
vn -0.8020 -0.3742 -0.4656
vn -0.8447 -0.3931 0.3633
vn -0.8142 -0.0661 0.5769
vn -0.7402 -0.6479 0.1797
vn -0.7480 -0.6630 -0.0305
vn -0.7676 -0.2536 -0.5887
vn -0.8071 -0.0835 -0.5844
vn -0.6999 0.0059 -0.7142
vn -0.8125 -0.5513 0.1897
vn -0.9329 0.0119 -0.3599
vn -0.8293 -0.5021 -0.2453
vn -0.9255 -0.1478 0.3488
vn -0.9039 -0.1460 -0.4021
vn -0.9875 0.0266 0.1551
vn -0.9158 -0.3149 -0.2492
vn -0.9286 -0.3708 -0.0136
vn -0.9291 0.0001 0.3698
vn -0.9787 -0.1100 -0.1734
vn -0.9481 -0.2508 0.1953
vn -0.9878 -0.0932 0.1245
vt 0.080916 0.340702
vt 0.122171 0.340512
vt 0.063178 0.362684
vt 0.150485 0.349647
vt 0.124115 0.303000
vt 0.120620 0.296355
vt 0.179316 0.330832
vt 0.223979 0.347216
vt 0.104596 0.332632
vt 0.320748 0.901787
vt 0.318043 0.903046
vt 0.320433 0.901625
vt 0.311372 0.904151
vt 0.322134 0.905579
vt 0.218039 0.803527
vt 0.206918 0.791152
vt 0.209356 0.782429
vt 0.614141 0.152405
vt 0.625736 0.145703
vt 0.622439 0.150388
vt 0.630261 0.146187
vt 0.640029 0.140551
vt 0.603664 0.158125
vt 0.604042 0.155978
vt 0.609386 0.149598
vt 0.608553 0.156779
vt 0.601210 0.156766
vt 0.611772 0.155464
vt 0.526066 0.269134
vt 0.528111 0.275744
vt 0.521347 0.274404
vt 0.520748 0.271772
vt 0.522913 0.276678
vt 0.535039 0.292717
vt 0.522371 0.277001
vt 0.509707 0.268288
vt 0.501982 0.307051
vt 0.501481 0.303859
vt 0.506163 0.278802
vt 0.503445 0.323826
vt 0.522832 0.289596
vt 0.511392 0.304245
vt 0.511097 0.294183
vt 0.500142 0.290295
vt 0.526314 0.297451
vt 0.519519 0.279049
vt 0.526642 0.260978
vt 0.524245 0.264749
vt 0.515830 0.274106
vt 0.518434 0.265297
vt 0.508519 0.289182
vt 0.508545 0.257005
vt 0.521092 0.275650
vt 0.527791 0.289106
vt 0.531993 0.299104
vt 0.495611 0.312954
vt 0.536948 0.259116
vt 0.528259 0.247240
vt 0.530374 0.241629
vt 0.536922 0.246608
vt 0.389963 0.017699
vt 0.361535 0.016234
vt 0.406126 0.014378
vt 0.499996 0.286900
vt 0.519005 0.274987
vt 0.372028 0.019908
vt 0.356737 0.018132
vt 0.496021 0.320705
vt 0.538825 0.268406
vt 0.524691 0.240749
vt 0.516995 0.278511
vt 0.518177 0.267948
vt 0.356829 0.007771
vt 0.179353 0.660006
vt 0.164927 0.663561
vt 0.166958 0.660513
vt 0.163507 0.661508
vt 0.163396 0.656101
vt 0.543930 0.297903
vt 0.494652 0.312086
vt 0.154257 0.661393
vt 0.184011 0.666371
vt 0.364220 0.031830
vt 0.549524 0.277921
vt 0.542558 0.232710
vt 0.534201 0.236619
vt 0.600808 0.149232
vt 0.519428 0.277137
vt 0.910589 0.317364
vt 0.906072 0.314906
vt 0.916107 0.307274
vt 0.517035 0.274512
vt 0.394696 0.006835
vt 0.547248 0.314666
vt 0.554669 0.269137
vt 0.529570 0.236283
vt 0.810583 0.867082
vt 0.808184 0.876428
vt 0.804424 0.863153
vt 0.492438 0.306114
vt 0.581815 0.170365
vt 0.515299 0.233825
vt 0.503025 0.262810
vt 0.900811 0.307771
vt 0.878315 0.337772
vt 0.914349 0.319641
vt 0.163139 0.668504
vt 0.575375 0.181857
vt 0.631168 0.138715
vt 0.613902 0.140912
vt 0.538721 0.225798
vt 0.495382 0.300705
vt 0.919978 0.309613
vt 0.427338 0.018779
vt 0.543576 0.289033
vt 0.615049 0.153868
vt 0.611122 0.140977
vt 0.696126 0.905590
vt 0.680006 0.907861
vt 0.683472 0.901402
vt 0.672515 0.915349
vt 0.666486 0.907928
vt 0.707296 0.920620
vt 0.702480 0.905105
vt 0.679146 0.931204
vt 0.687459 0.725109
vt 0.698749 0.723558
vt 0.710875 0.735344
vt 0.653618 0.844022
vt 0.659072 0.854447
vt 0.656023 0.856250
vt 0.657073 0.857077
vt 0.658442 0.857176
vt 0.664495 0.869095
vt 0.665688 0.857796
vt 0.652529 0.835408
vt 0.653188 0.859572
vt 0.655091 0.859873
vt 0.656443 0.859316
vt 0.684001 0.891573
vt 0.699204 0.894533
vt 0.671641 0.883103
vt 0.666453 0.894258
vt 0.648770 0.867043
vt 0.653422 0.859799
vt 0.711975 0.919940
vt 0.699895 0.718962
vt 0.685337 0.722055
vt 0.674715 0.862591
vt 0.644150 0.854805
vt 0.712134 0.726682
vt 0.715318 0.905838
vt 0.705460 0.899955
vt 0.705277 0.900123
vt 0.705304 0.899970
vt 0.658014 0.833396
vt 0.671108 0.925121
vt 0.677282 0.933016
vt 0.707981 0.899770
vt 0.706499 0.899707
vt 0.706080 0.899623
vt 0.704375 0.898680
vt 0.704811 0.898984
vt 0.720484 0.907898
vt 0.704320 0.892051
vt 0.668548 0.847513
vt 0.675531 0.720072
vt 0.668602 0.733145
vt 0.692577 0.885377
vt 0.658625 0.920466
vt 0.663596 0.835026
vt 0.641000 0.824793
vt 0.637851 0.835451
vt 0.629690 0.830203
vt 0.623350 0.823267
vt 0.695171 0.711124
vt 0.717812 0.720430
vt 0.707967 0.711872
vt 0.726136 0.743360
vt 0.720149 0.903097
vt 0.645172 0.820130
vt 0.701233 0.705123
vt 0.683677 0.709593
vt 0.665442 0.725937
vt 0.716645 0.894934
vt 0.666405 0.719401
vt 0.705240 0.877971
vt 0.700424 0.862611
vt 0.716360 0.710829
vt 0.708495 0.836568
vt 0.656939 0.728475
vt 0.651118 0.819863
vt 0.619444 0.807903
vt 0.679797 0.708260
vt 0.664644 0.815083
vt 0.691698 0.702115
vt 0.732009 0.734985
vt 0.728049 0.730454
vt 0.727719 0.718255
vt 0.704990 0.699541
vt 0.728743 0.860556
vt 0.715574 0.846362
vt 0.716837 0.707197
vt 0.698354 0.828022
vt 0.752050 0.895317
vt 0.691439 0.819584
vt 0.724437 0.847860
vt 0.644847 0.692806
vt 0.739763 0.879468
vt 0.753018 0.909094
vt 0.743241 0.719008
vt 0.714838 0.834590
vt 0.684682 0.808462
vt 0.745958 0.736490
vt 0.736658 0.704248
vt 0.702886 0.825913
vt 0.737832 0.863846
vt 0.740037 0.855764
vt 0.726129 0.688315
vt 0.654818 0.685443
vt 0.731807 0.846863
vt 0.694445 0.818606
vt 0.787908 0.720060
vt 0.793868 0.713561
vt 0.814947 0.724272
vt 0.691693 0.670216
vt 0.722220 0.838036
vt 0.806315 0.738466
vt 0.663442 0.678400
vt 0.746183 0.882096
vt 0.746625 0.876768
vt 0.703762 0.669505
vt 0.718951 0.823786
vt 0.755688 0.897217
vt 0.743326 0.847096
vt 0.726527 0.838247
vt 0.700616 0.819634
vt 0.764593 0.707335
vt 0.639087 0.706626
vt 0.642745 0.691992
vt 0.637297 0.700698
vt 0.724695 0.818868
vt 0.765893 0.724715
vt 0.761367 0.693732
vt 0.676466 0.674825
vt 0.756444 0.893706
vt 0.749354 0.873171
vt 0.756215 0.836732
vt 0.747438 0.849589
vt 0.701234 0.817940
vt 0.689673 0.810825
vt 0.750709 0.865408
vt 0.755807 0.831100
vt 0.734115 0.809692
vt 0.722248 0.814804
vt 0.733194 0.804804
vt 0.798789 0.709661
vt 0.785523 0.712499
vt 0.778279 0.716896
vt 0.756015 0.842171
vt 0.705037 0.815936
vt 0.725921 0.663224
vt 0.686204 0.667913
vt 0.652796 0.667281
vt 0.632754 0.675432
vt 0.633157 0.671075
vt 0.757731 0.891236
vt 0.756770 0.864407
vt 0.751567 0.852963
vt 0.705894 0.666281
vt 0.643182 0.674189
vt 0.685838 0.806015
vt 0.763992 0.717511
vt 0.791869 0.708836
vt 0.651054 0.684432
vt 0.732168 0.798451
vt 0.689455 0.805090
vt 0.216352 0.029842
vt 0.214043 0.035212
vt 0.199409 0.030010
vt 0.649974 0.664478
vt 0.759078 0.882707
vt 0.770217 0.714325
vt 0.699781 0.663507
vt 0.665506 0.673131
vt 0.629886 0.669542
vt 0.760311 0.897834
vt 0.764294 0.689431
vt 0.682687 0.664019
vt 0.761814 0.877971
vt 0.232351 0.020895
vt 0.224997 0.034514
vt 0.236936 0.031355
vt 0.715451 0.657622
vt 0.516371 0.228865
vt 0.772326 0.712426
vt 0.763333 0.674298
vt 0.637049 0.665054
vt 0.553727 0.334143
vt 0.485774 0.253000
vt 0.917229 0.329341
vt 0.179182 0.655756
vt 0.431552 0.021925
vt 0.532234 0.248142
vt 0.529921 0.249153
vt 0.557465 0.249626
vt 0.565339 0.234919
vt 0.592484 0.173342
vt 0.766781 0.690305
vt 0.695571 0.661257
vt 0.671942 0.660599
vt 0.671140 0.663476
vt 0.761757 0.891251
vt 0.907340 0.304842
vt 0.627077 0.156734
vt 0.545051 0.165197
vt 0.545870 0.165962
vt 0.251500 0.013593
vt 0.252658 0.023411
vt 0.794085 0.705310
vt 0.664192 0.671189
vt 0.649633 0.659590
vt 0.919738 0.334496
vt 0.919105 0.295702
vt 0.892072 0.340811
vt 0.197685 0.656724
vt 0.213809 0.685278
vt 0.597076 0.189414
vt 0.623823 0.134599
vt 0.230387 0.814037
vt 0.189314 0.772756
vt 0.189343 0.765755
vt 0.549796 0.285026
vt 0.156622 0.904575
vt 0.185238 0.910544
vt 0.183088 0.912817
vt 0.187410 0.910155
vt 0.183496 0.071379
vt 0.569562 0.205451
vt 0.643050 0.133478
vt 0.662092 0.127280
vt 0.576693 0.151234
vt 0.772964 0.674581
vt 0.636899 0.658746
vt 0.631068 0.670676
vt 0.165886 0.649341
vt 0.535277 0.311756
vt 0.177956 0.906013
vt 0.272444 0.018864
vt 0.774003 0.708536
vt 0.771024 0.692155
vt 0.684316 0.656690
vt 0.668872 0.657546
vt 0.807808 0.889823
vt 0.852961 0.344579
vt 0.431978 0.008007
vt 0.592783 0.192880
vt 0.103568 0.889950
vt 0.237430 0.915942
vt 0.190333 0.916421
vt 0.252203 0.076926
vt 0.602522 0.171461
vt 0.559850 0.155108
vt 0.183484 0.900082
vt 0.193594 0.904573
vt 0.697639 0.657688
vt 0.906592 0.301360
vt 0.551684 0.287953
vt 0.614036 0.168909
vt 0.637470 0.159575
vt 0.643166 0.128941
vt 0.600610 0.139038
vt 0.612299 0.136005
vt 0.196784 0.916917
vt 0.220145 0.911957
vt 0.276198 0.012255
vt 0.646765 0.649100
vt 0.184218 0.767900
vt 0.554093 0.309852
vt 0.492943 0.314027
vt 0.564510 0.177084
vt 0.777755 0.677468
vt 0.713936 0.654841
vt 0.933844 0.278345
vt 0.137208 0.752544
vt 0.181030 0.784454
vt 0.190980 0.799073
vt 0.257155 0.023351
vt 0.846996 0.287138
vt 0.848800 0.342903
vt 0.563400 0.170951
vt 0.648764 0.118643
vt 0.235926 0.909231
vt 0.657388 0.656075
vt 0.967882 0.322020
vt 0.168403 0.773315
vt 0.430346 0.033388
vt 0.551326 0.289535
vt 0.573071 0.144568
vt 0.667196 0.651025
vt 0.608388 0.624843
vt 0.543786 0.285608
vt 0.547209 0.282626
vt 0.584732 0.197227
vt 0.624908 0.176471
vt 0.662127 0.156824
vt 0.535076 0.165989
vt 0.543447 0.159337
vt 0.507412 0.170010
vt 0.247577 0.917316
vt 0.217011 0.905061
vt 0.690338 0.650756
vt 0.671984 0.650716
vt 0.157490 0.757192
vt 0.163530 0.764346
vt 0.557076 0.339427
vt 0.571968 0.201541
vt 0.608097 0.186796
vt 0.597873 0.129006
vt 0.779333 0.690387
vt 0.680106 0.648331
vt 0.253403 0.804241
vt 0.248105 0.785667
vt 0.251075 0.786969
vt 0.240432 0.777094
vt 0.245430 0.787768
vt 0.231371 0.779671
vt 0.231296 0.784178
vt 0.218080 0.778741
vt 0.163320 0.739481
vt 0.551274 0.339056
vt 0.648107 0.109609
vt 0.553789 0.144200
vt 0.207754 0.925211
vt 0.216150 0.921758
vt 0.225505 0.921325
vt 0.241060 0.907672
vt 0.204640 0.901114
vt 0.213673 0.898717
vt 0.782143 0.709172
vt 0.698768 0.655389
vt 0.673405 0.647394
vt 0.245509 0.778107
vt 0.205932 0.805963
vt 0.850974 0.283950
vt 0.582937 0.134931
vt 0.138715 0.922284
vt 0.196632 0.939534
vt 0.701541 0.662090
vt 0.219919 0.776455
vt 0.647233 0.110574
vt 0.590756 0.127910
vt 0.259630 0.918526
vt 0.114603 0.907870
vt 0.208723 0.808773
vt 0.166428 0.756387
vt 0.845084 0.337641
vt 0.203461 0.689016
vt 0.614711 0.129386
vt 0.582931 0.124291
vt 0.229499 0.901581
vt 0.191308 0.648931
vt 0.192567 0.644955
vt 0.204509 0.656491
vt 0.562791 0.301517
vt 0.192561 0.945396
vt 0.131133 0.757700
vt 0.141557 0.764185
vt 0.574493 0.212355
vt 0.567482 0.199920
vt 0.634542 0.178642
vt 0.664349 0.636677
vt 0.699173 0.603711
vt 0.257055 0.781483
vt 0.220926 0.757266
vt 0.558524 0.318727
vt 0.255456 0.935224
vt 0.247344 0.773971
vt 0.153107 0.731802
vt 0.889189 0.288381
vt 0.651228 0.107222
vt 0.146930 0.929018
vt 0.159495 0.938544
vt 0.142825 0.929924
vt 0.130282 0.926103
vt 0.181818 0.948360
vt 0.252354 0.776308
vt 0.216651 0.758327
vt 0.227632 0.690899
vt 0.262175 0.931804
vt 0.128238 0.921495
vt 0.860625 0.359428
vt 0.557941 0.274240
vt 0.553209 0.280269
vt 0.582986 0.200659
vt 0.268496 0.916496
vt 0.156242 0.748916
vt 0.851937 0.274112
vt 0.222561 0.675475
vt 0.564362 0.334453
vt 0.579600 0.196597
vt 0.572426 0.131552
vt 0.570843 0.131315
vt 0.270578 0.931601
vt 0.267787 0.925371
vt 0.267617 0.925209
vt 0.268673 0.925440
vt 0.268215 0.924873
vt 0.267752 0.924975
vt 0.266138 0.924731
vt 0.325500 0.935455
vt 0.239579 0.763583
vt 0.213165 0.760341
vt 0.212806 0.771618
vt 0.132538 0.765356
vt 0.565883 0.321202
vt 0.589714 0.118363
vt 0.585022 0.122446
vt 0.281692 0.912665
vt 0.151904 0.939944
vt 0.191349 0.958779
vt 0.210109 0.757719
vt 0.126323 0.706045
vt 0.194218 0.641931
vt 0.190724 0.643790
vt 0.571403 0.284351
vt 0.580890 0.259648
vt 0.587854 0.226705
vt 0.579803 0.205644
vt 0.516947 0.163240
vt 0.780274 0.661106
vt 0.786558 0.659743
vt 0.789419 0.669410
vt 0.175164 0.743608
vt 0.133293 0.756816
vt 0.843586 0.351725
vt 0.569427 0.128695
vt 0.269394 0.920391
vt 0.107124 0.914654
vt 0.105978 0.929247
vt 0.200773 0.957510
vt 0.123555 0.958340
vt 0.133081 0.987627
vt 0.266828 0.785809
vt 0.226520 0.754910
vt 0.143127 0.733255
vt 0.130188 0.751193
vt 0.186598 0.650219
vt 0.559137 0.323664
vt 0.571029 0.303447
vt 0.560831 0.141984
vt 0.528021 0.156533
vt 0.145528 0.941985
vt 0.791673 0.673983
vt 0.796293 0.667286
vt 0.261708 0.782997
vt 0.261302 0.781482
vt 0.231239 0.755388
vt 0.518425 0.157965
vt 0.506223 0.164632
vt 0.248421 0.936666
vt 0.307084 0.920435
vt 0.120627 0.936724
vt 0.203761 0.647445
vt 0.560676 0.327400
vt 0.590513 0.277546
vt 0.654718 0.167744
vt 0.318899 0.936206
vt 0.303574 0.925238
vt 0.092932 0.908081
vt 0.109254 0.923097
vt 0.120718 0.938497
vt 0.260703 0.779304
vt 0.255909 0.773115
vt 0.208453 0.758930
vt 0.230561 0.677720
vt 0.232660 0.668602
vt 0.178070 0.615726
vt 0.614185 0.193779
vt 0.665362 0.161102
vt 0.665342 0.158103
vt 0.235570 0.900296
vt 0.107752 0.946516
vt 0.233735 0.676426
vt 0.667117 0.156823
vt 0.671091 0.157871
vt 0.096630 0.933843
vt 0.136066 0.943769
vt 0.778382 0.673585
vt 0.773358 0.655850
vt 0.771842 0.650566
vt 0.236551 0.680833
vt 0.580265 0.296835
vt 0.606752 0.232170
vt 0.302326 0.919262
vt 0.277474 0.906192
vt 0.182781 0.648416
vt 0.516025 0.161640
vt 0.243212 0.942195
vt 0.253698 0.936340
vt 0.207452 0.892835
vt 0.805712 0.651784
vt 0.794545 0.660979
vt 0.183126 0.722089
vt 0.149456 0.757887
vt 0.153516 0.762028
vt 0.208040 0.648637
vt 0.570145 0.320987
vt 0.609663 0.255872
vt 0.673344 0.158623
vt 0.297824 0.899812
vt 0.171313 0.953439
vt 0.798153 0.676042
vt 0.812943 0.645741
vt 0.253026 0.761902
vt 0.128690 0.746790
vt 0.183472 0.637625
vt 0.564153 0.327046
vt 0.672409 0.155734
vt 0.570653 0.129299
vt 0.268583 0.780465
vt 0.194353 0.637283
vt 0.180822 0.626624
vt 0.613190 0.211686
vt 0.571636 0.126609
vt 0.582210 0.121943
vt 0.205320 0.902280
vt 0.794225 0.648261
vt 0.119841 0.959472
vt 0.107297 0.954769
vt 0.241655 0.678950
vt 0.563993 0.340775
vt 0.630581 0.194503
vt 0.331827 0.911251
vt 0.828933 0.646130
vt 0.099535 0.962962
vt 0.218544 0.738421
vt 0.126127 0.730454
vt 0.119503 0.712316
vt 0.174338 0.954440
vt 0.073224 0.957744
vt 0.238782 0.743316
vt 0.174968 0.728537
vt 0.154357 0.765010
vt 0.241180 0.687527
vt 0.226715 0.660560
vt 0.217856 0.656548
vt 0.195450 0.634249
vt 0.188006 0.618563
vt 0.568798 0.125345
vt 0.678814 0.151526
vt 0.681041 0.149033
vt 0.684039 0.150388
vt 0.253591 0.942592
vt 0.205398 0.736953
vt 0.195183 0.729329
vt 0.144515 0.761848
vt 0.644918 0.180523
vt 0.294445 0.933655
vt 0.084895 0.927990
vt 0.807256 0.700338
vt 0.741335 0.638908
vt 0.768398 0.656978
vt 0.143059 0.966629
vt 0.247346 0.672103
vt 0.389861 0.037939
vt 0.395403 0.036271
vt 0.413227 0.037022
vt 0.300138 0.917019
vt 0.174409 0.617796
vt 0.573296 0.326553
vt 0.569346 0.324922
vt 0.133679 0.940230
vt 0.093348 0.939268
vt 0.758415 0.644673
vt 0.757674 0.641536
vt 0.178953 0.640983
vt 0.585370 0.341380
vt 0.590801 0.315943
vt 0.606242 0.286231
vt 0.409302 0.035493
vt 0.286261 0.934671
vt 0.065952 0.912122
vt 0.760394 0.640603
vt 0.757539 0.640229
vt 0.755906 0.639809
vt 0.271985 0.789493
vt 0.208764 0.735342
vt 0.142880 0.758249
vt 0.237420 0.661838
vt 0.205873 0.639901
vt 0.585987 0.342936
vt 0.665787 0.170769
vt 0.413020 0.041931
vt 0.239082 0.934651
vt 0.198520 0.881263
vt 0.090300 0.934206
vt 0.079319 0.931415
vt 0.828735 0.724173
vt 0.849126 0.633226
vt 0.807934 0.641356
vt 0.756662 0.634030
vt 0.718780 0.631506
vt 0.225592 0.738508
vt 0.224397 0.652839
vt 0.219109 0.652140
vt 0.572713 0.326524
vt 0.591923 0.349781
vt 0.684703 0.155386
vt 0.791682 0.697546
vt 0.036530 0.953501
vt 0.119652 0.741950
vt 0.189246 0.622394
vt 0.230574 0.635593
vt 0.226260 0.631367
vt 0.226998 0.626939
vt 0.591533 0.349753
vt 0.597054 0.356059
vt 0.594302 0.351949
vt 0.629684 0.206036
vt 0.689298 0.142943
vt 0.091892 0.948497
vt 0.202589 0.645187
vt 0.195118 0.641854
vt 0.592058 0.350549
vt 0.584817 0.344607
vt 0.593730 0.353773
vt 0.587923 0.350268
vt 0.631184 0.250551
vt 0.616373 0.222144
vt 0.616857 0.224154
vt 0.615113 0.221316
vt 0.619458 0.211268
vt 0.620333 0.210037
vt 0.431940 0.037253
vt 0.292020 0.939153
vt 0.198755 0.893157
vt 0.805126 0.667722
vt 0.268120 0.747521
vt 0.246781 0.697566
vt 0.250504 0.664862
vt 0.628382 0.226164
vt 0.617500 0.221562
vt 0.618173 0.219268
vt 0.616917 0.220832
vt 0.620971 0.214256
vt 0.618917 0.212431
vt 0.620632 0.211766
vt 0.622143 0.210266
vt 0.642976 0.193901
vt 0.313681 0.916069
vt 0.091752 0.943004
vt 0.256408 0.749277
vt 0.147521 0.692602
vt 0.239277 0.623209
vt 0.226717 0.621271
vt 0.588117 0.337065
vt 0.622493 0.211460
vt 0.337006 0.912188
vt 0.084740 0.938590
vt 0.823032 0.698634
vt 0.712879 0.632299
vt 0.288814 0.766931
vt 0.244171 0.628016
vt 0.586693 0.345414
vt 0.613070 0.300543
vt 0.656741 0.184519
vt 0.429172 0.042054
vt 0.823212 0.727288
vt 0.257683 0.671585
vt 0.288224 0.922176
vt 0.215133 0.644885
vt 0.640864 0.201306
vt 0.666293 0.177690
vt 0.672661 0.172115
vt 0.684193 0.164688
vt 0.858333 0.627503
vt 0.176211 0.713276
vt 0.182277 0.615343
vt 0.227232 0.619584
vt 0.049525 0.964508
vt 0.263310 0.791474
vt 0.210645 0.648743
vt 0.657634 0.192884
vt 0.659968 0.187877
vt 0.681225 0.172481
vt 0.689582 0.165110
vt 0.694254 0.148442
vt 0.732950 0.652224
vt 0.212299 0.730977
vt 0.197588 0.727939
vt 0.241708 0.695528
vt 0.249225 0.655869
vt 0.231435 0.647029
vt 0.253228 0.634822
vt 0.628893 0.271341
vt 0.259868 0.680466
vt 0.702628 0.152710
vt 0.691946 0.143111
vt 0.447370 0.037460
vt 0.309732 0.900874
vt 0.823074 0.634083
vt 0.664866 0.185776
vt 0.698079 0.150071
vt 0.322367 0.902398
vt 0.320583 0.902234
vt 0.321917 0.901206
vt 0.323512 0.899194
vt 0.301664 0.897367
vt 0.108488 0.939473
vt 0.843584 0.622728
vt 0.155928 0.694363
vt 0.230040 0.641382
vt 0.267456 0.620277
vt 0.649860 0.221129
vt 0.645560 0.206948
vt 0.673624 0.177148
vt 0.333535 0.910328
vt 0.333975 0.905391
vt 0.857823 0.641060
vt 0.596667 0.341551
vt 0.637682 0.335781
vt 0.611762 0.352446
vt 0.648484 0.199874
vt 0.328778 0.898180
vt 0.329064 0.901932
vt 0.191614 0.875063
vt 0.190515 0.879229
vt 0.264966 0.670848
vt 0.269895 0.665862
vt 0.563256 0.347319
vt 0.594749 0.351184
vt 0.642184 0.253380
vt 0.702810 0.146078
vt 0.336146 0.907453
vt 0.093474 0.949302
vt 0.044046 0.971089
vt 0.267581 0.644412
vt 0.334941 0.900575
vt 0.315715 0.895427
vt 0.311956 0.896717
vt 0.086877 0.969418
vt 0.288642 0.784178
vt 0.187166 0.717537
vt 0.240500 0.593253
vt 0.262567 0.602034
vt 0.657395 0.259852
vt 0.084422 0.936467
vt 0.645134 0.305150
vt 0.266344 0.691630
vt 0.272066 0.657460
vt 0.625381 0.361580
vt 0.698590 0.145625
vt 0.359461 0.898295
vt 0.308848 0.893433
vt 0.303106 0.780029
vt 0.238486 0.716585
vt 0.249982 0.731927
vt 0.271804 0.682861
vt 0.264299 0.677371
vt 0.611655 0.363105
vt 0.670030 0.181812
vt 0.304100 0.892644
vt 0.708131 0.625715
vt 0.704417 0.643898
vt 0.295233 0.749841
vt 0.290463 0.548901
vt 0.240394 0.576622
vt 0.676768 0.176338
vt 0.676060 0.176485
vt 0.676239 0.177452
vt 0.678127 0.175437
vt 0.814255 0.735248
vt 0.267508 0.807473
vt 0.270485 0.675115
vt 0.301690 0.591995
vt 0.311264 0.562846
vt 0.654094 0.234524
vt 0.674722 0.183161
vt 0.677133 0.176931
vt 0.678397 0.175910
vt 0.706141 0.147967
vt 0.300736 0.893759
vt 0.296748 0.892993
vt 0.288298 0.891441
vt 0.250332 0.882692
vt 0.234849 0.834078
vt 0.244854 0.823844
vt 0.254105 0.825974
vt 0.267820 0.701202
vt 0.283014 0.632999
vt 0.713252 0.150584
vt 0.257724 0.815283
vt 0.715714 0.618125
vt 0.669472 0.326350
vt 0.662975 0.200383
vt 0.321278 0.894233
vt 0.298257 0.892293
vt 0.275419 0.888199
vt 0.273475 0.717076
vt 0.274798 0.687607
vt 0.278810 0.693026
vt 0.281186 0.679390
vt 0.284524 0.884940
vt 0.088746 0.940718
vt 0.278189 0.725722
vt 0.285807 0.733698
vt 0.641371 0.356362
vt 0.689347 0.278980
vt 0.335164 0.911185
vt 0.228034 0.870068
vt 0.212192 0.854753
vt 0.232270 0.839988
vt 0.693068 0.164769
vt 0.070496 0.930438
vt 0.305883 0.647525
vt 0.322272 0.618873
vt 0.676092 0.189515
vt 0.346962 0.908347
vt 0.344370 0.911330
vt 0.340774 0.911088
vt 0.308336 0.889454
vt 0.295389 0.795192
vt 0.293120 0.726500
vt 0.287389 0.705337
vt 0.351827 0.561315
vt 0.689657 0.158653
vt 0.343126 0.913401
vt 0.311616 0.773671
vt 0.311113 0.782019
vt 0.301162 0.672318
vt 0.296463 0.887224
vt 0.271601 0.880977
vt 0.076925 0.936100
vt 0.299042 0.739980
vt 0.290224 0.715410
vt 0.297971 0.712574
vt 0.282700 0.699217
vt 0.232230 0.602174
vt 0.223688 0.586392
vt 0.667686 0.209459
vt 0.345626 0.899826
vt 0.275752 0.815225
vt 0.308603 0.759280
vt 0.306108 0.746359
vt 0.363987 0.584074
vt 0.369975 0.534169
vt 0.236202 0.516811
vt 0.661922 0.356593
vt 0.710878 0.309553
vt 0.257738 0.875176
vt 0.312075 0.764644
vt 0.310039 0.735233
vt 0.346938 0.905217
vt 0.229448 0.850007
vt 0.232919 0.845383
vt 0.239833 0.843181
vt 0.258047 0.829633
vt 0.270768 0.822542
vt 0.284992 0.807104
vt 0.347513 0.511165
vt 0.677523 0.222993
vt 0.686594 0.188930
vt 0.338766 0.901055
vt 0.323008 0.892331
vt 0.253393 0.861302
vt 0.242768 0.851068
vt 0.246854 0.838832
vt 0.292759 0.717049
vt 0.299255 0.884418
vt 0.251684 0.834974
vt 0.695695 0.168070
vt 0.238750 0.855419
vt 0.253044 0.837297
vt 0.288877 0.821030
vt 0.321271 0.769955
vt 0.318566 0.743823
vt 0.303058 0.723517
vt 0.211044 0.452947
vt 0.759200 0.270070
vt 0.732254 0.226195
vt 0.292790 0.812430
vt 0.313527 0.791085
vt 0.298025 0.690251
vt 0.404968 0.547336
vt 0.251486 0.846513
vt 0.300836 0.803258
vt 0.318372 0.752073
vt 0.171883 0.415963
vt 0.171228 0.320327
vt 0.212061 0.601102
vt 0.278768 0.872760
vt 0.347787 0.662392
vt 0.386561 0.601234
vt 0.193272 0.455067
vt 0.345820 0.902551
vt 0.262550 0.838132
vt 0.319949 0.780763
vt 0.490065 0.494192
vt 0.639307 0.374019
vt 0.656317 0.368836
vt 0.703040 0.168668
vt 0.308685 0.880028
vt 0.272412 0.829668
vt 0.319685 0.760366
vt 0.152625 0.393580
vt 0.367399 0.629098
vt 0.769823 0.297888
vt 0.332881 0.775158
vt 0.415358 0.569698
vt 0.642265 0.355157
vt 0.693506 0.376721
vt 0.308719 0.704860
vt 0.338492 0.893926
vt 0.250127 0.845505
vt 0.251314 0.845384
vt 0.246581 0.844340
vt 0.416911 0.438544
vt 0.148058 0.403972
vt 0.333754 0.881607
vt 0.251817 0.845489
vt 0.262293 0.844057
vt 0.250662 0.844402
vt 0.271548 0.844031
vt 0.322979 0.798940
vt 0.330633 0.713046
vt 0.005000 0.313273
vt 0.838244 0.285702
vt 0.685805 0.151568
vt 0.297479 0.870479
vt 0.332850 0.732782
vt 0.308339 0.695306
vt 0.305050 0.690308
vt 0.305294 0.689542
vt 0.305998 0.687757
vt 0.305635 0.687050
vt 0.305266 0.684185
vt 0.428273 0.587890
vt 0.074943 0.545605
vt 0.139050 0.271271
vt 0.139240 0.289949
vt 0.787552 0.230565
vt 0.756650 0.159829
vt 0.347146 0.894387
vt 0.348395 0.902412
vt 0.334118 0.752285
vt 0.310572 0.689215
vt 0.310328 0.682643
vt 0.421936 0.617735
vt 0.849973 0.268023
vt 0.289275 0.854532
vt 0.328578 0.687932
vt 0.309803 0.688167
vt 0.310172 0.686728
vt 0.311021 0.685055
vt 0.455871 0.528876
vt 0.067395 0.378137
vt 0.148448 0.457565
vt 0.165929 0.299076
vt 0.256580 0.394396
vt 0.232002 0.326204
vt 0.833433 0.511658
vt 0.851813 0.489725
vt 0.868668 0.484369
vt 0.200761 0.582241
vt 0.545056 0.372836
vt 0.601489 0.387810
vt 0.769011 0.170205
vt 0.416747 0.648176
vt 0.312325 0.829850
vt 0.231736 0.310820
vt 0.125831 0.276203
vt 0.334598 0.807673
vt 0.345419 0.792451
vt 0.569134 0.501615
vt 0.913012 0.443610
vt 0.346646 0.778031
vt 0.409239 0.681834
vt 0.456935 0.567214
vt 0.318366 0.853401
vt 0.356697 0.741658
vt 0.193044 0.309384
vt 0.165363 0.313363
vt 0.069860 0.328290
vt 0.097410 0.322156
vt 0.043902 0.257557
vt 0.322369 0.868096
vt 0.354214 0.761267
vt 0.573262 0.483035
vt 0.095010 0.251565
vt 0.839491 0.483864
vt 0.722957 0.421055
vt 0.820033 0.222510
vt 0.132333 0.324848
vt 0.847305 0.508334
vt 0.845963 0.500680
vt 0.728634 0.143046
vt 0.362399 0.901309
vt 0.391047 0.386023
vt 0.211877 0.289610
vt 0.248454 0.286613
vt 0.711127 0.422963
vt 0.831512 0.351503
vt 0.852466 0.294747
vt 0.359296 0.885390
vt 0.373942 0.771019
vt 0.880529 0.484318
vt 0.748306 0.143636
vt 0.702282 0.137591
vt 0.347933 0.812267
vt 0.388694 0.714872
vt 0.594822 0.506487
vt 0.643937 0.492897
vt 0.286464 0.298094
vt 0.871653 0.269695
vt 0.783708 0.177027
vt 0.741329 0.128318
vt 0.374744 0.792122
vt 0.456856 0.662807
vt 0.464402 0.595326
vt 0.274767 0.333296
vt 0.285268 0.274229
vt 0.377231 0.911970
vt 0.372535 0.923258
vt 0.177344 0.295257
vt 0.067619 0.319116
vt 0.553694 0.539962
vt 0.373679 0.896526
vt 0.367619 0.865784
vt 0.465702 0.695669
vt 0.470315 0.629119
vt 0.877801 0.507401
vt 0.872178 0.499614
vt 0.931540 0.450024
vt 0.793474 0.496079
vt 0.127489 0.479233
vt 0.597688 0.397867
vt 0.861354 0.305255
vt 0.231773 0.269073
vt 0.359417 0.358310
vt 0.076617 0.306793
vt 0.847336 0.515507
vt 0.743400 0.593275
vt 0.423353 0.734799
vt 0.488954 0.676838
vt 0.377745 0.879274
vt 0.578164 0.554000
vt 0.147826 0.291968
vt 0.819810 0.196420
vt 0.550114 0.674957
vt 0.116294 0.307244
vt 0.892240 0.444383
vt 0.379057 0.815443
vt 0.328123 0.312245
vt 0.273537 0.258623
vt 0.046783 0.323683
vt 0.330221 0.277852
vt 0.231290 0.254804
vt 0.760375 0.134584
vt 0.354867 0.844859
vt 0.649043 0.523941
vt 0.433812 0.388914
vt 0.347464 0.264393
vt 0.919418 0.485834
vt 0.916321 0.478738
vt 0.491469 0.659675
vt 0.175690 0.277392
vt 0.822216 0.405622
vt 0.237556 0.238809
vt 0.031178 0.321410
vt 0.387664 0.869289
vt 0.897999 0.504535
vt 0.916340 0.199675
vt 0.384447 0.891086
vt 0.421650 0.769422
vt 0.486486 0.710695
vt 0.541732 0.591597
vt 0.656421 0.508210
vt 0.868015 0.510395
vt 0.891455 0.512963
vt 0.934667 0.468948
vt 0.749953 0.121989
vt 0.393474 0.905198
vt 0.532108 0.665560
vt 0.609556 0.543645
vt 0.367037 0.346330
vt 0.122442 0.289448
vt 0.418186 0.790374
vt 0.391491 0.924973
vt 0.390305 0.878564
vt 0.191398 0.249466
vt 0.087893 0.287224
vt 0.915719 0.510938
vt 0.904775 0.510420
vt 0.380767 0.847284
vt 0.364862 0.312609
vt 0.292304 0.246283
vt 0.889980 0.435245
vt 0.911710 0.228409
vt 0.576624 0.598710
vt 0.856009 0.518945
vt 0.956435 0.446899
vt 0.574035 0.631158
vt 0.121750 0.262972
vt 0.851764 0.162613
vt 0.398731 0.853400
vt 0.391736 0.834771
vt 0.470573 0.742581
vt 0.542010 0.693837
vt 0.372787 0.301720
vt 0.198697 0.217275
vt 0.868994 0.368149
vt 0.416995 0.813346
vt 0.350780 0.278574
vt 0.940823 0.484007
vt 0.396801 0.889296
vt 0.562974 0.683854
vt 0.265976 0.098780
vt 0.225691 0.095449
vt 0.234622 0.087796
vt 0.825025 0.124869
vt 0.628992 0.588784
vt 0.340926 0.244824
vt 0.255798 0.224806
vt 0.190582 0.200927
vt 0.106706 0.206013
vt 0.050073 0.291818
vt 0.026455 0.301715
vt 0.263747 0.092044
vt 0.402791 0.876771
vt 0.412714 0.865835
vt 0.607600 0.565709
vt 0.943316 0.491682
vt 0.980362 0.456564
vt 0.750235 0.107904
vt 0.661117 0.560921
vt 0.698874 0.529204
vt 0.350095 0.246759
vt 0.148308 0.218672
vt 0.441468 0.797289
vt 0.136014 0.227899
vt 0.186745 0.090106
vt 0.200591 0.093788
vt 0.177267 0.109099
vt 0.445714 0.777447
vt 0.593741 0.632751
vt 0.627066 0.705977
vt 0.574342 0.722150
vt 0.240018 0.105967
vt 0.420451 0.837224
vt 0.459215 0.385314
vt 0.298756 0.232166
vt 0.737156 0.080497
vt 0.939499 0.164894
vt 0.937707 0.505218
vt 0.450662 0.818372
vt 0.930585 0.514467
vt 0.635652 0.691165
vt 0.276871 0.215542
vt 0.179901 0.185232
vt 0.911192 0.427606
vt 0.238565 0.208143
vt 0.598328 0.557351
vt 0.424719 0.858486
vt 0.158274 0.171633
vt 0.311701 0.107383
vt 0.253236 0.122432
vt 0.297827 0.097234
vt 0.984630 0.172049
vt 0.858677 0.127019
vt 0.544348 0.747977
vt 0.282679 0.087814
vt 0.958495 0.492685
vt 0.795013 0.098968
vt 0.521340 0.804676
vt 0.377129 0.292369
vt 0.238193 0.192756
vt 0.091135 0.203327
vt 0.262512 0.082512
vt 0.316820 0.225001
vt 0.485278 0.891120
vt 0.594806 0.612740
vt 0.102788 0.201583
vt 0.925182 0.143993
vt 0.683042 0.613939
vt 0.944235 0.508508
vt 0.995000 0.503780
vt 0.637226 0.756059
vt 0.644221 0.744540
vt 0.268592 0.194802
vt 0.142396 0.112256
vt 0.395861 0.166682
vt 0.511785 0.936067
vt 0.527912 0.819465
vt 0.015709 0.251987
vt 0.284561 0.076912
vt 0.236851 0.178313
vt 0.213181 0.169514
vt 0.641045 0.400286
vt 0.401080 0.084570
vt 0.316350 0.087456
vt 0.298083 0.207283
vt 0.964195 0.138394
vt 0.526939 0.879558
vt 0.586084 0.873378
vt 0.605673 0.751038
vt 0.666235 0.741316
vt 0.286559 0.197235
vt 0.902724 0.122730
vt 0.605836 0.769641
vt 0.620236 0.556999
vt 0.259718 0.071821
vt 0.286641 0.126099
vt 0.246963 0.148920
vt 0.232320 0.148491
vt 0.314778 0.078139
vt 0.332618 0.115421
vt 0.980564 0.525376
vt 0.320749 0.177758
vt 0.287045 0.180671
vt 0.264880 0.178038
vt 0.905141 0.108202
vt 0.600373 0.780646
vt 0.362826 0.221462
vt 0.289627 0.065923
vt 0.607183 0.842353
vt 0.703969 0.778195
vt 0.349395 0.169571
vt 0.302573 0.193713
vt 0.242967 0.163274
vt 0.359734 0.078206
vt 0.260077 0.025925
vt 0.290195 0.133776
vt 0.891647 0.116542
vt 0.949383 0.113328
vt 0.527104 0.922907
vt 0.561376 0.909000
vt 0.258436 0.168283
vt 0.331573 0.070575
vt 0.681962 0.796274
vt 0.673366 0.804586
vt 0.406668 0.071384
vt 0.281348 0.170820
vt 0.363803 0.063389
vt 0.318905 0.061781
vt 0.402408 0.059007
vt 0.263273 0.145114
vt 0.425658 0.057802
vt 0.570922 0.886973
vt 0.307622 0.163371
vt 0.255503 0.134697
vt 0.285697 0.008442
vt 0.513758 0.227145
vt 0.396717 0.052473
vt 0.626561 0.799864
vt 0.374115 0.107845
vt 0.266188 0.159143
vt 0.424314 0.046361
vt 0.605059 0.813261
vt 0.680322 0.796235
vt 0.356960 0.057689
vt 0.306119 0.005000
vt 0.291645 0.160445
vt 0.548207 0.950607
vt 0.279295 0.154091
vt 0.586567 0.922639
vt 0.276870 0.142341
vt 0.340465 0.047416
vt 0.270076 0.126582
vt 0.527096 0.980596
vt 0.308204 0.120592
vt 0.642840 0.894665
vt 0.638124 0.860681
vt 0.289777 0.147006
vt 0.368097 0.044874
vt 0.663536 0.894303
vt 0.348139 0.013218
vt 0.382551 0.034096
vt 0.537143 0.995000
vt 0.288093 0.128691
vt 0.640368 0.913291
s 1
f 25/1/1 26/2/2 32/3/3
f 29/4/4 32/3/3 26/2/2
f 24/5/5 25/1/1 27/6/6
f 29/4/4 826/7/7 825/8/8
f 26/2/2 25/1/1 809/9/9
s 0
f 45/10/10 44/11/10 46/12/10
s 1
f 46/12/11 44/11/12 582/13/13
f 582/13/13 44/11/14 47/14/15
f 62/15/16 64/16/17 302/17/18
f 113/18/19 68/19/20 69/20/21
f 70/21/22 68/19/23 138/22/24
s 0
f 71/23/25 72/24/25 73/25/25
f 128/26/26 73/25/26 113/18/26
f 128/26/27 71/23/27 73/25/27
f 73/25/28 72/24/28 74/27/28
f 110/28/29 128/26/29 113/18/29
s 1
f 83/29/30 82/30/31 85/31/32
s 0
f 86/32/33 83/29/33 85/31/33
s 1
f 82/30/31 81/33/34 85/31/32
f 81/33/34 82/30/31 84/34/35
s 0
f 99/35/36 81/33/36 84/34/36
s 1
f 88/36/37 89/37/38 91/38/39
s 0
f 90/39/40 88/36/40 91/38/40
f 89/37/41 88/36/41 102/40/41
f 94/41/42 87/42/42 96/43/42
s 1
f 90/39/43 91/38/39 86/44/44
f 93/45/45 87/42/46 94/41/47
f 79/46/48 94/41/49 96/43/50
s 0
f 87/42/51 102/40/51 96/43/51
s 1
f 109/47/52 83/29/53 86/32/54
f 87/42/55 93/45/56 102/40/57
f 80/48/58 79/46/59 95/49/60
f 109/47/61 86/32/44 91/50/39
s 0
f 96/43/62 102/40/62 104/51/62
f 104/51/63 102/40/63 88/36/63
f 104/52/64 88/36/64 90/39/64
s 1
f 101/53/65 98/54/66 103/55/67
f 284/56/68 89/37/69 102/40/70
f 79/46/48 80/48/71 108/57/72
f 95/49/60 78/58/73 80/48/58
f 78/58/74 100/59/75 121/60/76
f 79/46/59 96/43/77 95/49/78
s 0
f 99/35/79 98/54/79 101/53/79
s 1
f 77/61/80 76/62/81 111/63/82
f 90/39/83 105/64/84 104/52/85
s 0
f 81/33/86 99/35/86 67/65/86
f 76/62/87 107/66/87 106/67/87
s 1
f 93/68/56 284/56/88 102/40/57
f 94/41/49 79/46/48 132/69/89
f 80/48/90 78/58/91 121/60/92
s 0
f 100/59/93 78/58/93 73/70/93
s 1
f 90/39/94 86/44/95 105/64/84
f 101/53/96 103/55/97 76/71/98
f 86/32/95 85/31/99 105/72/84
f 101/73/100 76/62/101 106/67/102
f 120/74/103 116/75/104 114/76/105
s 0
f 125/77/106 115/78/106 114/76/106
f 125/77/107 114/76/107 116/75/107
s 1
f 82/30/31 83/29/30 131/79/108
f 91/38/39 89/37/38 112/80/109
s 0
f 96/43/110 104/51/110 95/49/110
f 85/31/111 81/33/111 67/65/111
s 1
f 106/81/112 115/78/113 125/77/114
f 116/75/104 120/74/103 293/82/115
f 115/83/113 106/67/112 107/66/116
s 0
f 76/62/117 77/61/117 107/66/117
s 1
f 127/84/118 93/45/119 94/41/47
f 79/46/48 108/57/72 132/69/89
f 122/85/120 100/59/121 133/86/122
s 0
f 73/25/123 74/27/123 100/87/123
f 99/35/124 101/88/124 67/65/124
s 1
f 119/89/125 117/90/126 135/91/127
f 105/72/84 85/31/99 67/92/128
f 103/93/97 111/63/129 76/62/98
s 0
f 282/94/130 98/54/130 99/35/130
s 1
f 124/95/131 127/84/118 94/41/47
f 133/86/122 100/59/121 74/96/132
f 101/97/100 106/98/102 67/99/133
f 109/100/61 91/38/39 112/80/109
f 72/24/134 71/23/135 65/101/136
f 69/20/21 68/19/20 70/21/137
f 78/58/138 95/49/139 249/102/140
f 95/49/139 104/103/141 249/102/140
f 117/90/126 126/104/142 135/91/127
s 0
f 136/105/143 119/89/143 118/106/143
s 1
f 118/107/144 116/75/145 293/82/146
f 121/60/147 100/59/148 122/85/149
f 134/108/150 71/23/135 128/26/151
f 138/22/24 68/19/23 129/109/152
f 129/109/153 68/19/154 290/110/155
f 113/111/156 78/58/138 249/102/140
s 0
f 104/52/157 105/64/157 67/112/157
s 1
f 119/89/158 277/113/159 118/106/160
f 130/114/161 77/61/80 111/63/82
f 83/29/53 109/47/52 279/115/162
f 112/80/163 89/37/69 284/56/68
f 94/41/49 132/69/89 124/95/164
s 0
f 72/24/165 65/101/165 74/27/165
f 110/28/166 113/18/166 294/116/166
s 1
f 73/25/167 78/117/168 113/18/169
f 146/118/170 149/119/171 148/120/172
f 151/121/173 148/120/172 149/119/171
f 150/122/174 148/120/172 151/121/173
f 149/119/171 146/118/170 145/123/175
f 146/118/176 148/120/172 153/124/177
f 149/119/171 145/123/175 159/125/178
f 145/126/175 152/127/179 159/128/178
f 151/121/180 149/119/171 159/125/178
f 145/123/175 146/118/170 153/124/177
f 141/129/181 142/130/182 156/131/183
f 156/131/184 142/130/185 157/132/186
f 157/132/186 142/130/185 158/133/187
f 158/133/187 142/130/185 143/134/188
f 155/135/189 143/134/190 142/130/191
f 155/135/189 142/130/191 161/136/192
s 0
f 142/130/193 141/129/193 161/136/193
f 141/129/194 156/131/194 162/137/194
f 162/137/195 156/131/195 163/138/195
s 1
f 156/131/196 157/132/197 163/138/198
f 157/139/199 158/133/187 143/134/188
f 144/140/200 148/120/172 150/122/201
f 171/141/202 144/140/200 184/142/203
f 144/140/200 143/143/190 184/142/203
f 143/134/190 155/135/189 184/142/204
f 141/129/205 162/137/206 143/144/190
f 162/145/206 163/138/207 143/134/190
f 163/138/207 157/139/208 143/134/209
f 144/140/200 150/122/210 143/143/190
f 145/123/175 153/124/177 160/146/211
f 153/124/177 148/120/172 144/140/200
f 176/147/212 145/126/175 160/148/211
s 0
f 184/142/213 155/135/213 164/149/213
s 1
f 143/144/190 150/150/210 141/129/205
f 159/128/178 152/127/179 166/151/214
f 153/124/177 144/140/200 167/152/215
f 169/153/216 168/154/217 170/155/218
f 168/154/219 167/152/215 144/140/200
f 155/135/189 161/136/192 175/156/220
s 0
f 151/121/221 165/157/221 150/122/221
f 165/157/222 151/121/222 159/158/222
s 1
f 152/127/179 145/126/175 176/147/212
f 167/152/215 168/154/223 172/159/224
s 0
f 172/159/225 168/154/225 173/160/225
f 168/154/226 169/153/226 173/160/226
s 1
f 173/160/227 169/161/228 174/162/229
f 169/161/230 170/163/231 174/162/232
f 170/155/233 168/154/234 174/162/235
f 174/162/235 168/154/234 171/141/236
f 168/154/219 144/140/200 171/141/202
f 173/160/227 174/162/229 172/159/237
f 172/159/237 174/162/229 171/141/238
f 166/151/214 152/127/179 176/147/212
f 167/152/215 172/159/239 186/164/240
f 171/141/241 184/142/242 178/165/243
f 155/135/244 175/156/245 179/166/246
f 180/167/247 160/148/211 167/168/215
f 160/146/211 153/124/177 167/152/215
s 0
f 178/165/248 184/142/248 177/169/248
s 1
f 141/170/205 150/122/210 165/157/249
f 172/159/250 171/141/241 178/165/243
s 0
f 164/149/251 155/135/251 179/166/251
s 1
f 179/166/246 175/156/245 181/171/252
f 141/129/205 183/172/253 161/136/254
s 0
f 165/173/255 159/174/255 166/175/255
s 1
f 176/147/212 160/148/211 140/176/256
f 160/148/211 180/167/247 140/176/256
f 186/164/257 172/159/250 178/165/243
f 141/129/205 165/173/249 183/172/253
f 165/173/249 166/175/214 183/172/253
f 182/177/258 166/151/214 185/178/259
f 166/151/214 176/147/212 185/178/259
f 176/147/212 140/176/256 185/178/259
f 183/179/253 166/151/214 182/177/258
f 192/180/260 186/164/261 178/165/243
f 175/156/220 161/136/254 187/181/262
f 183/172/253 187/181/262 161/136/254
f 188/182/263 140/176/256 189/183/264
f 189/183/264 140/176/256 180/167/247
f 186/184/240 180/167/247 167/168/215
s 0
f 178/165/265 193/185/265 192/180/265
s 1
f 180/167/247 186/184/240 189/183/264
s 0
f 189/183/266 186/184/266 191/186/266
s 1
f 177/169/267 184/142/268 194/187/269
f 184/142/268 164/149/270 190/188/271
f 185/178/259 140/176/272 195/189/273
f 198/190/274 164/149/275 179/166/276
f 195/189/277 140/176/256 188/182/263
s 0
f 191/186/278 186/184/278 192/191/278
f 187/181/279 196/192/279 175/156/279
s 1
f 185/178/259 195/189/273 182/177/258
f 194/187/269 184/142/268 190/188/271
f 181/171/280 175/156/281 196/192/282
f 187/181/262 183/172/253 195/193/283
s 0
f 183/179/284 182/177/284 195/189/284
f 189/183/285 191/186/285 204/194/285
s 1
f 178/165/286 177/169/287 194/187/288
f 181/171/280 196/192/282 210/195/289
f 188/182/290 189/183/291 197/196/292
f 196/197/293 187/198/294 201/199/295
f 200/200/296 188/182/297 197/196/298
f 193/185/299 178/165/286 194/187/288
f 194/187/269 190/188/271 208/201/300
f 190/188/271 164/149/270 205/202/301
s 0
f 187/198/302 195/189/302 201/199/302
f 195/189/303 199/203/303 201/199/303
s 1
f 195/189/304 188/182/297 199/203/305
f 179/166/306 181/171/307 207/204/308
f 197/196/292 189/183/291 204/194/309
f 208/201/310 190/188/271 205/202/311
f 164/149/275 198/190/274 205/202/301
f 193/185/312 206/205/313 192/180/314
f 213/206/315 181/171/280 210/195/289
f 188/182/297 200/200/296 199/203/305
s 0
f 208/201/316 205/202/316 209/207/316
s 1
f 198/190/317 179/166/306 207/204/308
f 204/194/318 191/186/319 211/208/320
f 193/185/299 194/187/288 139/209/321
f 192/180/322 206/205/323 211/210/324
f 139/209/325 194/187/288 208/201/326
f 213/206/327 207/204/308 181/171/307
f 196/197/328 201/199/329 214/211/330
s 0
f 205/202/331 198/190/331 212/212/331
s 1
f 219/213/332 213/206/315 210/195/289
f 210/214/333 196/197/328 214/211/330
f 201/199/334 199/203/335 216/215/336
f 191/186/337 192/191/322 211/208/324
s 0
f 205/202/338 212/212/338 209/207/338
s 1
f 212/212/339 198/190/340 218/216/341
f 198/190/342 207/204/343 218/216/344
s 0
f 139/209/345 208/201/345 215/217/345
f 215/217/346 208/201/346 209/207/346
s 1
f 222/218/347 215/217/348 209/207/349
f 214/211/330 201/199/329 216/215/350
f 216/215/350 199/203/335 231/219/351
f 231/219/352 199/203/353 200/200/354
f 217/220/355 204/194/318 211/208/320
f 218/216/356 207/204/357 213/206/358
f 193/185/312 139/209/359 206/205/360
f 222/218/347 209/207/349 223/221/361
f 218/216/356 213/206/358 221/222/362
f 226/223/363 219/224/364 210/225/333
f 220/226/365 200/200/354 197/196/366
f 209/207/349 224/227/367 223/221/361
f 224/227/367 209/207/349 212/212/368
f 210/225/333 214/228/330 226/223/363
f 251/229/369 204/194/370 217/220/371
s 0
f 213/206/372 219/213/372 221/222/372
f 139/209/373 215/217/373 229/230/373
f 237/231/374 215/217/374 222/218/374
s 1
f 200/200/354 225/232/375 231/219/352
f 197/196/376 204/194/370 251/229/369
f 224/227/367 212/212/368 228/233/377
s 0
f 212/212/378 218/216/378 228/233/378
s 1
f 225/232/375 200/200/354 220/226/365
f 227/234/379 206/205/360 139/209/359
s 0
f 229/230/380 215/217/380 237/231/380
f 222/218/381 223/221/381 233/235/381
f 223/221/382 224/227/382 232/236/382
s 1
f 218/216/383 236/237/384 228/233/385
f 229/230/386 227/234/379 139/209/359
s 0
f 237/231/387 222/218/387 233/235/387
f 223/221/388 232/236/388 233/235/388
s 1
f 218/216/389 221/222/390 236/237/391
f 246/238/392 214/211/330 216/215/350
s 0
f 211/208/393 206/239/393 234/240/393
s 1
f 234/240/394 206/239/394 227/241/394
f 224/227/395 228/233/396 232/236/397
f 238/242/398 228/233/399 236/237/400
f 221/222/401 219/213/402 236/237/403
f 226/243/363 214/211/330 246/238/392
f 216/215/350 253/244/404 246/238/392
f 216/215/350 231/219/351 253/244/404
f 220/226/365 197/196/366 247/245/405
s 0
f 217/220/406 211/208/406 234/240/406
s 1
f 227/234/407 229/230/408 243/246/409
s 0
f 237/231/410 233/235/410 257/247/410
s 1
f 232/236/397 228/233/396 238/242/411
f 247/245/412 197/196/376 251/229/369
f 237/231/413 243/246/409 229/230/408
f 239/248/414 235/249/415 233/235/416
f 238/242/398 236/237/417 241/250/418
s 0
f 236/237/419 219/213/419 242/251/419
f 233/235/420 235/249/420 258/252/420
s 1
f 233/235/421 232/253/422 239/248/423
s 0
f 232/254/424 238/242/424 240/255/424
f 257/247/425 233/235/425 258/252/425
f 239/256/426 232/254/426 240/255/426
s 1
f 242/257/427 219/224/428 245/258/429
f 219/224/364 226/223/363 250/259/430
f 235/249/431 239/248/432 252/260/433
s 0
f 261/261/434 238/242/434 241/250/434
s 1
f 253/262/435 231/219/352 225/232/375
s 0
f 259/263/436 220/226/436 247/245/436
s 1
f 255/264/437 227/265/407 243/266/409
f 243/246/438 237/231/439 256/267/440
s 0
f 256/267/441 237/231/441 257/247/441
s 1
f 263/268/442 258/252/443 235/249/444
f 249/269/445 235/249/446 252/260/433
f 236/237/447 242/251/448 241/250/449
f 225/232/375 220/226/365 248/270/450
f 234/271/451 227/265/407 255/264/437
s 0
f 263/268/452 235/249/452 249/269/452
f 240/255/453 238/242/453 261/261/453
s 1
f 241/250/449 242/251/454 254/272/455
f 245/258/456 219/224/428 250/259/457
s 0
f 226/223/458 246/273/458 250/259/458
s 1
f 259/263/459 247/245/459 251/229/459
s 0
f 253/262/460 225/232/460 248/270/460
s 1
f 248/270/450 220/226/365 259/263/461
s 0
f 242/257/462 245/258/462 254/274/462
s 1
f 217/220/463 234/240/464 255/275/465
f 252/276/433 239/256/432 240/255/466
s 0
f 241/250/467 254/272/467 260/277/467
s 1
f 240/278/466 264/279/468 252/280/433
s 0
f 261/261/469 241/250/469 260/277/469
s 1
f 255/264/470 243/266/471 275/281/472
s 0
f 270/282/473 256/267/473 257/247/473
f 270/282/474 257/247/474 258/252/474
s 1
f 245/258/456 250/259/457 272/283/475
f 272/283/476 246/238/477 253/244/478
f 248/270/479 259/263/480 266/284/481
f 259/263/482 251/229/483 262/285/484
f 251/229/483 217/220/463 255/275/465
f 243/266/438 256/286/440 275/281/485
f 270/282/486 269/287/486 256/267/486
f 250/259/487 246/273/488 272/283/489
f 272/283/476 253/244/478 265/288/490
f 259/263/482 267/289/491 266/284/492
f 267/289/491 259/263/482 262/285/484
f 270/282/493 258/252/443 276/290/494
f 276/290/494 258/252/443 263/268/495
f 240/278/466 261/291/496 285/292/497
f 285/292/497 261/291/496 273/293/498
f 265/294/499 248/270/479 266/284/500
f 262/285/484 251/229/483 255/275/465
f 249/102/140 252/295/501 113/111/156
f 264/279/468 240/278/466 285/292/497
f 245/258/502 272/283/503 274/296/504
s 0
f 253/244/505 248/297/505 265/288/505
f 256/286/506 269/298/506 275/281/506
s 1
f 277/113/159 119/89/158 135/91/507
f 120/74/508 114/76/509 115/78/510
f 103/55/67 98/54/66 278/299/511
s 0
f 282/94/512 278/299/512 98/54/512
f 282/94/513 99/35/513 84/34/513
s 1
f 108/57/514 80/48/90 121/60/92
f 113/18/19 69/20/515 294/116/516
f 245/258/517 274/296/504 254/274/518
f 249/300/140 104/52/141 67/112/519
f 116/301/520 118/106/160 277/113/159
f 288/302/521 120/74/508 115/78/510
f 107/66/522 77/61/523 281/303/524
f 279/115/525 109/47/61 283/304/526
f 109/47/61 112/305/109 283/304/526
f 108/57/72 137/306/527 132/69/89
f 137/306/528 108/57/528 303/307/528
f 134/108/529 128/26/530 66/308/531
f 66/308/532 128/26/532 110/28/532
f 272/283/503 265/288/533 286/309/534
f 300/310/535 267/289/536 301/311/537
f 267/289/536 262/312/538 301/311/537
f 255/264/539 275/281/540 301/311/537
f 291/313/541 270/282/542 276/290/543
s 0
f 135/91/544 126/104/544 287/314/544
s 1
f 77/61/545 130/114/546 281/303/524
f 131/79/108 84/34/35 82/30/31
f 314/315/547 70/21/548 138/22/549
f 280/316/550 290/110/551 296/317/552
f 261/291/496 260/318/553 321/319/554
f 254/274/555 274/296/556 260/320/557
f 274/296/504 272/283/503 286/309/534
f 266/284/558 267/289/559 300/310/560
f 301/321/537 262/285/538 255/275/539
s 0
f 275/281/561 269/298/561 289/322/561
s 1
f 269/287/562 270/282/542 291/313/541
f 125/323/563 116/301/564 277/113/159
f 135/91/565 62/324/566 277/113/567
f 118/106/568 293/325/569 136/105/570
f 313/326/571 310/327/572 120/74/508
f 66/308/531 304/328/573 134/108/529
f 346/329/574 290/110/575 280/316/550
f 273/293/498 261/291/496 321/319/554
f 277/330/567 62/15/566 302/17/576
f 63/331/577 292/332/578 64/16/579
f 83/29/30 279/115/580 131/79/108
f 93/45/56 127/84/581 284/333/88
f 299/334/582 297/335/583 295/336/584
f 297/335/583 299/334/582 384/337/585
f 252/280/501 264/279/586 113/338/156
f 265/294/533 266/284/558 300/310/560
f 302/17/587 64/16/588 292/332/589
f 313/326/571 120/74/508 288/302/521
f 84/34/35 131/79/108 282/94/590
s 0
f 349/339/591 122/85/591 133/86/591
s 1
f 129/109/592 61/340/593 305/341/594
s 0
f 61/340/595 129/109/595 290/110/595
f 346/329/596 280/316/596 307/342/596
s 1
f 286/309/597 265/288/533 300/343/560
f 322/344/598 269/298/562 291/345/541
f 288/302/599 115/78/600 107/346/601
f 103/55/97 278/299/602 111/347/129
f 108/57/514 121/60/92 303/307/603
f 384/337/585 299/334/582 339/348/604
f 290/110/605 68/19/606 296/317/607
f 321/319/554 260/318/553 317/349/608
f 274/296/609 286/309/610 308/350/611
f 308/350/611 286/309/610 309/351/612
s 0
f 300/310/613 301/311/613 318/352/613
s 1
f 312/353/614 301/311/615 275/281/616
f 312/353/614 275/281/616 289/322/617
f 67/99/519 106/98/618 125/354/619
f 117/90/126 119/89/125 334/355/620
f 130/114/621 111/63/129 278/356/602
f 124/95/164 132/69/89 137/306/527
f 121/60/147 122/85/149 349/339/622
f 304/328/573 323/357/623 134/108/529
f 70/21/624 314/315/625 69/20/626
f 299/334/582 298/358/627 339/348/604
f 339/348/604 298/358/627 316/359/628
f 299/334/629 295/336/630 296/360/552
f 296/317/607 68/19/606 113/18/156
f 113/338/156 264/279/586 296/361/607
f 296/361/607 264/279/586 285/292/631
f 260/320/557 274/296/556 308/350/632
f 289/322/633 269/298/562 322/344/598
f 276/290/634 263/268/635 67/99/519
f 263/268/635 249/269/140 67/99/519
s 0
f 119/89/636 136/105/636 334/355/636
s 1
f 303/307/637 121/60/147 349/339/622
f 349/339/638 133/86/122 74/96/132
s 0
f 372/362/639 110/28/639 294/116/639
f 307/342/640 280/316/640 338/363/640
s 1
f 298/358/641 327/364/642 320/365/643
f 296/361/607 285/292/631 273/293/644
s 0
f 300/310/645 318/352/645 328/366/645
f 135/91/646 287/314/646 333/367/646
s 1
f 279/115/525 283/304/526 330/368/647
f 71/23/135 134/108/150 65/101/136
f 69/20/626 314/315/625 325/369/648
f 314/315/547 138/22/549 389/370/649
f 138/22/650 129/109/651 305/341/652
f 61/340/653 290/110/654 393/371/655
s 0
f 365/372/656 306/373/656 346/329/656
s 1
f 280/374/550 296/360/552 295/336/630
f 316/359/657 298/358/658 378/375/659
f 378/375/660 298/358/641 320/365/643
f 317/349/608 260/318/553 308/376/661
s 0
f 318/352/662 301/311/662 312/353/662
s 1
f 332/377/663 289/322/633 322/344/598
f 276/290/634 67/99/519 291/313/664
f 67/99/519 125/354/619 291/313/664
f 292/332/665 63/331/577 319/378/666
f 62/324/667 135/91/668 333/367/669
f 313/326/670 288/302/599 107/346/601
f 329/379/671 279/115/525 330/368/647
s 0
f 283/380/672 112/80/672 284/56/672
f 284/333/673 127/84/673 124/95/673
f 344/381/674 74/27/674 65/101/674
s 1
f 66/308/675 110/28/676 372/362/677
s 0
f 286/309/678 328/382/678 309/351/678
f 286/383/679 300/310/679 328/366/679
s 1
f 125/323/619 277/113/680 302/384/681
s 0
f 376/385/682 319/378/682 63/331/682
s 1
f 64/16/17 62/15/16 58/386/683
f 340/387/684 58/386/685 62/15/686
f 120/74/103 310/327/687 293/82/115
f 372/362/688 294/116/689 69/20/690
s 0
f 321/319/691 331/388/691 273/293/691
s 1
f 126/104/692 370/389/693 287/314/694
f 117/90/126 334/355/620 337/390/695
s 0
f 130/114/696 278/356/696 281/303/696
s 1
f 74/27/132 344/381/697 349/391/638
f 61/340/698 336/392/699 305/341/594
s 0
f 393/371/700 290/110/700 346/329/700
f 375/393/701 320/365/701 327/364/701
s 1
f 312/353/702 289/322/633 332/394/663
f 302/384/681 291/395/664 125/323/619
f 64/16/17 58/386/683 356/396/703
f 370/389/704 126/104/142 117/90/126
f 281/303/705 313/397/670 107/66/601
s 0
f 282/94/706 131/79/706 279/115/706
s 1
f 342/398/707 284/333/708 124/95/709
f 69/20/690 325/369/648 372/362/688
s 0
f 307/342/710 338/363/710 350/399/710
s 1
f 312/353/711 332/394/712 354/400/713
f 322/344/714 291/345/664 302/401/681
f 330/402/647 283/403/715 342/398/707
f 283/403/715 284/333/708 342/398/707
f 134/108/150 323/357/716 344/404/717
f 314/315/625 335/405/718 325/369/648
f 389/370/719 138/22/650 345/406/720
f 365/372/721 346/329/722 307/342/723
s 0
f 280/316/724 295/407/724 326/408/724
s 1
f 295/407/725 347/409/726 326/408/727
s 0
f 60/410/728 378/375/728 320/365/728
f 375/393/729 327/364/729 348/411/729
s 1
f 296/361/607 273/293/644 331/388/730
f 353/412/731 328/366/732 318/352/733
f 318/352/733 312/353/711 354/413/713
s 0
f 292/332/734 319/378/734 362/414/734
s 1
f 376/385/735 63/331/736 383/415/737
f 63/331/738 64/16/739 356/396/740
s 0
f 278/299/741 282/94/741 363/416/741
s 1
f 343/417/742 303/307/743 349/339/744
f 134/108/150 344/381/717 65/101/136
f 304/328/745 66/308/675 364/418/746
f 335/405/747 314/315/547 389/370/649
s 0
f 346/329/748 306/373/748 377/419/748
s 1
f 298/358/749 299/334/750 296/360/607
s 0
f 331/388/751 321/319/751 317/349/751
s 1
f 308/350/661 309/351/752 357/420/753
f 353/412/731 318/352/733 379/421/754
f 379/421/755 318/352/733 354/413/713
f 332/377/756 322/344/714 302/401/681
s 0
f 358/422/757 360/423/757 359/424/757
s 1
f 361/425/758 360/423/759 391/426/760
s 0
f 396/427/761 391/426/761 358/422/761
s 1
f 360/423/759 358/422/762 391/426/760
f 380/428/763 358/422/764 386/429/765
s 0
f 380/428/766 396/427/766 358/422/766
s 1
f 292/332/589 355/430/767 302/17/587
f 281/431/768 278/299/769 363/416/770
s 0
f 124/95/771 137/306/771 303/307/771
s 1
f 57/432/772 305/341/594 336/392/699
f 326/408/727 347/409/726 351/433/773
f 347/434/774 295/336/775 374/435/776
f 374/435/776 295/336/775 297/335/777
f 384/337/778 339/348/779 408/436/780
f 348/411/781 367/437/782 375/393/783
f 327/364/784 352/438/785 348/411/786
f 352/438/785 327/364/787 59/439/788
f 317/440/608 308/350/661 357/420/753
f 357/420/753 309/351/752 328/382/732
f 368/441/789 328/366/732 353/412/731
s 0
f 354/400/790 332/394/790 379/442/790
s 1
f 359/424/791 360/423/792 390/443/793
f 360/423/792 361/425/794 390/443/793
f 362/414/795 319/378/796 376/385/797
f 383/415/798 63/331/738 356/396/740
f 62/15/667 333/444/669 340/387/799
s 0
f 333/367/800 287/314/800 369/445/800
s 1
f 363/416/801 282/94/802 329/379/803
f 282/94/802 279/115/804 329/379/803
f 364/418/746 66/308/675 372/362/805
f 345/406/720 138/22/650 305/341/652
f 366/446/806 307/342/807 350/399/808
f 297/335/809 384/337/810 374/435/811
f 59/439/812 327/364/813 298/358/749
f 410/447/814 296/360/607 331/448/730
f 357/449/753 328/366/732 368/441/789
f 382/450/815 380/428/763 386/429/765
f 287/314/694 370/389/693 369/445/816
f 57/432/772 336/392/699 413/451/817
f 336/392/818 61/340/653 393/371/655
f 56/452/819 306/373/820 365/372/821
f 414/453/822 60/410/823 320/365/824
f 59/454/812 298/358/749 410/447/814
f 298/358/749 296/360/607 410/447/814
f 332/455/756 302/17/681 358/422/825
f 355/430/826 292/332/827 387/456/828
f 370/457/704 117/90/126 337/390/829
f 293/82/569 310/327/830 334/458/831
f 393/459/832 346/329/833 377/419/834
f 395/460/835 56/452/819 365/372/836
s 0
f 352/438/837 59/439/837 429/461/837
s 1
f 358/422/838 302/17/587 386/429/839
f 387/456/828 292/332/827 362/414/795
f 334/355/831 136/105/570 293/325/569
f 281/462/705 363/463/770 394/464/840
f 329/379/841 330/368/842 398/465/843
f 124/95/709 303/307/844 342/398/707
f 331/448/730 317/466/845 410/447/814
f 432/467/846 406/468/847 340/387/848
f 406/468/847 58/386/685 340/387/684
f 313/326/670 281/462/705 394/464/840
f 342/398/707 303/307/844 388/469/849
f 349/339/744 344/470/850 343/417/742
f 372/362/688 325/369/648 364/418/851
f 442/471/852 335/405/747 389/370/853
f 307/342/854 366/446/806 365/372/721
f 379/421/855 332/472/756 358/473/825
s 0
f 358/422/856 359/424/856 439/474/856
s 1
f 391/426/857 396/427/858 431/475/859
f 386/429/839 302/17/587 355/430/767
f 329/379/841 398/465/843 392/476/860
f 377/419/861 306/373/862 56/452/863
s 0
f 338/363/864 280/316/864 326/408/864
s 1
f 374/435/811 384/337/810 457/477/865
f 414/453/866 320/365/867 375/393/868
s 0
f 405/478/869 359/424/869 390/443/869
s 1
f 355/430/870 387/456/871 397/479/872
f 333/367/669 369/445/873 340/480/799
f 364/418/851 325/369/648 335/405/718
f 305/341/652 57/432/874 345/481/720
f 336/392/818 393/371/655 413/451/875
f 365/372/721 366/446/806 395/460/876
f 399/482/877 400/483/878 430/484/879
s 0
f 401/485/880 399/482/880 430/484/880
s 1
f 402/486/881 400/483/878 399/482/877
f 439/474/882 359/424/883 404/487/884
f 396/427/885 380/428/886 474/488/887
f 337/489/888 310/327/889 313/326/890
f 388/469/849 303/307/844 343/417/891
s 0
f 364/418/892 323/357/892 304/328/892
s 1
f 408/436/780 339/348/779 409/490/893
f 339/348/779 316/359/894 409/490/893
s 0
f 399/482/895 401/485/895 403/491/895
s 1
f 358/473/825 353/412/896 379/421/855
f 404/487/884 359/424/883 405/478/897
f 380/428/898 382/450/899 474/488/900
f 337/390/888 334/355/901 310/492/889
f 363/416/902 329/379/841 392/476/860
f 398/465/843 330/368/842 412/493/903
s 0
f 330/368/904 342/494/904 412/493/904
s 1
f 436/495/905 344/404/850 323/357/906
f 389/370/719 345/406/720 442/471/907
f 457/477/908 384/337/778 408/436/780
f 316/359/657 378/496/659 409/490/909
s 0
f 399/482/910 403/491/910 410/447/910
s 1
f 368/441/911 353/412/896 358/473/825
f 397/479/872 387/456/871 415/497/912
s 0
f 432/498/913 369/445/913 370/389/913
s 1
f 313/326/670 394/464/840 448/499/914
f 392/476/915 398/465/916 416/500/917
f 344/404/850 436/495/905 343/501/742
f 366/446/806 350/399/918 465/502/919
f 465/502/920 350/399/921 472/503/922
f 472/503/922 350/399/921 338/363/923
f 326/408/924 351/433/925 338/363/926
f 418/504/927 409/490/927 419/505/928
f 420/506/929 419/505/929 409/490/927
s 0
f 418/504/930 419/505/930 421/507/930
f 421/507/931 419/505/931 422/508/931
f 419/505/932 420/506/932 422/508/932
f 422/508/931 420/506/931 423/509/931
s 1
f 423/509/198 420/506/929 424/510/929
f 420/506/929 409/490/927 424/510/929
f 60/410/823 414/453/822 525/511/933
f 367/437/934 348/411/935 352/438/936
s 0
f 402/486/937 399/482/937 410/447/937
s 1
f 357/449/938 368/441/911 358/473/825
f 405/478/939 390/443/940 425/512/941
f 382/450/899 426/513/942 474/488/900
f 382/450/815 386/429/765 452/514/943
f 432/467/944 340/387/799 369/515/873
f 398/465/916 55/516/945 416/500/917
s 0
f 342/398/946 388/469/946 412/493/946
s 1
f 436/495/905 323/357/906 364/418/947
f 413/517/948 393/459/832 377/419/834
f 377/419/861 56/452/863 407/518/949
f 407/518/950 56/452/951 395/460/876
s 0
f 418/504/952 421/507/952 378/496/952
s 1
f 421/507/953 422/508/953 378/496/954
f 422/508/953 423/509/955 378/496/954
f 423/509/955 424/510/954 378/496/954
f 424/510/956 409/490/909 378/496/659
f 466/519/957 367/437/934 352/438/936
s 0
f 402/486/958 411/520/958 400/483/958
s 1
f 410/447/959 317/466/845 357/521/938
f 361/425/758 391/426/760 431/475/960
f 426/513/961 382/450/962 447/522/963
s 0
f 355/430/964 397/479/964 440/523/964
s 1
f 337/489/829 313/326/670 448/499/914
f 464/524/965 363/463/966 433/525/967
f 428/526/968 412/493/903 435/527/969
s 0
f 412/493/970 388/469/970 454/528/970
s 1
f 388/469/849 343/529/891 454/528/971
s 0
f 364/418/972 335/405/972 442/471/972
s 1
f 456/530/973 351/433/773 347/409/726
s 0
f 438/531/974 468/532/974 54/533/974
s 1
f 386/429/765 355/430/975 440/534/976
f 58/386/683 406/468/977 356/396/703
f 356/396/703 406/468/977 427/535/978
f 370/457/704 337/390/829 448/536/914
f 394/464/979 363/463/966 464/524/965
f 398/465/843 412/493/903 428/526/968
f 366/446/806 417/537/980 395/460/876
s 0
f 378/496/981 60/538/981 418/504/981
s 1
f 410/447/982 403/491/983 444/539/984
s 0
f 401/485/985 437/540/985 403/491/985
f 402/486/986 410/447/986 54/541/986
s 1
f 410/447/959 357/521/938 461/542/987
f 357/521/938 358/543/825 461/542/987
f 461/544/987 358/422/825 439/474/988
f 446/545/989 361/425/758 431/475/960
f 441/546/990 397/479/991 415/497/992
f 383/415/798 356/396/740 483/547/993
f 483/547/993 356/396/740 427/535/994
f 433/525/995 363/463/966 449/548/996
s 0
f 363/416/997 392/476/997 449/549/997
s 1
f 434/550/998 398/465/916 428/526/999
f 338/363/926 351/551/925 472/503/1000
f 443/552/1001 351/433/925 456/530/1002
f 525/511/1003 414/453/866 375/393/868
s 0
f 531/553/1004 411/520/1004 402/486/1004
s 1
f 460/554/1005 54/533/1006 512/555/1007
f 462/556/1008 439/474/1009 445/557/1010
f 390/443/940 479/558/1011 425/512/941
f 452/514/1012 447/522/1013 382/450/1014
f 452/514/943 386/429/765 440/534/976
f 454/528/971 343/529/891 436/495/1015
f 377/419/834 407/518/950 413/517/948
f 472/559/1000 351/433/925 443/552/1001
f 347/409/774 374/560/776 456/530/1016
f 374/435/1017 457/477/1017 490/561/1017
f 530/562/1018 375/393/783 367/437/782
f 410/447/814 461/542/987 54/563/1019
f 461/544/987 439/474/988 462/556/1020
s 0
f 440/523/1021 397/479/1021 441/546/1021
s 1
f 463/564/1022 394/464/979 464/524/965
s 0
f 449/549/1023 392/476/1023 497/565/1023
s 1
f 428/526/999 435/527/1024 485/566/1025
f 442/471/907 345/406/720 500/567/1026
s 0
f 418/568/1027 60/410/1027 525/511/1027
s 1
f 525/569/1003 375/393/868 530/562/1028
f 481/570/1029 410/447/982 444/539/984
f 403/491/1030 437/540/1031 459/571/1032
f 430/484/1033 400/483/1034 451/572/1035
f 445/557/1036 439/474/1037 51/573/1038
s 0
f 439/474/1039 404/487/1039 470/574/1039
s 1
f 475/575/1040 447/522/1013 452/514/1012
f 370/576/704 448/499/914 471/577/1041
f 433/525/1042 453/578/1043 464/524/1044
f 55/516/945 398/465/916 434/550/998
f 435/527/969 412/493/903 454/528/1045
f 436/495/1015 364/418/1046 477/579/1047
f 500/567/1026 345/406/720 450/580/1048
f 345/406/720 57/581/874 450/580/1048
f 366/446/806 465/502/919 417/537/980
s 0
f 429/461/1049 59/439/1049 458/582/1049
s 1
f 512/555/1007 54/533/1006 468/532/1050
f 54/563/1019 461/542/987 438/583/1051
f 376/385/735 383/415/737 483/547/1052
f 484/584/1053 370/576/704 471/577/1041
f 497/565/1054 392/476/915 416/500/917
f 477/579/1047 364/418/1046 442/471/1055
f 450/580/1056 413/585/1057 407/586/950
f 466/519/1058 352/438/1059 429/461/1060
f 437/540/1061 401/485/1062 589/587/1063
f 401/485/1062 430/484/1064 589/587/1063
s 0
f 531/553/1065 402/486/1065 487/588/1065
s 1
f 402/589/1066 54/533/1006 460/554/1005
s 0
f 52/590/1067 473/591/1067 438/531/1067
s 1
f 390/443/1068 361/425/1069 479/558/1070
f 479/558/1070 361/425/1069 446/545/1071
s 0
f 406/468/1072 432/467/1072 427/535/1072
s 1
f 432/592/1073 370/576/1074 484/584/1075
f 448/499/1076 394/464/979 463/564/1022
f 434/550/998 428/526/999 499/593/1077
f 480/594/1078 435/527/969 454/528/1045
s 0
f 57/581/1079 413/585/1079 450/580/1079
s 1
f 486/595/1080 530/562/1018 367/437/782
f 466/519/1058 429/461/1060 467/596/1081
f 429/461/1060 458/582/1082 467/596/1081
f 481/570/1029 59/454/1083 410/447/982
f 451/572/1084 400/483/1085 411/520/1086
f 51/573/1038 439/474/1037 470/574/1087
s 0
f 433/525/1088 449/548/1088 497/597/1088
s 1
f 443/552/1001 456/530/1002 511/598/1089
f 374/435/776 490/561/1090 456/599/1016
f 409/490/893 457/600/908 408/436/780
s 0
f 501/601/1091 458/582/1091 59/439/1091
s 1
f 403/491/1092 459/571/1093 444/539/1094
f 468/532/1095 478/602/1096 469/603/1097
f 468/532/1098 438/531/1099 473/591/1100
f 447/522/1013 475/575/1040 489/604/1101
s 0
f 441/546/1102 482/605/1102 440/523/1102
s 1
f 415/497/992 575/606/1103 482/605/1104
f 575/606/1105 415/497/912 387/456/871
f 448/499/1076 463/564/1022 507/607/1106
f 55/516/1107 499/593/1108 493/608/1109
f 55/516/945 434/550/998 499/593/1077
f 509/609/1110 435/527/1024 480/594/1111
f 450/580/1056 407/586/950 494/610/1112
f 467/596/1081 458/582/1082 506/611/1113
f 487/588/1114 402/486/1115 460/612/1116
f 460/554/1005 512/555/1007 573/613/1117
f 468/532/1095 469/603/1097 512/555/1118
f 563/614/1119 478/602/1120 468/532/1121
f 404/487/1122 488/615/1123 470/574/1124
f 362/414/795 376/385/797 520/616/1125
f 476/617/1126 433/525/1127 497/597/1128
f 416/618/1129 55/516/1107 493/608/1109
f 499/593/1077 428/526/999 485/566/1025
f 407/586/950 395/619/876 494/610/1112
s 0
f 417/620/1130 465/502/1130 472/503/1130
s 1
f 486/595/1131 367/437/934 466/519/957
s 0
f 51/573/1132 519/621/1132 445/557/1132
s 1
f 488/615/1133 404/487/1134 405/478/1135
f 415/497/992 482/605/1104 441/546/990
f 523/622/1136 463/564/1137 464/524/1044
f 523/622/1136 464/524/1044 453/578/1043
f 496/623/1138 453/578/1139 433/525/1140
f 454/528/971 436/495/1015 504/624/1141
f 505/625/1142 395/460/876 417/537/980
f 427/535/994 432/467/1143 483/547/993
f 494/626/1112 395/460/876 505/625/1142
f 501/601/1144 59/439/1145 481/627/1146
f 468/532/1098 473/628/1100 563/614/1147
f 461/542/1148 53/629/1149 503/630/1150
f 387/456/828 362/414/795 520/616/1125
f 514/631/1151 432/592/1152 484/584/1153
f 493/632/1109 497/565/1154 416/500/1129
f 485/566/1025 435/527/1024 509/609/1110
f 436/495/1015 477/579/1047 504/624/1141
f 504/624/1141 477/579/1047 524/633/1155
f 466/519/1058 467/596/1081 491/634/1156
f 513/635/1157 469/603/1158 478/602/1159
f 503/630/1160 53/629/1161 528/636/1162
f 446/545/989 431/475/960 553/637/1163
f 475/638/1040 452/639/1012 482/605/1104
f 452/639/1012 440/523/1164 482/605/1104
f 433/525/1127 476/617/1126 496/623/1165
f 524/633/1155 477/579/1047 442/471/1055
f 443/552/1001 511/598/1089 472/559/1000
s 0
f 481/570/1166 444/539/1166 516/640/1166
s 1
f 574/641/1167 503/630/1168 528/636/1162
f 559/642/1169 405/478/1170 425/512/1171
f 489/604/1101 475/575/1040 482/643/1104
f 387/456/828 520/644/1125 575/606/1172
f 432/592/1152 514/631/1151 483/645/1173
f 514/631/1151 484/584/1053 471/577/1041
f 471/577/1174 448/499/1076 521/646/1175
f 518/647/1176 521/646/1175 448/499/1076
s 0
f 463/564/1177 515/648/1177 546/649/1177
s 1
f 417/537/980 472/650/1000 505/625/1142
f 505/651/1142 472/652/1000 511/653/1089
f 490/561/1178 457/477/1179 409/654/1180
s 0
f 530/562/1181 486/595/1181 466/519/1181
s 1
f 491/634/1156 467/596/1081 506/611/1113
s 0
f 506/611/1182 458/582/1182 501/601/1182
s 1
f 554/655/1183 474/488/900 426/513/942
s 0
f 447/522/1184 489/604/1184 539/656/1184
s 1
f 520/616/1185 376/385/1186 483/657/1173
f 518/647/1176 448/499/1076 507/607/1106
f 442/471/1055 500/567/1187 510/658/1188
s 0
f 409/490/1189 418/504/1189 525/659/1189
s 1
f 558/660/1190 459/571/1032 437/540/1031
f 526/661/1191 460/554/1116 573/613/1192
f 473/591/1193 52/590/1194 527/662/1195
s 0
f 538/663/1196 52/590/1196 438/531/1196
s 1
f 53/629/1149 461/542/1197 445/664/1198
f 445/557/1010 461/544/1199 462/556/1008
f 405/478/1135 559/642/1200 488/615/1133
f 426/513/961 447/522/963 539/656/1201
f 514/631/1151 471/577/1041 529/665/1202
f 463/564/1137 523/622/1203 515/648/1204
f 480/594/1078 454/528/1045 504/624/1205
f 524/633/1155 442/471/1055 510/658/1188
s 0
f 500/567/1206 450/580/1206 494/610/1206
s 1
f 511/666/1207 456/667/1208 541/668/1209
f 530/669/1028 466/519/1058 491/634/1156
f 444/539/1094 459/571/1093 558/660/1210
f 430/484/1033 451/572/1035 589/587/1211
f 507/607/1212 463/564/1213 546/649/1214
f 453/578/1139 496/623/1138 523/670/1215
f 532/671/1216 497/672/1154 493/608/1109
f 501/673/1144 481/570/1146 516/640/1217
f 535/674/1218 411/520/1219 531/553/1220
s 0
f 473/591/1221 527/662/1221 536/675/1221
f 536/675/1222 527/662/1222 537/676/1222
s 1
f 554/655/1183 426/513/1223 539/656/1224
f 496/623/1225 476/617/1226 532/677/1227
f 532/677/1227 476/617/1226 497/597/1228
f 548/678/1229 493/608/1230 533/679/1231
f 493/608/1232 499/593/1233 549/680/1234
f 456/667/1235 490/681/1236 541/668/1237
f 409/490/1238 525/659/1239 572/682/1240
f 516/683/1241 444/539/1242 558/660/1243
s 0
f 473/591/1244 536/675/1244 542/684/1244
f 536/675/1245 537/676/1245 542/684/1245
f 542/684/931 537/676/931 543/685/931
f 543/685/931 537/676/931 544/686/931
f 537/676/1246 527/662/1246 544/686/1246
s 1
f 445/557/1247 519/621/1248 552/687/1249
f 553/637/1163 431/475/960 564/688/1250
f 396/427/1251 474/488/1252 564/688/1253
f 474/488/1254 554/655/1255 564/688/1256
f 489/689/1101 482/605/1104 575/606/1103
f 529/665/1257 471/577/1258 545/690/1259
f 471/577/1174 521/646/1175 545/690/1259
f 518/647/1260 507/607/1212 540/691/1261
f 532/671/1262 493/608/1263 547/692/1264
f 499/593/1233 485/566/1265 549/680/1234
f 534/693/1266 500/567/1187 494/610/1267
f 511/666/1089 541/668/1268 582/694/1269
f 409/490/1238 572/682/1240 490/695/1270
f 506/611/1271 501/601/1144 557/696/1272
f 600/697/1273 516/683/1241 558/660/1243
f 437/540/1061 589/587/1063 550/698/1274
s 0
f 601/699/1275 573/613/1275 512/555/1275
s 1
f 513/635/1157 478/602/1159 583/700/1276
f 473/628/1100 542/701/1277 563/614/1147
f 542/684/1277 543/685/1278 563/702/1147
f 543/685/1278 544/686/1279 563/702/1147
f 544/686/1279 527/662/1280 563/702/1147
f 52/590/1194 594/703/1281 527/662/1282
f 425/512/941 479/558/1011 590/704/1283
s 0
f 545/690/1284 521/646/1284 555/705/1284
s 1
f 522/706/1285 521/646/1175 518/647/1176
f 597/707/1286 532/671/1262 547/692/1264
f 493/608/1230 548/678/1229 547/692/1287
s 0
f 547/692/1288 548/678/1288 556/708/1288
s 1
f 485/566/1289 509/609/1290 549/680/1291
f 510/658/1188 500/567/1187 534/693/1266
f 534/693/1292 494/610/1112 588/709/1293
f 588/709/1293 494/610/1112 505/651/1142
f 451/572/1294 411/520/1295 535/674/1296
f 460/554/1116 526/661/1191 487/710/1114
f 538/663/1297 594/703/1298 52/590/1299
s 0
f 503/630/1300 574/641/1300 551/711/1300
s 1
f 431/475/1301 396/427/858 564/688/1302
f 520/616/1185 483/657/1173 575/712/1303
f 546/649/1304 515/648/1305 612/713/1306
f 612/714/1307 523/715/1215 496/716/1138
s 0
f 547/692/1308 556/708/1308 560/717/1308
f 560/718/1309 556/708/1309 561/719/1309
f 561/719/1310 556/708/1310 548/678/1310
s 1
f 533/679/1231 493/608/1230 549/680/1311
f 504/624/1312 524/633/1313 571/720/1314
f 588/709/1293 511/653/1089 582/721/1269
s 0
f 438/583/1315 461/542/1315 538/722/1315
s 1
f 559/642/1169 425/512/1171 590/704/1316
f 479/558/1317 446/545/1071 553/637/1318
f 546/723/1214 540/691/1261 507/607/1212
f 612/713/1319 515/648/1305 523/724/1320
f 547/692/1321 560/717/1322 565/725/1323
f 565/725/1323 560/718/1324 585/726/1325
f 560/718/1324 561/727/1326 585/726/1325
f 561/727/1326 548/728/1327 585/726/1325
s 0
f 549/680/1328 509/609/1328 605/729/1328
f 568/730/1329 567/731/1329 569/732/1329
f 567/731/1330 480/594/1330 569/732/1330
s 1
f 480/594/1331 504/624/1332 569/732/1333
f 580/733/1334 504/624/1312 570/734/1335
f 570/734/1335 504/624/1312 571/720/1314
f 588/709/1293 505/651/1142 511/653/1089
s 0
f 541/668/1336 490/681/1336 572/735/1336
s 1
f 525/659/1003 530/736/1028 572/682/1240
f 501/601/1144 516/737/1217 557/696/1272
f 601/699/1337 512/555/1338 469/738/1158
s 0
f 538/722/1339 461/542/1339 503/630/1339
s 1
f 654/739/1340 470/574/1124 488/615/1123
f 483/645/1173 514/631/1151 603/740/1341
f 529/665/1257 545/690/1259 576/741/1342
f 547/692/1321 565/725/1323 585/726/1325
f 509/609/1343 480/594/1344 566/742/1345
f 480/594/1344 567/731/1346 566/742/1345
f 567/731/1346 568/743/1347 566/742/1345
f 566/742/1348 568/743/1349 577/744/1350
f 568/745/1351 569/732/1352 577/744/1353
f 569/732/1354 504/624/1355 577/744/1356
f 577/744/1356 504/624/1355 578/746/1357
f 504/624/1358 580/733/1359 579/747/1360
f 578/746/1361 579/747/1362 580/748/1363
f 580/749/1364 570/734/1335 571/720/1314
f 571/720/1365 524/633/1366 581/750/1367
f 524/633/1366 510/658/1368 581/750/1367
f 530/669/1028 491/634/1156 599/751/1369
f 535/674/1218 531/553/1220 641/752/1370
f 611/753/1371 488/615/1133 559/642/1200
f 539/656/1372 489/604/1101 575/754/1103
f 604/755/1373 496/716/1138 532/756/1374
f 585/757/1325 548/678/1327 533/679/1375
f 577/744/1350 578/746/1376 566/742/1348
s 0
f 504/624/1377 579/747/1377 578/746/1377
s 1
f 578/746/1361 580/748/1363 586/758/1378
f 580/749/1379 571/720/1380 586/758/1378
f 586/758/1378 571/720/1380 578/746/1361
f 599/751/1369 491/634/1156 506/759/1113
f 557/760/1272 516/683/1217 600/697/1381
f 469/738/1158 513/761/1157 601/699/1337
f 594/703/1298 538/663/1382 595/762/1383
s 0
f 519/621/1384 51/573/1384 619/763/1384
s 1
f 603/740/1341 514/631/1151 529/665/1202
f 612/714/1307 496/716/1138 614/764/1385
f 547/692/1321 585/765/1325 597/707/1386
f 592/766/1387 533/679/1388 549/680/1311
f 510/658/1368 587/767/1389 581/750/1367
f 510/658/1368 534/693/1390 587/767/1389
f 541/668/1268 572/735/1240 598/768/1391
s 0
f 487/588/1392 641/752/1392 531/553/1392
s 1
f 608/769/1393 526/661/1191 573/613/1192
s 0
f 590/704/1394 479/558/1394 553/637/1394
s 1
f 596/770/1395 529/665/1396 576/741/1397
f 582/694/1269 541/668/1268 598/768/1391
f 572/771/1240 530/669/1028 599/751/1369
f 583/700/1398 478/602/1120 563/614/1119
f 528/636/1162 53/629/1161 445/664/1399
f 51/573/1400 470/574/1401 654/739/1402
s 0
f 564/688/1403 554/655/1403 539/656/1403
f 609/772/1404 521/646/1404 522/706/1404
s 1
f 578/746/1376 571/720/1405 566/742/1348
s 0
f 593/773/1406 571/720/1406 581/750/1406
s 1
f 587/767/1389 534/693/1390 48/774/1407
f 610/775/1408 534/693/1390 50/776/1409
f 50/776/1409 534/693/1390 588/709/1410
f 665/777/1411 583/700/1398 563/614/1119
f 538/722/1412 503/630/1413 551/711/1414
f 519/621/1248 619/763/1415 552/687/1249
s 0
f 575/754/1416 584/778/1416 539/656/1416
s 1
f 540/779/1417 546/649/1304 612/713/1306
f 604/755/1418 532/756/1262 597/780/1286
s 0
f 585/757/1419 533/679/1419 592/766/1419
s 1
f 605/729/1420 509/609/1421 566/742/1422
f 602/781/1423 574/641/1167 528/636/1162
f 528/782/1162 445/557/1399 552/687/1249
s 0
f 555/705/1424 521/646/1424 609/772/1424
s 1
f 609/772/1425 522/706/1426 540/783/1261
f 522/706/1426 518/647/1260 540/691/1261
f 614/764/1385 496/716/1138 604/755/1373
f 606/784/1427 587/767/1427 49/785/1427
f 48/774/1407 534/693/1390 610/775/1408
s 0
f 616/786/1428 50/776/1428 617/787/1428
s 1
f 607/788/1429 588/709/1410 582/721/13
f 608/769/1393 573/613/1192 601/699/1430
f 595/762/1383 538/663/1431 551/789/1414
f 619/763/1415 51/573/1432 654/739/1433
f 611/753/1434 654/739/1340 488/615/1123
f 620/790/1435 590/704/1436 553/637/1437
f 564/688/1438 539/656/1439 621/791/1440
f 603/740/1341 575/792/1303 483/645/1173
f 623/793/1441 576/741/1442 545/690/1443
f 623/793/1444 555/705/1445 609/794/1446
f 613/795/1447 612/714/1448 614/764/1449
f 592/766/1450 549/680/1451 615/796/1452
f 550/698/1453 558/660/1190 437/540/1031
f 574/641/1454 602/781/1454 551/711/1454
f 620/790/1435 553/637/1455 564/688/1438
f 529/665/1396 596/770/1395 622/797/1456
f 615/796/1452 549/680/1451 605/729/1457
f 581/750/1458 587/767/1459 606/784/1460
f 50/776/1409 588/709/1410 626/798/1461
f 607/788/1429 582/721/13 47/799/15
f 598/768/1391 572/735/1240 599/800/1369
s 0
f 506/611/1462 557/696/1462 599/801/1462
s 1
f 563/614/1147 527/802/1280 665/777/1463
f 620/790/1435 564/688/1438 621/791/1440
f 539/656/1464 584/778/1465 621/791/1440
s 0
f 545/690/1466 555/705/1466 623/793/1466
f 49/785/1467 587/767/1467 648/803/1467
s 1
f 648/803/1468 587/767/1469 48/774/1470
f 617/787/1471 50/776/1472 626/798/1473
f 588/709/1410 607/788/1429 626/798/1461
s 0
f 640/804/1474 626/798/1474 607/788/1474
s 1
f 47/14/1475 44/11/1476 632/805/1477
s 0
f 44/11/1478 45/806/1478 632/805/1478
f 632/805/1479 45/807/1479 647/808/1479
s 1
f 45/807/1480 46/12/11 647/808/1481
f 647/808/1481 46/12/11 582/13/13
f 599/801/1482 557/696/1272 636/809/1483
f 600/697/1381 558/660/1484 550/810/1485
f 589/587/1211 451/572/1035 535/674/1486
f 527/802/1280 594/811/1487 665/777/1463
f 584/778/1465 575/754/1488 603/812/1489
f 540/813/1417 612/714/1306 609/794/1490
s 0
f 604/755/1491 597/780/1491 643/814/1491
s 1
f 605/729/1420 566/742/1422 628/815/1492
f 566/742/1348 571/720/1405 639/816/1493
f 629/817/1494 610/775/1495 50/776/1496
f 607/818/1497 47/14/1498 630/819/1499
f 47/14/1475 632/805/1477 647/808/1500
f 487/710/1114 526/661/1191 608/769/1393
f 601/820/1337 513/635/1157 583/700/1276
f 529/665/1396 622/797/1456 603/740/1501
f 604/755/1502 643/814/1503 614/764/1504
f 624/821/1505 634/822/1506 631/823/1507
f 585/757/1508 592/766/1509 624/821/1505
f 593/773/1510 581/750/1458 625/824/1511
f 48/774/1470 610/775/1495 629/817/1494
f 635/825/1512 47/14/1498 647/808/1513
f 599/801/1482 636/809/1483 598/826/1514
f 557/696/1272 42/827/1515 636/809/1483
f 557/696/1272 600/828/1381 42/827/1515
f 559/642/1516 590/704/1516 620/790/1516
s 0
f 622/797/1517 596/770/1517 627/829/1517
s 1
f 637/830/1518 596/770/1519 576/741/1520
f 612/714/1448 613/795/1447 609/794/1446
f 597/707/1521 585/765/1508 631/831/1507
f 585/832/1508 624/821/1505 631/823/1507
f 615/796/1452 605/729/1457 638/833/1522
s 0
f 571/720/1523 593/773/1523 639/816/1523
s 1
f 629/817/1494 50/776/1496 616/786/1524
f 646/834/1525 640/804/1526 607/788/1527
f 633/835/1528 607/818/1529 630/819/1530
f 641/752/1531 487/588/1114 608/836/1393
f 602/781/1423 595/837/1383 551/711/1414
f 637/830/1518 576/741/1520 623/793/1441
f 714/838/1532 609/794/1446 613/795/1447
f 643/814/1503 613/795/1533 614/764/1504
f 657/839/1534 47/14/1498 635/825/1512
f 647/808/1481 582/13/13 664/840/1535
f 664/840/1535 582/13/13 598/841/1536
f 528/636/1162 552/842/1249 602/781/1423
f 602/843/1423 552/687/1249 619/763/1415
f 621/791/1440 584/778/1465 666/844/1537
f 584/778/1465 603/812/1489 666/844/1537
s 0
f 596/770/1538 637/830/1538 627/829/1538
s 1
f 597/780/1521 631/845/1507 41/846/1539
s 0
f 592/766/1540 615/796/1540 667/847/1540
f 639/816/1541 593/773/1541 625/824/1541
s 1
f 581/750/1458 606/784/1460 625/824/1511
f 42/848/1515 600/697/1381 550/810/1485
f 550/698/1485 589/587/1542 535/674/1218
s 0
f 611/753/1543 559/642/1543 654/739/1543
s 1
f 666/844/1537 620/790/1435 621/791/1440
f 643/814/1503 597/780/1544 41/846/1539
f 650/849/1545 624/821/1505 592/766/1509
s 0
f 606/784/1546 49/785/1546 648/803/1546
s 1
f 654/739/1433 559/642/1547 620/790/1435
f 603/740/1501 622/797/1456 40/850/1548
f 682/851/1549 623/793/1550 609/794/1446
f 631/823/1507 634/822/1506 38/852/1551
f 566/742/1552 639/816/1553 628/815/1554
s 0
f 607/788/1555 633/853/1555 646/834/1555
s 1
f 47/14/1498 663/854/1556 630/819/1499
f 664/840/1535 598/841/1536 652/855/1557
f 602/843/1423 619/763/1415 644/856/1558
f 620/790/1435 666/857/1537 642/858/1559
f 40/850/1560 622/797/1561 655/859/1562
s 0
f 43/860/1563 622/797/1563 627/829/1563
s 1
f 637/830/1564 623/793/1550 682/851/1549
f 631/823/1507 38/852/1551 39/861/1565
f 634/822/1506 624/821/1505 650/849/1545
f 648/803/1468 48/774/1470 651/862/1566
f 651/862/1566 48/774/1470 629/817/1494
f 663/854/1556 47/14/1498 657/839/1534
f 652/855/1557 598/841/1567 658/863/1568
f 601/820/1337 583/700/1276 665/777/1569
f 711/864/1570 594/703/1571 595/762/1383
f 595/762/1383 602/865/1423 711/864/1570
f 644/856/1558 619/763/1415 676/866/1572
f 695/867/1573 631/845/1507 39/868/1565
f 616/786/1574 656/869/1575 660/870/1576
s 0
f 660/870/1577 656/869/1577 661/871/1577
f 661/871/1577 656/869/1577 662/872/1577
s 1
f 656/869/1575 616/786/1574 662/872/1575
s 0
f 641/873/1578 608/769/1578 601/699/1578
s 1
f 711/874/1570 602/843/1423 644/856/1558
f 676/866/1572 619/763/1415 654/739/1433
f 654/739/1433 620/790/1435 642/858/1559
s 0
f 622/797/1579 43/860/1579 649/875/1579
s 1
f 649/875/1580 43/860/1581 627/829/1582
f 41/846/1539 631/845/1507 701/876/1583
f 631/845/1507 695/867/1573 683/877/1584
f 650/849/1545 592/766/1509 667/847/1585
f 615/796/1586 638/833/1587 667/847/1588
f 638/833/1522 605/729/1457 659/878/1589
f 659/878/1589 605/729/1457 628/815/1590
f 639/816/1553 625/824/1591 606/784/1592
s 0
f 668/879/1593 606/784/1593 648/803/1593
s 1
f 616/786/1574 660/870/1576 629/817/1594
f 629/817/1595 660/870/1596 668/879/1597
f 660/870/1596 661/871/1598 668/879/1597
f 661/871/1598 662/880/1598 668/879/1599
s 0
f 668/879/1600 662/880/1600 669/881/1600
f 662/872/1601 616/786/1601 669/881/1601
s 1
f 645/882/1602 640/804/1526 646/834/1525
f 658/863/1568 598/841/1567 670/883/1603
f 598/841/1567 636/809/1604 670/883/1603
f 670/883/1605 636/809/1604 685/884/1606
f 685/884/1606 636/809/1604 653/885/1607
f 636/809/1604 42/827/1608 672/886/1609
f 641/887/1370 601/888/1337 673/889/1610
f 603/740/1501 40/850/1548 677/890/1611
f 682/851/1549 609/794/1446 714/838/1532
f 613/795/1533 643/814/1503 690/891/1612
f 631/845/1507 683/877/1584 701/876/1583
f 648/803/1613 651/862/1614 668/879/1615
f 651/862/1614 629/817/1616 668/879/1615
s 0
f 669/881/1617 616/786/1617 668/879/1617
s 1
f 668/879/1618 616/786/1619 617/787/1620
f 626/798/1473 640/804/1526 617/892/1471
f 640/804/1526 645/882/1602 617/892/1471
f 633/835/1528 630/819/1530 663/854/1621
f 673/889/1610 601/888/1337 665/893/1569
s 0
f 665/894/1622 594/703/1622 711/864/1622
s 1
f 676/866/1572 654/739/1433 642/858/1559
f 666/857/1623 603/740/1501 677/890/1611
f 714/838/1624 613/795/1533 690/891/1612
f 684/895/1625 634/822/1506 650/849/1545
f 606/784/1592 668/879/1626 680/896/1627
f 664/840/1628 698/897/1629 647/808/1513
s 0
f 687/898/1630 670/883/1630 685/884/1630
s 1
f 653/885/1607 636/809/1604 671/899/1631
f 681/900/1632 666/857/1623 677/890/1611
f 40/850/1560 678/901/1633 734/902/1634
f 679/903/1635 655/859/1636 649/875/1637
f 655/859/1562 622/797/1561 649/875/1638
f 649/875/1580 627/829/1582 637/830/1639
f 701/876/1583 643/814/1503 41/846/1539
f 639/816/1553 606/784/1592 680/896/1627
f 647/808/1513 698/897/1629 635/825/1512
f 653/885/1640 671/899/1641 693/904/1642
f 671/899/1631 636/809/1604 672/886/1609
f 550/698/1485 535/674/1218 686/905/1643
f 535/674/1218 641/752/1370 686/905/1643
f 707/906/1644 689/907/1645 642/858/1646
f 697/908/1647 634/822/1506 684/895/1625
f 650/849/1545 667/847/1648 727/909/1649
f 638/833/1587 659/878/1650 667/847/1588
f 628/815/1554 639/816/1553 680/896/1627
f 646/910/1651 633/835/1652 663/854/1653
f 672/886/1609 42/827/1608 703/911/1654
f 694/912/1655 703/911/1654 42/827/1608
f 686/913/1643 641/887/1370 673/889/1610
f 677/890/1656 40/850/1560 734/902/1634
f 40/850/1560 655/859/1562 678/901/1633
f 668/879/1618 617/787/1620 692/914/1657
s 0
f 646/834/1658 617/892/1658 645/882/1658
s 1
f 42/915/1515 550/698/1485 686/905/1643
f 642/858/1646 666/857/1623 681/900/1632
f 637/830/1659 679/903/1635 649/875/1637
f 714/838/1624 690/891/1612 709/916/1660
f 700/917/1661 643/814/1503 701/876/1583
f 729/918/1662 668/879/1618 692/914/1657
f 646/919/1651 663/920/1653 702/921/1663
f 716/922/1664 664/840/1628 652/855/1665
s 0
f 716/922/1666 652/855/1666 658/863/1666
s 1
f 704/923/1667 711/874/1668 644/856/1669
f 676/866/1670 642/858/1646 689/907/1671
s 0
f 689/907/1672 707/906/1672 706/924/1672
s 1
f 642/858/1646 681/900/1632 707/906/1644
f 681/900/1673 677/890/1656 712/925/1674
f 690/891/1612 643/814/1503 700/917/1661
f 701/876/1583 683/877/1584 710/926/1675
f 680/896/1676 668/879/1618 729/918/1662
f 692/914/1657 617/787/1620 646/927/1677
f 663/920/1653 657/928/1678 702/921/1663
f 724/929/1679 720/930/1680 644/856/1669
f 679/903/1681 637/830/1564 713/931/1682
f 634/822/1506 697/908/1647 38/852/1683
f 684/895/1625 650/849/1545 727/909/1649
f 664/840/1628 716/922/1684 698/897/1629
f 658/863/1685 670/883/1686 717/932/1687
s 0
f 670/883/1688 687/898/1688 717/932/1688
s 1
f 718/933/1689 671/899/1641 672/886/1690
f 42/915/1608 686/905/1691 694/934/1655
s 0
f 673/889/1692 665/893/1692 711/874/1692
s 1
f 676/866/1670 689/907/1671 705/935/1693
s 0
f 708/936/1694 681/900/1694 733/937/1694
s 1
f 712/925/1674 677/890/1656 699/938/1695
f 713/931/1682 637/830/1564 682/851/1549
f 39/868/1696 38/939/1683 760/940/1697
f 728/941/1698 680/896/1699 729/918/1700
f 657/839/1678 635/825/1701 702/942/1663
f 702/942/1663 635/825/1701 698/897/1702
f 685/884/1703 653/885/1640 717/932/1704
f 693/904/1642 671/899/1641 718/933/1689
f 737/943/1705 673/889/1706 711/874/1707
f 704/923/1667 644/856/1669 720/930/1680
f 731/944/1708 644/856/1709 676/866/1670
f 705/935/1693 725/945/1710 676/866/1670
f 682/851/1711 714/838/1624 709/916/1660
f 700/917/1661 701/876/1583 726/946/1712
f 735/947/1713 683/877/1584 695/867/1714
f 39/868/1696 696/948/1715 695/867/1714
f 748/949/1716 684/895/1625 721/950/1717
f 628/815/1590 728/941/1718 659/878/1589
f 680/896/1699 728/941/1698 628/815/1719
f 716/922/1720 658/863/1721 717/932/1687
s 0
f 717/932/1722 687/898/1722 685/884/1722
s 1
f 718/933/1689 672/886/1690 722/951/1723
f 722/951/1723 672/886/1690 703/911/1724
f 644/856/1709 731/944/1708 747/952/1725
f 705/935/1726 689/907/1727 755/953/1728
f 760/940/1697 696/948/1715 39/868/1696
f 748/949/1716 697/908/1647 684/895/1625
f 684/895/1625 727/909/1649 721/950/1717
f 692/954/1729 646/919/1730 702/921/1731
f 653/885/1640 693/904/1642 717/932/1704
s 0
f 750/955/1732 694/912/1732 742/956/1732
s 1
f 694/912/1733 686/913/1734 742/956/1735
f 743/957/1736 742/956/1735 686/913/1734
f 686/913/1734 673/889/1706 37/958/1737
f 37/958/1737 673/889/1706 744/959/1738
f 744/959/1738 673/889/1706 737/943/1705
f 719/960/1739 711/874/1668 704/923/1667
f 731/944/1708 676/866/1670 725/945/1710
f 726/946/1712 701/876/1583 710/926/1675
f 695/867/1714 696/948/1715 715/961/1740
f 667/847/1741 659/878/1742 757/962/1743
f 729/918/1662 692/914/1657 738/963/1744
f 692/954/1745 702/921/1746 749/964/1747
f 702/921/1663 698/897/1702 765/965/1748
f 722/951/1723 703/911/1724 740/966/1749
s 0
f 694/912/1750 750/955/1750 741/967/1750
s 1
f 686/913/1734 736/968/1751 743/957/1736
f 711/874/1668 719/960/1739 737/943/1752
f 724/929/1679 644/856/1669 747/952/1753
s 0
f 776/969/1754 681/900/1754 708/936/1754
s 1
f 735/947/1713 695/867/1714 715/961/1740
f 698/897/1702 716/922/1755 761/970/1756
f 686/913/1734 37/958/1737 751/971/1757
f 707/906/1758 681/900/1759 776/969/1760
f 733/937/1761 681/900/1673 712/925/1762
s 0
f 734/902/1763 678/901/1763 679/903/1763
s 1
f 678/901/1764 655/859/1636 679/903/1635
f 757/962/1743 659/878/1742 728/941/1765
f 738/963/1766 728/941/1765 729/918/1767
f 738/963/1744 692/914/1657 739/972/1768
s 0
f 740/966/1769 694/912/1769 723/973/1769
f 736/968/1770 751/971/1770 766/974/1770
s 1
f 736/968/1751 686/913/1734 751/971/1757
f 745/975/1771 744/959/1772 737/943/1773
f 759/976/1774 724/929/1775 747/952/1776
f 767/977/1777 725/945/1778 705/935/1726
f 689/907/1779 706/924/1779 732/978/1779
f 677/890/1656 734/902/1634 699/938/1695
f 710/926/1675 683/877/1584 735/947/1713
f 756/979/1780 715/961/1740 696/948/1715
f 721/950/1717 727/909/1649 764/980/1781
f 773/981/1782 727/909/1649 667/847/1648
f 716/922/1783 717/932/1784 761/970/1785
f 694/912/1786 740/966/1787 703/911/1788
f 758/982/1789 737/943/1790 719/960/1791
f 753/983/1792 704/923/1793 720/930/1794
f 771/984/1795 679/903/1681 713/931/1682
f 713/931/1796 682/851/1711 709/916/1660
f 709/916/1660 690/891/1612 700/917/1661
f 726/946/1712 710/926/1675 35/985/1797
f 728/941/1765 738/963/1766 757/962/1743
f 765/965/1748 698/897/1702 761/970/1756
f 742/956/1798 743/957/1799 778/986/1800
f 719/960/1791 704/923/1793 752/987/1801
f 720/930/1794 724/929/1775 759/976/1774
f 754/988/1802 731/944/1803 725/945/1778
s 0
f 706/924/1804 707/906/1804 732/978/1804
s 1
f 769/989/1805 768/990/1806 760/940/1697
f 760/940/1697 38/939/1683 697/991/1647
f 702/921/1807 765/965/1807 749/964/1807
f 718/933/1808 722/951/1809 775/992/1810
f 775/992/1810 722/951/1809 740/966/1811
f 723/973/1812 694/912/1812 741/967/1812
f 737/943/1790 758/982/1789 745/975/1813
f 719/960/1791 752/987/1801 758/982/1789
f 732/978/1814 707/906/1758 776/969/1760
f 734/902/1815 679/903/1816 771/984/1795
f 36/993/1817 713/931/1796 709/916/1660
f 700/917/1661 726/946/1712 762/994/1818
f 696/948/1715 768/995/1806 756/979/1780
f 768/990/1806 696/948/1715 760/940/1697
s 0
f 739/996/1819 692/954/1819 749/964/1819
s 1
f 761/970/1785 717/932/1784 693/904/1820
f 693/904/1820 718/933/1808 775/992/1810
s 0
f 741/967/1821 750/955/1821 742/956/1821
f 766/974/1822 751/971/1822 779/997/1822
s 1
f 753/983/1792 720/930/1794 746/998/1823
f 720/930/1794 759/976/1774 746/998/1823
f 776/969/1824 708/936/1825 733/937/1826
f 23/999/1827 735/947/1713 715/961/1740
f 760/1000/1697 697/908/1647 772/1001/1828
f 772/1001/1828 697/908/1647 748/949/1716
f 764/980/1781 727/909/1649 773/981/1782
f 738/963/1829 739/972/1830 774/1002/1831
f 765/965/1832 761/970/1833 777/1003/1834
f 37/958/1835 744/959/1772 780/1004/1836
f 780/1004/1836 744/959/1772 745/975/1771
f 770/1005/1837 747/952/1776 731/944/1803
f 33/1006/1838 768/990/1806 769/989/1805
f 667/847/1648 757/962/1839 773/981/1782
f 704/923/1793 753/983/1792 752/987/1801
f 759/976/1774 747/952/1776 770/1005/1837
f 754/988/1802 725/945/1778 767/977/1777
f 689/907/1727 732/978/1840 755/953/1728
f 733/937/1826 732/978/1841 776/969/1842
f 699/938/1843 734/902/1815 771/984/1795
f 34/1007/1844 700/917/1661 762/994/1818
f 35/985/1797 710/926/1675 735/947/1713
f 721/950/1717 764/980/1781 818/1008/1845
s 0
f 743/957/1846 736/968/1846 779/997/1846
f 736/968/1847 766/974/1847 779/997/1847
s 1
f 779/997/1848 751/971/1849 780/1004/1836
f 751/971/1850 37/958/1835 780/1004/1836
f 794/1009/1851 746/998/1852 759/976/1853
f 767/977/1777 705/935/1726 755/953/1728
f 709/916/1660 700/917/1661 34/1007/1844
f 822/1010/1854 762/994/1818 726/946/1712
f 772/1011/1828 748/949/1716 783/1012/1855
f 693/904/1820 775/992/1810 761/970/1785
f 733/937/1856 712/925/1857 791/1013/1858
f 712/925/1857 771/984/1795 791/1013/1858
f 712/925/1857 699/938/1843 771/984/1795
f 709/916/1660 34/1007/1844 36/993/1817
f 773/981/1782 757/962/1839 738/963/1829
f 793/1014/1859 739/996/1860 749/964/1861
f 742/956/1798 778/986/1800 741/967/1862
s 0
f 778/986/1863 743/957/1863 785/1015/1863
s 1
f 786/1016/1864 785/1015/1865 787/1017/1866
f 785/1015/1865 743/957/1867 787/1017/1866
f 770/1005/1837 731/944/1803 754/988/1802
f 726/946/1712 35/985/1797 822/1010/1854
f 715/961/1740 798/1018/1868 23/999/1827
f 799/1019/1869 33/1006/1838 769/989/1805
f 721/950/1717 818/1008/1845 748/949/1716
f 793/1014/1859 749/964/1861 765/965/1870
f 765/965/1870 781/1020/1871 793/1014/1859
s 0
f 785/1015/1872 786/1021/1872 778/986/1872
f 778/986/1873 786/1021/1873 789/1022/1873
f 786/1023/1874 787/1017/1874 789/1022/1874
f 787/1017/1875 743/957/1875 789/1022/1875
s 1
f 789/1022/1876 743/957/1877 790/1024/1878
s 0
f 743/957/1879 779/997/1879 790/1024/1879
s 1
f 803/1025/1880 758/982/1881 752/987/1882
f 803/1025/1880 752/987/1882 753/983/1883
f 753/983/1883 794/1009/1851 803/1025/1880
f 732/978/1884 733/937/1856 815/1026/1885
f 815/1026/1885 733/937/1856 791/1013/1858
f 33/1027/1838 25/1/1 32/3/3
f 748/949/1716 818/1008/1845 792/1028/1886
f 784/1029/1887 774/1002/1888 739/972/1889
f 802/1030/1890 761/970/1833 775/992/1891
f 778/986/1892 789/1022/1876 790/1024/1878
f 745/975/1893 758/982/1881 803/1025/1880
f 753/983/1883 746/998/1852 794/1009/1851
f 814/1031/1894 755/953/1895 732/978/1884
f 791/1013/1858 771/984/1795 795/1032/1896
f 795/1032/1897 771/984/1898 796/1033/1899
f 796/1033/1899 771/984/1898 804/1034/1900
f 804/1034/1900 771/984/1898 805/1035/1901
f 805/1035/1901 771/984/1898 806/1036/1902
f 806/1036/1902 771/984/1898 797/1037/1903
f 797/1037/1903 771/984/1898 713/931/1904
f 834/1038/1905 762/994/1818 822/1010/1854
f 35/985/1797 735/947/1713 23/999/1827
f 715/961/1740 756/979/1780 798/1018/1868
f 768/990/1806 33/1006/1838 32/1039/3
f 25/1/1 24/5/5 809/9/9
f 27/6/6 816/1040/1906 19/1041/1907
f 783/1012/1855 748/949/1716 792/1028/1886
f 764/980/1781 773/981/1782 801/1042/1908
f 773/981/1782 738/963/1829 788/1043/1909
f 22/1044/1910 784/1045/1887 739/996/1889
f 790/1024/1911 740/966/1912 723/973/1913
f 779/997/1914 780/1004/1915 790/1024/1916
f 759/976/1853 770/1005/1917 782/1046/1918
f 770/1005/1917 754/988/1919 782/1046/1918
f 782/1046/1918 754/988/1919 767/977/1920
f 732/978/1884 815/1026/1885 814/1031/1894
f 795/1032/1921 796/1033/1921 804/1047/1921
f 797/1037/1922 713/931/1796 807/1048/1923
f 34/1007/1844 762/994/1818 21/1049/1924
f 826/7/7 29/4/4 26/2/2
f 24/5/5 27/6/6 19/1041/1907
f 818/1008/1845 764/980/1781 810/1050/1925
f 777/1003/1834 761/970/1833 802/1030/1890
f 775/992/1926 740/966/1912 811/1051/1927
s 0
f 723/973/1928 741/967/1928 790/1024/1928
s 1
f 795/1032/1929 804/1047/1930 812/1052/1931
f 804/1047/1930 805/1053/1932 812/1052/1931
f 805/1053/1932 806/1054/1933 812/1052/1931
f 806/1054/1933 797/1055/1934 812/1052/1931
f 797/1055/1934 807/1048/1923 812/1052/1931
f 807/1048/1923 713/931/1796 812/1052/1931
f 824/1056/1935 35/985/1797 23/999/1827
f 25/1057/1 33/1006/1838 799/1019/1869
f 800/1058/1936 769/989/1805 760/940/1697
f 788/1043/1909 738/963/1829 774/1002/1831
f 740/966/1912 790/1024/1937 811/1051/1927
s 0
f 741/967/1938 778/986/1938 790/1024/1938
s 1
f 767/977/1920 755/953/1895 814/1031/1894
f 768/990/1806 32/1039/3 756/1059/1780
f 756/979/1780 32/3/3 835/1060/1939
f 825/8/8 826/7/7 813/1061/1940
f 19/1062/1907 816/1063/1906 20/1064/1941
f 799/1019/1869 769/989/1805 800/1058/1936
f 760/940/1697 772/1065/1828 800/1058/1936
f 800/1066/1936 772/1011/1828 831/1067/1942
f 841/1068/1943 801/1042/1908 773/981/1782
f 739/996/1944 793/1014/1945 22/1044/1946
f 802/1030/1947 775/992/1926 811/1051/1927
f 713/931/1796 36/993/1817 812/1052/1931
f 844/1069/1948 36/993/1817 34/1007/1844
f 822/1010/1854 35/985/1797 824/1056/1935
f 831/1067/1942 772/1011/1828 783/1012/1855
f 781/1020/1949 765/965/1950 777/1003/1951
f 790/1024/1916 780/1004/1915 745/975/1952
f 832/1070/1953 745/975/1952 803/1025/1954
f 782/1046/1918 767/977/1920 814/1031/1894
f 813/1061/1940 826/7/7 845/1071/1955
f 830/1072/1956 27/6/6 25/1/1
f 810/1050/1925 764/980/1781 801/1042/1908
f 841/1068/1943 773/981/1782 788/1043/1909
f 788/1043/1909 774/1002/1831 784/1029/1957
f 819/1073/1958 832/1070/1953 803/1025/1954
f 819/1073/1959 803/1025/1960 820/1074/1961
f 794/1009/1851 759/976/1853 782/1046/1918
f 23/999/1827 808/1075/1962 824/1056/1935
f 835/1060/1939 32/3/3 29/4/1963
f 20/1064/1941 816/1063/1906 842/1076/1964
f 22/1044/1946 793/1014/1945 781/1020/1965
f 803/1025/1960 794/1009/1966 828/1077/1967
f 812/1052/1931 791/1013/1968 795/1032/1929
f 812/1052/1931 36/993/1817 838/1078/1969
f 838/1078/1969 36/993/1817 844/1069/1948
f 829/1079/1970 834/1038/1905 822/1010/1854
f 792/1028/1886 818/1008/1845 810/1050/1925
f 837/1080/1971 802/1030/1972 811/1051/1973
f 790/1024/1916 745/975/1952 832/1070/1953
f 820/1074/1961 803/1025/1960 828/1077/1967
f 833/1081/1974 782/1046/1975 814/1031/1976
f 815/1026/1977 791/1013/1968 812/1052/1931
f 762/994/1818 834/1038/1905 21/1049/1924
f 822/1010/1854 824/1056/1935 829/1079/1970
f 798/1018/1868 756/979/1780 835/1060/1939
f 847/1082/1978 826/7/7 836/1083/1979
f 809/9/9 19/1084/1907 853/1085/1980
f 809/9/9 24/5/5 19/1041/1907
f 816/1040/1906 27/6/6 830/1072/1956
f 25/1/1 799/1086/1869 830/1072/1956
f 777/1003/1951 802/1030/1981 848/1087/1982
f 790/1024/1983 832/1070/1983 811/1051/1983
f 828/1077/1984 794/1009/1985 821/1088/1986
f 844/1069/1948 34/1007/1844 21/1049/1924
f 808/1075/1962 23/999/1827 798/1089/1868
f 845/1071/1955 826/7/7 847/1082/1978
f 799/1019/1869 800/1058/1936 830/1090/1956
f 777/1003/1951 848/1087/1982 781/1020/1949
f 794/1009/1985 782/1046/1975 821/1088/1986
f 782/1046/1975 833/1081/1974 821/1088/1986
f 835/1060/1939 29/4/1963 825/8/8
f 842/1076/1964 816/1063/1906 849/1091/1987
f 868/1092/1988 783/1012/1855 792/1028/1886
f 810/1050/1925 801/1042/1908 843/1093/1989
f 882/1094/1990 26/2/1991 809/9/9
f 19/1062/1907 20/1064/1941 840/1095/1992
f 816/1063/1906 830/1096/1956 849/1091/1987
f 788/1043/1909 784/1029/1957 866/1097/1993
f 852/1098/1994 784/1045/1957 22/1044/1995
f 812/1052/1931 838/1078/1969 815/1026/1977
f 854/1099/1996 835/1060/1939 825/8/8
f 874/1100/1997 846/1101/1998 845/1071/1955
f 826/7/7 26/2/1991 882/1094/1990
f 831/1102/1942 783/1012/1855 868/1092/1988
f 868/1092/1988 792/1028/1886 872/1103/1999
f 792/1028/1886 810/1104/1925 872/1103/1999
f 843/1093/1989 801/1042/1908 841/1068/1943
f 22/1044/1995 781/1020/2000 850/1105/2001
f 802/1030/1981 837/1080/2002 848/1087/1982
f 820/1074/2003 828/1077/2004 851/1106/2005
f 20/1064/1941 842/1076/1964 18/1107/2006
f 841/1108/1943 788/1043/1909 866/1097/1993
f 784/1029/1957 852/1109/1994 866/1097/1993
f 860/1110/2007 832/1070/2008 819/1073/2009
f 814/1031/2010 815/1026/1977 17/1111/2011
f 840/1095/1992 20/1064/1941 18/1107/2006
f 850/1105/2001 852/1098/1994 22/1044/1995
f 857/1112/2012 824/1056/1935 808/1075/1962
f 808/1075/1962 798/1089/1868 854/1113/1996
f 854/1099/1996 798/1018/1868 835/1060/1939
f 845/1071/1955 846/1101/1998 855/1114/2013
f 845/1071/1955 847/1082/1978 874/1100/1997
f 900/1115/2014 810/1050/1925 843/1093/1989
f 841/1068/1943 886/1116/2015 843/1093/1989
f 886/1116/2015 841/1068/1943 866/1117/1993
f 819/1073/2009 820/1074/2003 856/1118/2016
f 17/1111/2011 815/1026/1977 838/1078/1969
f 838/1078/1969 844/1069/2017 877/1119/2018
f 869/1120/2019 834/1038/1905 829/1079/1970
f 825/8/8 813/1061/1940 863/1121/2020
f 858/1122/2021 855/1114/2013 846/1101/1998
f 882/1094/1990 809/9/9 853/1085/1980
f 16/1123/2022 866/1124/1993 852/1098/1994
f 851/1106/2005 828/1077/2004 821/1088/2023
f 857/1112/2012 808/1075/1962 854/1113/1996
f 863/1121/2020 854/1099/1996 825/8/8
f 871/1125/2024 847/1082/1978 836/1083/1979
f 826/7/7 882/1094/1990 836/1083/1979
f 853/1085/1980 19/1084/1907 840/1126/1992
f 811/1051/1973 832/1070/2008 837/1080/1971
f 856/1118/2016 820/1074/2003 851/1106/2005
f 833/1081/2025 814/1031/2010 17/1111/2011
f 21/1049/1924 834/1038/1905 869/1120/2019
f 829/1079/1970 824/1056/1935 861/1127/2026
f 859/1128/2027 852/1098/1994 850/1105/2001
f 905/1129/2028 850/1105/2001 781/1020/2000
f 838/1078/1969 862/1130/2029 17/1111/2011
f 844/1069/2017 21/1049/1924 878/1131/2030
f 18/1107/2006 884/1132/2031 880/1133/2032
f 867/1134/2033 884/1132/2031 18/1107/2006
f 842/1076/1964 849/1091/1987 899/1135/2034
f 830/1090/1956 800/1058/1936 868/1136/1988
f 800/1066/1936 831/1067/1942 868/1137/1988
f 872/1103/1999 810/1104/1925 900/1138/2014
f 819/1073/2009 856/1118/2016 860/1110/2007
f 813/1061/1940 845/1071/1955 863/1121/2020
f 846/1101/1998 864/1139/2035 858/1122/2021
f 867/1134/2033 18/1107/2006 842/1076/1964
f 852/1098/1994 859/1128/2027 16/1123/2022
f 21/1049/1924 869/1120/2019 878/1131/2030
f 854/1099/1996 863/1121/2020 879/1140/2036
f 845/1071/1955 855/1114/2013 863/1121/2020
f 874/1100/1997 847/1082/1978 871/1125/2024
f 853/1085/1980 840/1126/1992 865/1141/2037
f 890/1142/2038 840/1095/1992 18/1107/2006
f 849/1091/1987 830/1096/1956 868/1143/1988
f 833/1081/2025 17/1111/2011 875/1144/2039
f 862/1130/2029 875/1144/2039 17/1111/2011
f 862/1130/2029 838/1078/1969 876/1145/2040
f 876/1145/2040 838/1078/1969 877/1119/2018
f 877/1119/2018 844/1069/2017 878/1131/2030
f 859/1128/2027 850/1105/2001 881/1146/2041
f 905/1129/2028 781/1020/2000 848/1087/2042
f 829/1079/1970 873/1147/2043 869/1120/2019
f 12/1148/2044 871/1125/2024 836/1083/1979
f 900/1115/2014 843/1093/1989 885/1149/2045
f 833/1081/2025 875/1144/2039 821/1088/2023
f 906/1150/2046 862/1130/2029 876/1145/2040
f 836/1083/1979 882/1094/1990 12/1148/2044
f 12/1148/2044 882/1094/1990 888/1151/2047
f 882/1094/1990 853/1085/1980 888/1151/2047
f 888/1151/2047 853/1085/1980 865/1141/2037
f 18/1107/2006 880/1133/2032 890/1142/2038
f 842/1076/1964 899/1135/2034 867/1152/2033
f 885/1149/2045 843/1093/1989 886/1116/2048
f 832/1070/2008 860/1110/2007 894/1153/2049
f 821/1088/2023 875/1144/2039 851/1106/2005
f 873/1147/2043 829/1079/1970 861/1127/2026
f 863/1121/2020 855/1114/2013 887/1154/2050
f 858/1122/2021 864/1139/2035 870/1155/2051
f 840/1126/1992 890/1156/2038 865/1141/2037
f 855/1114/2013 858/1122/2021 896/1157/2052
f 870/1155/2051 864/1139/2035 910/1158/2053
f 864/1139/2035 846/1101/1998 874/1100/1997
f 886/1116/2048 866/1117/2054 893/1159/2055
f 850/1105/2001 905/1129/2028 881/1146/2041
f 832/1070/2008 894/1153/2049 902/1160/2056
f 861/1127/2026 824/1056/1935 857/1112/2012
f 891/1161/2057 861/1127/2026 857/1112/2012
f 857/1162/2012 854/1099/1996 879/1140/2036
f 892/1163/2058 858/1122/2021 870/1155/2051
f 15/1164/2059 884/1132/2031 883/1165/2060
f 884/1132/2031 867/1134/2033 883/1165/2060
f 899/1135/2034 849/1091/1987 868/1143/1988
f 902/1160/2056 848/1087/2042 837/1080/1971
f 837/1080/1971 832/1070/2008 902/1160/2056
f 876/1145/2040 877/1119/2018 895/1166/2061
f 874/1100/1997 871/1125/2024 14/1167/2062
f 885/1149/2045 886/1116/2048 893/1159/2055
f 905/1129/2028 848/1087/2042 902/1160/2056
f 860/1110/2007 856/1118/2016 894/1153/2049
f 877/1119/2018 878/1131/2030 895/1166/2061
f 868/1092/1988 872/1103/1999 916/1168/2063
f 887/1154/2050 855/1114/2013 896/1157/2052
f 896/1157/2052 858/1122/2021 892/1163/2058
f 904/1169/2064 870/1155/2051 910/1158/2053
f 919/1170/2065 865/1141/2037 890/1156/2038
f 881/1146/2041 905/1129/2028 907/1171/2066
f 864/1139/2035 874/1100/1997 14/1167/2062
f 13/1172/2067 884/1132/2031 15/1164/2059
f 899/1135/2034 868/1092/1988 916/1168/2063
f 900/1115/2014 885/1149/2045 957/1173/2068
f 859/1128/2027 915/1174/2069 16/1123/2070
f 859/1128/2027 881/1146/2041 915/1174/2069
f 11/1175/2071 856/1118/2016 851/1106/2005
f 11/1175/2071 851/1106/2005 875/1144/2039
f 911/1176/2072 875/1144/2039 862/1130/2029
f 878/1131/2030 869/1120/2019 909/1177/2073
f 909/1177/2073 869/1120/2019 873/1147/2043
f 857/1112/2012 879/1178/2036 891/1161/2057
f 890/1142/2038 880/1133/2032 922/1179/2074
f 880/1133/2032 884/1132/2031 922/1179/2074
f 922/1180/2074 884/1132/2031 13/1172/2067
f 883/1165/2060 867/1134/2033 898/1181/2075
f 866/1117/2054 16/1182/2070 893/1159/2055
f 16/1123/2070 915/1174/2069 914/1183/2076
f 911/1176/2072 862/1130/2029 906/1150/2046
f 876/1145/2040 895/1166/2061 934/1184/2077
f 861/1127/2026 891/1161/2057 903/1185/2078
f 879/1140/2036 863/1121/2020 891/1186/2057
f 12/1148/2044 888/1151/2047 912/1187/2079
f 894/1153/2049 856/1118/2016 908/1188/2080
f 908/1188/2080 856/1118/2016 11/1175/2071
f 891/1186/2057 863/1121/2020 887/1154/2050
f 14/1167/2062 871/1125/2024 12/1148/2044
f 893/1189/2055 16/1123/2070 914/1183/2076
f 915/1174/2069 881/1146/2041 924/1190/2081
f 873/1147/2043 861/1127/2026 903/1185/2078
f 910/1158/2053 864/1139/2035 918/1191/2082
f 888/1151/2047 865/1141/2037 921/1192/2083
f 15/1164/2059 929/1193/2084 913/1194/2085
f 905/1129/2028 902/1160/2056 917/1195/2086
f 906/1150/2046 876/1145/2040 934/1184/2077
f 887/1154/2050 896/1157/2052 927/1196/2087
f 938/1197/2088 870/1155/2051 904/1169/2064
f 888/1151/2047 921/1192/2083 912/1187/2079
f 899/1135/2034 916/1168/2063 930/1198/2089
f 872/1199/1999 900/1115/2014 957/1173/2068
f 878/1131/2030 909/1177/2073 923/1200/2090
f 892/1163/2058 870/1155/2051 938/1197/2088
f 864/1139/2035 14/1167/2062 918/1191/2082
f 919/1201/2065 890/1142/2038 922/1179/2074
f 15/1164/2059 913/1194/2085 13/1172/2067
f 898/1181/2075 867/1134/2033 930/1202/2089
f 930/1198/2089 867/1152/2033 899/1135/2034
f 895/1166/2061 878/1131/2030 10/1203/2091
f 904/1169/2064 910/1158/2053 918/1191/2082
f 14/1167/2062 12/1148/2044 935/1204/2092
f 865/1141/2037 919/1170/2065 921/1192/2083
f 881/1146/2041 907/1171/2066 924/1190/2081
f 923/1200/2090 10/1203/2091 878/1131/2030
f 15/1164/2059 883/1165/2060 898/1181/2075
f 885/1149/2045 893/1159/2055 949/1205/2093
f 905/1129/2028 917/1195/2086 952/1206/2094
f 917/1195/2086 902/1160/2056 925/1207/2095
f 925/1207/2095 902/1160/2056 894/1153/2049
f 11/1175/2096 875/1144/2039 926/1208/2097
f 926/1208/2097 875/1144/2039 911/1176/2072
f 911/1176/2072 906/1150/2046 931/1209/2098
f 927/1196/2087 896/1157/2052 928/1210/2099
f 920/1211/2100 904/1169/2064 918/1191/2082
f 935/1204/2092 12/1148/2044 912/1187/2079
f 872/1103/1999 957/1212/2068 916/1168/2063
f 9/1213/2101 894/1153/2049 908/1188/2080
f 928/1210/2099 896/1157/2052 892/1214/2058
f 929/1193/2084 15/1164/2059 939/1215/2102
f 915/1174/2069 924/1190/2081 933/1216/2103
f 906/1150/2046 934/1217/2077 931/1209/2098
f 895/1166/2061 10/1203/2091 934/1184/2077
f 918/1191/2082 14/1167/2062 935/1204/2092
f 941/1218/2104 913/1219/2085 929/1220/2084
f 15/1164/2059 898/1181/2075 939/1215/2102
f 949/1205/2093 893/1159/2055 951/1221/2105
f 914/1183/2076 915/1174/2069 933/1216/2103
f 907/1171/2066 905/1129/2028 952/1206/2094
f 925/1207/2095 894/1153/2049 9/1213/2101
f 909/1177/2073 873/1147/2043 937/1222/2106
f 891/1186/2057 887/1154/2050 927/1196/2087
f 892/1163/2058 938/1197/2088 954/1223/2107
f 938/1197/2088 904/1169/2064 932/1224/2108
f 950/1225/2109 920/1211/2100 8/1226/2110
f 920/1211/2100 918/1191/2082 8/1226/2110
f 921/1192/2083 919/1170/2065 940/1227/2111
f 919/1170/2065 922/1228/2074 940/1227/2111
f 941/1218/2104 929/1220/2084 946/1229/2112
f 930/1198/2089 916/1168/2063 957/1212/2068
f 933/1216/2103 924/1190/2081 936/1230/2113
f 943/1231/2114 907/1171/2066 952/1206/2094
f 911/1176/2072 931/1209/2098 926/1208/2097
f 873/1147/2043 903/1232/2078 937/1222/2106
f 904/1169/2064 920/1211/2115 932/1224/2108
f 935/1204/2092 912/1187/2079 921/1192/2083
f 929/1193/2084 939/1215/2102 947/1233/2116
f 939/1215/2102 898/1181/2075 948/1234/2117
f 951/1221/2105 893/1159/2055 914/1235/2076
f 903/1185/2078 891/1161/2057 937/1236/2106
f 891/1161/2057 927/1237/2087 937/1236/2106
f 928/1238/2099 892/1163/2058 954/1223/2107
f 935/1239/2092 921/1192/2083 940/1227/2111
f 948/1234/2117 898/1181/2075 930/1202/2089
f 924/1190/2081 907/1171/2066 936/1230/2113
f 936/1230/2113 907/1171/2066 943/1231/2114
f 9/1213/2101 908/1188/2080 7/1240/2118
f 956/1241/2119 918/1191/2082 935/1204/2092
f 922/1242/2074 13/1243/2120 940/1244/2111
f 908/1188/2080 11/1175/2096 958/1245/2121
f 934/1246/2077 944/1247/2122 964/1248/2123
f 918/1191/2082 956/1241/2119 8/1226/2110
f 913/1219/2085 941/1218/2104 945/1249/2124
f 952/1206/2094 917/1195/2125 925/1207/2095
f 953/1250/2126 925/1207/2095 9/1213/2101
f 934/1246/2077 964/1248/2123 931/1209/2098
f 927/1196/2087 928/1210/2099 937/1251/2106
f 955/1252/2127 938/1197/2088 932/1224/2108
f 914/1235/2076 933/1253/2103 951/1221/2105
f 7/1240/2118 908/1188/2080 958/1245/2121
f 13/1243/2120 945/1249/2124 940/1244/2111
f 13/1243/2120 913/1219/2085 945/1249/2124
f 966/1254/2128 885/1149/2045 949/1205/2093
f 952/1206/2094 925/1207/2095 953/1250/2126
f 11/1175/2096 926/1208/2097 958/1245/2121
f 923/1200/2090 909/1177/2073 937/1222/2106
f 938/1197/2088 955/1252/2127 954/1223/2107
f 929/1193/2084 947/1233/2116 960/1255/2129
f 947/1233/2116 939/1215/2102 948/1234/2117
f 953/1250/2126 9/1213/2101 959/1256/2130
f 946/1257/2112 929/1193/2084 960/1255/2129
f 959/1256/2130 9/1213/2101 7/1240/2118
f 934/1246/2077 10/1258/2091 944/1247/2122
f 955/1252/2127 932/1224/2108 961/1259/2131
f 950/1225/2109 8/1226/2110 962/1260/2132
f 930/1198/2089 957/1212/2068 948/1261/2117
f 932/1224/2108 920/1211/2115 965/1262/2133
f 920/1211/2115 950/1225/2109 965/1262/2133
f 972/1263/2134 10/1203/2091 923/1200/2090
f 966/1254/2128 957/1173/2068 885/1149/2045
f 943/1231/2114 952/1206/2094 963/1264/2135
f 963/1264/2135 952/1206/2094 953/1250/2126
f 961/1259/2131 932/1224/2108 965/1262/2133
f 962/1260/2132 8/1226/2110 974/1265/2136
f 945/1249/2124 967/1266/2137 969/1267/2138
f 941/1218/2104 946/1229/2112 970/1268/2139
f 948/1269/2117 957/1173/2068 966/1254/2128
f 951/1221/2105 933/1253/2103 942/1270/2140
f 931/1209/2098 964/1248/2123 968/1271/2141
f 945/1249/2124 941/1218/2104 967/1266/2137
f 970/1268/2139 946/1229/2112 977/1272/2142
f 948/1234/2117 975/1273/2143 947/1233/2116
f 942/1270/2140 933/1253/2103 978/1274/2144
f 958/1245/2145 926/1208/2097 971/1275/2146
f 926/1208/2097 931/1209/2098 968/1271/2141
f 937/1251/2106 928/1210/2099 954/1276/2107
f 965/1262/2133 950/1225/2109 973/1277/2147
f 974/1265/2136 8/1226/2110 956/1278/2119
f 967/1266/2137 941/1218/2104 970/1268/2139
f 977/1272/2142 946/1229/2112 960/1279/2129
f 954/1223/2107 955/1252/2127 979/1280/2148
f 940/1244/2111 945/1249/2124 969/1267/2138
f 839/1281/2149 943/1231/2114 963/1264/2135
f 971/1275/2146 926/1208/2097 968/1271/2141
f 944/1282/2122 10/1203/2091 972/1263/2134
f 974/1283/2136 956/1241/2119 935/1204/2092
f 817/1284/2150 949/1205/2093 951/1221/2105
f 937/1222/2106 954/1285/2107 923/1200/2090
f 979/1280/2148 955/1252/2127 961/1259/2131
f 960/1255/2129 947/1233/2116 980/1286/2151
f 980/1286/2151 947/1233/2116 975/1273/2143
f 975/1273/2143 948/1234/2117 966/1287/2128
f 7/1240/2152 958/1245/2145 971/1275/2146
f 964/1248/2123 944/1247/2122 675/1288/2153
f 675/1288/2153 944/1247/2122 897/1289/2154
f 973/1277/2147 976/1290/2155 965/1262/2133
f 974/1265/2136 935/1291/2092 969/1267/2138
f 923/1292/2090 954/1223/2107 979/1280/2148
f 936/1230/2113 943/1231/2114 230/1293/2156
f 230/1293/2156 943/1231/2114 839/1281/2149
f 508/1294/2157 7/1240/2152 971/1275/2146
f 969/1295/2138 935/1239/2092 940/1227/2111
f 977/1272/2142 960/1279/2129 889/1296/2158
f 950/1225/2109 962/1260/2132 618/1297/2159
f 981/1298/2160 962/1260/2132 974/1265/2136
f 966/1254/2128 949/1205/2093 817/1284/2150
f 951/1221/2105 942/1270/2140 817/1284/2150
f 959/1256/2161 7/1240/2152 508/1294/2157
f 972/1263/2134 923/1200/2090 979/1299/2148
f 961/1259/2131 965/1262/2133 976/1290/2155
f 967/1266/2137 970/1268/2139 763/1300/2162
f 982/1301/2163 970/1268/2139 977/1272/2142
f 961/1259/2131 674/1302/2164 979/1280/2148
f 982/1301/2163 977/1272/2142 889/1296/2158
f 975/1303/2143 966/1254/2128 817/1284/2150
f 933/1216/2103 936/1230/2113 230/1293/2156
f 562/1304/2165 963/1264/2135 953/1250/2126
f 28/1305/2166 953/1250/2126 959/1256/2161
f 901/1306/2167 964/1248/2123 675/1288/2153
f 944/1247/2122 972/1307/2134 897/1289/2154
f 961/1259/2131 976/1290/2155 6/1308/2168
f 942/1270/2140 978/1274/2144 371/1309/2169
f 385/1310/2170 968/1271/2141 964/1248/2123
f 972/1263/2134 979/1299/2148 897/1311/2154
f 970/1268/2139 982/1301/2163 763/1300/2162
f 889/1296/2158 960/1279/2129 980/1312/2151
f 978/1274/2144 933/1253/2103 371/1309/2169
f 839/1281/2149 963/1264/2135 562/1304/2165
f 973/1277/2147 950/1225/2109 618/1297/2159
f 967/1266/2137 823/1313/2171 969/1267/2138
f 562/1304/2165 953/1250/2126 28/1305/2166
f 961/1259/2131 6/1308/2168 674/1302/2164
f 618/1297/2159 962/1260/2132 981/1298/2160
f 495/1314/2172 974/1265/2136 827/1315/2173
f 827/1315/2173 974/1265/2136 969/1267/2138
f 982/1301/2163 889/1296/2158 730/1316/2174
f 385/1310/2170 964/1248/2123 901/1306/2167
f 981/1298/2160 974/1265/2136 495/1314/2172
f 823/1313/2171 967/1266/2137 517/1317/2175
f 967/1266/2137 763/1300/2162 517/1317/2175
f 980/1286/2151 975/1273/2143 817/1318/2150
f 455/1319/2176 976/1290/2155 5/1320/2177
f 973/1277/2147 618/1297/2159 502/1321/2178
f 933/1253/2103 230/1322/2156 371/1309/2179
f 971/1275/2146 968/1271/2141 315/1323/2180
f 674/1302/2164 6/1308/2168 591/1324/2181
f 976/1290/2155 973/1277/2147 5/1320/2182
f 827/1315/2173 969/1267/2138 823/1313/2171
f 889/1296/2158 980/1312/2151 492/1325/2183
f 6/1308/2168 976/1290/2155 455/1319/2176
f 28/1305/2166 959/1256/2161 244/1326/2184
f 959/1256/2161 508/1294/2157 244/1326/2184
f 897/1289/2154 979/1327/2148 675/1288/2153
f 979/1280/2148 674/1302/2164 675/1328/2153
f 6/1308/2168 455/1329/2176 591/1324/2181
f 5/1320/2182 973/1277/2147 502/1321/2178
f 498/1330/2185 981/1298/2160 495/1314/2172
f 763/1300/2162 982/1301/2163 688/1331/2186
f 982/1301/2163 730/1316/2174 688/1331/2186
f 968/1271/2141 385/1310/2170 315/1323/2180
f 980/1312/2151 817/1332/2150 492/1325/2183
f 827/1315/2173 823/1313/2171 691/1333/2187
f 618/1297/2159 981/1298/2160 498/1330/2185
f 691/1333/2187 823/1313/2171 517/1317/2175
f 889/1296/2158 492/1325/2183 730/1316/2174
f 817/1284/2150 942/1270/2140 371/1334/2169
f 492/1335/2183 817/1284/2150 371/1334/2169
f 230/1293/2156 839/1281/2149 268/1336/2188
f 203/1337/2189 839/1281/2149 562/1304/2165
f 618/1297/2159 498/1330/2185 381/1338/2190
f 373/1339/2191 730/1316/2174 492/1325/2183
f 827/1315/2173 691/1333/2187 495/1314/2172
f 675/1288/2153 674/1340/2164 901/1306/2167
f 901/1306/2167 674/1340/2164 591/1341/2181
f 517/1342/2175 763/1300/2162 688/1331/2186
f 839/1281/2149 203/1337/2189 268/1336/2188
f 5/1320/2182 502/1321/2178 341/1343/2192
f 502/1321/2178 618/1297/2159 381/1338/2190
f 147/1344/2193 688/1331/2186 373/1339/2191
f 688/1331/2186 730/1316/2174 373/1339/2191
f 373/1339/2191 492/1325/2183 271/1345/2194
f 3/1346/2195 517/1342/2175 688/1331/2186
f 901/1306/2167 591/1341/2181 385/1310/2170
f 324/1347/2196 498/1330/2185 495/1314/2172
f 691/1348/2187 517/1342/2175 3/1346/2195
f 203/1349/2189 562/1304/2165 28/1305/2166
f 244/1326/2184 508/1294/2157 971/1275/2146
f 455/1319/2197 5/1320/2182 202/1350/2198
f 502/1321/2178 381/1338/2190 341/1343/2192
f 495/1314/2172 691/1351/2187 324/1347/2196
f 3/1346/2195 688/1331/2186 147/1344/2193
f 492/1325/2183 371/1352/2179 271/1345/2194
f 591/1324/2181 455/1329/2199 385/1353/2170
f 3/1346/2195 147/1344/2193 92/1354/2200
f 971/1275/2146 315/1323/2180 75/1355/2201
f 385/1356/2170 455/1319/2199 202/1350/2198
f 381/1338/2190 498/1330/2185 311/1357/2202
f 5/1320/2182 341/1343/2192 202/1350/2198
f 341/1343/2192 381/1338/2190 311/1357/2202
f 311/1357/2202 498/1330/2185 324/1347/2196
f 691/1348/2187 3/1346/2195 324/1358/2196
f 244/1359/2184 971/1275/2146 75/1355/2201
f 315/1323/2180 385/1310/2170 202/1360/2198
f 123/1361/2203 147/1344/2193 373/1339/2191
f 373/1339/2191 271/1345/2194 123/1361/2203
f 271/1345/2194 371/1352/2179 230/1362/2156
f 202/1350/2198 341/1343/2192 154/1363/2204
f 268/1336/2188 203/1337/2189 30/1364/2205
f 341/1343/2192 311/1357/2202 97/1365/2206
f 203/1337/2189 28/1366/2166 30/1364/2205
f 315/1323/2180 202/1360/2198 75/1355/2201
f 154/1363/2204 341/1343/2192 97/1365/2206
f 311/1357/2202 324/1347/2196 31/1367/2207
f 123/1361/2203 271/1345/2194 2/1368/2208
f 271/1345/2194 230/1362/2156 2/1368/2208
f 97/1365/2206 311/1357/2202 31/1367/2207
f 324/1358/2196 3/1346/2195 92/1354/2200
f 31/1367/2207 324/1347/2196 92/1369/2200
f 2/1370/2208 230/1293/2156 268/1336/2188
f 202/1350/2198 154/1363/2204 75/1371/2201
f 28/1305/2166 244/1326/2184 4/1372/2209
f 244/1326/2184 75/1373/2201 4/1372/2209
f 154/1363/2204 97/1365/2206 4/1374/2209
f 147/1344/2193 123/1361/2203 92/1354/2210
f 123/1361/2203 2/1368/2208 1/1375/2211
f 2/1370/2208 268/1336/2188 30/1364/2205
f 75/1373/2201 154/1376/2204 4/1372/2209
f 92/1354/2210 123/1361/2203 1/1375/2211
f 2/1368/2208 30/1377/2205 1/1375/2211
f 31/1378/2207 92/1354/2210 1/1375/2211
f 4/1374/2209 97/1365/2206 31/1367/2207
f 30/1364/2205 28/1366/2166 1/1379/2211
f 4/1374/2209 31/1367/2207 1/1380/2211
f 28/1305/2166 4/1372/2209 1/1381/2211
